#include <ultra64.h>
#include "common.h"

// 32x32 8-bit intensity texture - player shadow?
u8 D_8009CE60_184F20[0x400] = {
	0x00,0x01,0x02,0x03,0x02,0x02,0x00,0x01,0x00,0x00,0x00,0x00,0x00,0x00,0x00,0x00,
	0x00,0x00,0x00,0x00,0x00,0x00,0x00,0x01,0x00,0x00,0x00,0x00,0x00,0x00,0x00,0x00,
	0x00,0x01,0x05,0x08,0x0A,0x08,0x08,0x06,0x07,0x09,0x0D,0x14,0x1B,0x25,0x2B,0x2D,
	0x29,0x23,0x1D,0x19,0x15,0x12,0x0E,0x0B,0x09,0x06,0x05,0x05,0x04,0x05,0x04,0x01,
	0x00,0x03,0x07,0x0B,0x0E,0x15,0x13,0x16,0x19,0x23,0x30,0x3E,0x49,0x51,0x53,0x54,
	0x50,0x4C,0x49,0x44,0x3F,0x39,0x2E,0x24,0x1C,0x15,0x10,0x0B,0x0A,0x07,0x05,0x02,
	0x00,0x02,0x07,0x0E,0x15,0x1F,0x29,0x2E,0x3A,0x49,0x56,0x61,0x6C,0x72,0x77,0x78,
	0x77,0x74,0x6F,0x6B,0x64,0x5D,0x52,0x45,0x36,0x29,0x1F,0x18,0x13,0x0D,0x09,0x05,
	0x00,0x01,0x06,0x10,0x1C,0x29,0x39,0x4B,0x5A,0x6A,0x77,0x82,0x8C,0x94,0x98,0x9A,
	0x9B,0x98,0x93,0x8E,0x87,0x7E,0x70,0x61,0x52,0x40,0x33,0x27,0x1D,0x12,0x0C,0x06,
	0x00,0x02,0x05,0x10,0x22,0x34,0x4C,0x60,0x73,0x86,0x96,0xA4,0xB1,0xBA,0xBF,0xC1,
	0xC1,0xBE,0xB8,0xB2,0xA8,0x9D,0x8D,0x7A,0x6B,0x57,0x47,0x33,0x24,0x15,0x0B,0x07,
	0x00,0x02,0x06,0x12,0x2A,0x41,0x5A,0x75,0x8C,0xA1,0xB6,0xC4,0xD1,0xD9,0xDC,0xDF,
	0xDD,0xDA,0xD7,0xD2,0xC8,0xBA,0xA9,0x95,0x7D,0x68,0x53,0x3E,0x27,0x15,0x09,0x05,
	0x00,0x03,0x0B,0x1B,0x34,0x52,0x6F,0x8A,0xA6,0xBF,0xD3,0xE3,0xEA,0xF0,0xF5,0xF6,
	0xF5,0xF4,0xF1,0xE9,0xE2,0xD6,0xC3,0xAC,0x93,0x7C,0x62,0x48,0x2E,0x16,0x09,0x04,
	0x00,0x06,0x12,0x2A,0x45,0x64,0x85,0xA1,0xBC,0xD7,0xE9,0xF4,0xFB,0xFC,0xFF,0xFF,
	0xFF,0xFF,0xFF,0xFA,0xF5,0xEB,0xDD,0xC5,0xAB,0x8E,0x71,0x55,0x36,0x19,0x07,0x01,
	0x00,0x0A,0x20,0x39,0x57,0x77,0x97,0xB5,0xD2,0xE8,0xF5,0xFD,0xFF,0xFF,0xFF,0xFF,
	0xFF,0xFF,0xFF,0xFF,0xFF,0xF9,0xEE,0xDB,0xC0,0xA2,0x80,0x62,0x42,0x21,0x0A,0x01,
	0x00,0x0C,0x27,0x45,0x66,0x88,0xAA,0xC8,0xE3,0xF4,0xFC,0xFF,0xFF,0xFF,0xFF,0xFF,
	0xFF,0xFF,0xFF,0xFF,0xFF,0xFF,0xF9,0xEC,0xD3,0xB2,0x92,0x71,0x51,0x2D,0x0F,0x01,
	0x00,0x0E,0x2B,0x4D,0x72,0x98,0xB6,0xD7,0xEE,0xFB,0xFF,0xFF,0xFF,0xFF,0xFF,0xFF,
	0xFF,0xFF,0xFF,0xFF,0xFF,0xFF,0xFF,0xF6,0xE1,0xC3,0xA1,0x7E,0x5F,0x3C,0x17,0x01,
	0x00,0x0E,0x2F,0x52,0x7B,0x9F,0xC2,0xE2,0xF6,0xFE,0xFF,0xFF,0xFF,0xFF,0xFF,0xFF,
	0xFF,0xFF,0xFF,0xFF,0xFF,0xFF,0xFF,0xFA,0xE9,0xD0,0xAF,0x8F,0x6B,0x4A,0x20,0x00,
	0x00,0x10,0x32,0x57,0x7D,0xA6,0xCD,0xE9,0xFB,0xFF,0xFF,0xFF,0xFF,0xFF,0xFF,0xFF,
	0xFF,0xFF,0xFF,0xFF,0xFF,0xFF,0xFF,0xFF,0xF3,0xDA,0xBA,0x97,0x75,0x52,0x2A,0x00,
	0x00,0x13,0x36,0x5B,0x81,0xAB,0xD0,0xEC,0xFD,0xFF,0xFF,0xFF,0xFF,0xFF,0xFF,0xFF,
	0xFF,0xFF,0xFF,0xFF,0xFF,0xFF,0xFF,0xFF,0xF6,0xDE,0xC1,0x9E,0x7D,0x59,0x33,0x00,
	0x00,0x18,0x3B,0x5F,0x85,0xAB,0xD2,0xED,0xFE,0xFF,0xFF,0xFF,0xFF,0xFF,0xFF,0xFF,
	0xFF,0xFF,0xFF,0xFF,0xFF,0xFF,0xFF,0xFE,0xF4,0xE0,0xC7,0xA4,0x7F,0x5B,0x36,0x00,
	0x00,0x1B,0x3F,0x62,0x85,0xAD,0xD1,0xEE,0xFC,0xFF,0xFF,0xFF,0xFF,0xFF,0xFF,0xFF,
	0xFF,0xFF,0xFF,0xFF,0xFF,0xFF,0xFF,0xFC,0xF2,0xE0,0xC5,0xA3,0x7D,0x5A,0x32,0x00,
	0x00,0x1F,0x41,0x5F,0x83,0xA7,0xCC,0xE9,0xFB,0xFF,0xFF,0xFF,0xFF,0xFF,0xFF,0xFF,
	0xFF,0xFF,0xFF,0xFF,0xFF,0xFE,0xFD,0xFB,0xED,0xDC,0xC1,0x9F,0x78,0x54,0x2A,0x00,
	0x00,0x21,0x40,0x5E,0x7D,0xA0,0xC6,0xE3,0xF7,0xFF,0xFF,0xFF,0xFF,0xFF,0xFF,0xFF,
	0xFF,0xFF,0xFF,0xFF,0xFE,0xFD,0xFC,0xF7,0xE9,0xD3,0xBA,0x96,0x6F,0x49,0x1D,0x00,
	0x00,0x1E,0x3B,0x57,0x74,0x93,0xBA,0xD9,0xEE,0xFC,0xFF,0xFF,0xFF,0xFF,0xFF,0xFF,
	0xFF,0xFF,0xFF,0xFF,0xFE,0xFC,0xFA,0xF0,0xE2,0xD0,0xB1,0x8C,0x65,0x3C,0x11,0x00,
	0x00,0x17,0x34,0x4E,0x67,0x86,0xA9,0xCA,0xE4,0xF5,0xFD,0xFF,0xFF,0xFF,0xFF,0xFF,
	0xFF,0xFF,0xFF,0xFF,0xFD,0xFA,0xF3,0xE8,0xD7,0xC1,0xA5,0x80,0x5A,0x2F,0x0A,0x00,
	0x00,0x0F,0x29,0x41,0x5B,0x76,0x94,0xB8,0xD4,0xE9,0xF5,0xFC,0xFF,0xFF,0xFF,0xFF,
	0xFF,0xFE,0xFE,0xFB,0xF9,0xF4,0xE9,0xDB,0xCE,0xB8,0x9A,0x74,0x4B,0x22,0x05,0x00,
	0x00,0x09,0x1E,0x35,0x4D,0x66,0x7F,0xA0,0xBA,0xD3,0xE5,0xF0,0xF8,0xFA,0xFE,0xFD,
	0xFD,0xFC,0xFA,0xF6,0xF0,0xE8,0xDC,0xD0,0xC0,0xAB,0x8D,0x67,0x3F,0x19,0x04,0x00,
	0x00,0x05,0x15,0x28,0x3E,0x54,0x71,0x8A,0xA4,0xB8,0xCF,0xDC,0xE4,0xEB,0xF2,0xF2,
	0xF2,0xF1,0xED,0xEA,0xE3,0xD9,0xCC,0xBF,0xB1,0x9A,0x7F,0x5A,0x31,0x13,0x03,0x00,
	0x00,0x03,0x0E,0x1D,0x31,0x45,0x5B,0x70,0x87,0x9D,0xB1,0xC1,0xCF,0xD7,0xDE,0xDF,
	0xDF,0xDF,0xDC,0xD6,0xD0,0xC5,0xBA,0xAC,0x9F,0x88,0x6C,0x4E,0x28,0x0C,0x02,0x00,
	0x00,0x02,0x07,0x14,0x25,0x37,0x48,0x59,0x6A,0x7B,0x8E,0x9F,0xAF,0xBB,0xC2,0xC4,
	0xC8,0xC9,0xC6,0xBF,0xB7,0xAD,0xA1,0x92,0x84,0x70,0x59,0x3E,0x1F,0x0B,0x02,0x00,
	0x00,0x00,0x04,0x0E,0x1C,0x2A,0x35,0x41,0x4D,0x5D,0x6B,0x7C,0x8B,0x96,0xA0,0xA7,
	0xA8,0xAC,0xA8,0xA1,0x98,0x8D,0x81,0x73,0x65,0x55,0x42,0x2C,0x17,0x0A,0x02,0x00,
	0x00,0x01,0x03,0x0A,0x15,0x1E,0x26,0x2C,0x34,0x3D,0x4B,0x59,0x66,0x70,0x79,0x7E,
	0x83,0x84,0x81,0x7A,0x73,0x6A,0x60,0x54,0x48,0x38,0x2A,0x19,0x0E,0x06,0x01,0x00,
	0x00,0x00,0x03,0x09,0x10,0x16,0x19,0x1B,0x1F,0x24,0x2E,0x39,0x40,0x49,0x51,0x56,
	0x5A,0x5B,0x58,0x56,0x4D,0x46,0x3F,0x39,0x2F,0x25,0x1A,0x11,0x09,0x05,0x01,0x00,
	0x00,0x00,0x03,0x07,0x0A,0x0E,0x10,0x10,0x0F,0x13,0x16,0x1A,0x21,0x26,0x2C,0x2F,
	0x32,0x34,0x33,0x30,0x29,0x25,0x22,0x22,0x1D,0x17,0x10,0x0A,0x06,0x03,0x00,0x00,
	0x00,0x00,0x03,0x05,0x06,0x09,0x08,0x07,0x07,0x07,0x06,0x07,0x08,0x0B,0x0C,0x0F,
	0x11,0x12,0x11,0x0E,0x0C,0x0D,0x0F,0x10,0x0F,0x0E,0x09,0x06,0x04,0x03,0x01,0x00,
	0x00,0x00,0x00,0x03,0x05,0x04,0x03,0x02,0x02,0x01,0x01,0x00,0x00,0x00,0x00,0x00,
	0x00,0x00,0x00,0x01,0x01,0x03,0x06,0x07,0x08,0x07,0x05,0x03,0x02,0x01,0x00,0x00
};

// AI - Table of display-list pointers for each player character/vehicle type (indexed by D_800E6A70)
s32 D_8009D260_185320[14] = {
	0x01001B50, 0x010049F0, 0x01004DB0, 0x01004DB0, 0x010054E0, 0x010058C8, 0x01005CC8, 0x010050A0,
	0x01001B50, 0x01006298, 0x0F00F700, 0x0F01DCC0, 0x0F019540, 0x0F00CF58,
};


// AI - Model/vertex data following the character display list table
u8 D_8009D298_185358[0x1230] = {
	0xFF,0xE6,0x00,0xA1,0xFF,0xBA,0x00,0x00,0x00,0x00,0x00,0x00,0x01,0x02,0x00,0x00,
	0xFF,0xF3,0x00,0x00,0x00,0x1F,0x00,0x00,0x00,0x00,0x00,0x00,0xFF,0xFF,0x00,0x00,
	0x00,0x07,0x00,0xDD,0xFF,0xB2,0x00,0x00,0x00,0x00,0x00,0x00,0x01,0x02,0x00,0x00,
	0x00,0x00,0xFF,0xF5,0xFF,0xF1,0x00,0x00,0x00,0x00,0x00,0x00,0xFF,0xFF,0x00,0x00,
	0x00,0x29,0x00,0x9B,0x00,0x28,0x00,0x00,0x00,0x00,0x00,0x00,0xFF,0xFF,0x00,0x00,
	0x00,0x00,0x00,0xD3,0x00,0x06,0x00,0x00,0x00,0x00,0x00,0x00,0xFF,0x01,0x00,0x00,
	0xFF,0xE3,0x00,0xB9,0x00,0x00,0x00,0x00,0x00,0x00,0x00,0x00,0x01,0x03,0x00,0x00,
	0xFF,0xF4,0xFF,0xD7,0xFF,0xF3,0x00,0x00,0x00,0x00,0x00,0x00,0x01,0xFF,0x00,0x00,
	0xFF,0xFE,0xFF,0xE3,0x00,0x18,0x00,0x00,0x00,0x00,0x00,0x00,0xFF,0xFF,0x00,0x00,
	0x00,0x1A,0x00,0xBB,0x00,0x00,0x00,0x00,0x00,0x00,0x00,0x00,0x01,0xFF,0x00,0x00,
	0x00,0x0F,0xFF,0xD8,0xFF,0xF5,0x00,0x00,0x00,0x00,0x00,0x00,0x01,0xFF,0x00,0x00,
	0x00,0x05,0xFF,0xE0,0x00,0x15,0x00,0x00,0x00,0x00,0x00,0x00,0xFF,0xFF,0x00,0x00,
	0xFF,0xFF,0x00,0xBE,0x00,0x10,0x00,0x00,0x00,0x00,0x00,0x00,0xFF,0x01,0x00,0x00,
	0x00,0x10,0x00,0xB2,0x00,0x02,0x00,0x00,0x00,0x00,0x00,0x00,0x01,0xFF,0x00,0x00,
	0x00,0x00,0xFF,0xDF,0x00,0x0D,0x00,0x00,0x00,0x00,0x00,0x00,0x01,0xFF,0x00,0x00,
	0x00,0x00,0x00,0x16,0x00,0x16,0x00,0x00,0x00,0x00,0x00,0x00,0xFF,0xFF,0x00,0x00,
	0x00,0x00,0x00,0xCD,0x00,0x04,0x00,0x00,0x00,0x00,0x00,0x00,0xFF,0x01,0x00,0x00,
	0xFF,0xE3,0x00,0xBD,0xFF,0xFD,0x00,0x00,0x00,0x00,0x00,0x00,0x01,0xFF,0x00,0x00,
	0xFF,0xFA,0xFF,0xDD,0x00,0x04,0x00,0x00,0x00,0x00,0x00,0x00,0x01,0xFF,0x00,0x00,
	0x00,0x09,0xFF,0xFE,0x00,0x25,0x00,0x00,0x00,0x00,0x00,0x00,0xFF,0xFF,0x00,0x00,
	0x00,0x00,0x00,0x92,0xFF,0xE8,0x00,0x00,0x00,0x00,0x00,0x00,0xFF,0x01,0x00,0x00,
	0x00,0x2F,0x00,0x6E,0x00,0x12,0x00,0x00,0x00,0x00,0x00,0x00,0xFF,0xFF,0x00,0x00,
	0x00,0x00,0x00,0xD8,0x00,0x04,0x00,0x00,0x00,0x00,0x00,0x00,0xFF,0xFF,0x00,0x00,
	0xFF,0xFC,0x00,0xE3,0xFF,0xFD,0x00,0x00,0x00,0x00,0x00,0x00,0xFF,0x01,0x00,0x00,
	0xFF,0xDD,0x00,0xC6,0xFF,0xF9,0x00,0x00,0x00,0x00,0x00,0x00,0x01,0x03,0x00,0x00,
	0xFF,0xF0,0xFF,0xE3,0x00,0x05,0x00,0x00,0x00,0x00,0x00,0x00,0x01,0xFF,0x00,0x00,
	0x00,0x00,0x00,0x13,0x00,0x10,0x00,0x00,0x00,0x00,0x00,0x00,0xFF,0xFF,0x00,0x00,
	0x00,0x1A,0x00,0xC8,0xFF,0xF7,0x00,0x00,0x00,0x00,0x00,0x00,0x01,0xFF,0x00,0x00,
	0x00,0x06,0xFF,0xDF,0xFF,0xF8,0x00,0x00,0x00,0x00,0x00,0x00,0x01,0xFF,0x00,0x00,
	0xFF,0xEC,0xFF,0xF0,0x00,0x1D,0x00,0x00,0x00,0x00,0x00,0x00,0xFF,0xFF,0x00,0x00,
	0x00,0x00,0x00,0xC4,0x00,0x02,0x00,0x00,0x00,0x00,0x00,0x00,0x01,0x02,0x00,0x00,
	0xFF,0xFF,0x00,0x10,0x00,0x07,0x00,0x00,0x00,0x00,0x00,0x00,0xFF,0xFF,0x00,0x00,
	0xFF,0xE8,0x00,0xBC,0xFF,0xFF,0x00,0x00,0x00,0x00,0x00,0x00,0x01,0x03,0x00,0x00,
	0xFF,0xF5,0xFF,0xE1,0xFF,0xFC,0x00,0x00,0x00,0x00,0x00,0x00,0x01,0xFF,0x00,0x00,
	0xFF,0xFD,0xFF,0xE0,0x00,0x10,0x00,0x00,0x00,0x00,0x00,0x00,0xFF,0xFF,0x00,0x00,
	0x00,0x19,0x00,0xBD,0x00,0x00,0x00,0x00,0x00,0x00,0x00,0x00,0x01,0xFF,0x00,0x00,
	0x00,0x08,0xFF,0xDE,0xFF,0xFE,0x00,0x00,0x00,0x00,0x00,0x00,0x01,0xFF,0x00,0x00,
	0x00,0x07,0xFF,0xFF,0x00,0x1A,0x00,0x00,0x00,0x00,0x00,0x00,0xFF,0xFF,0x00,0x00,
	0xFF,0xFC,0x00,0xCE,0xFF,0xFB,0x00,0x00,0x00,0x00,0x00,0x00,0x01,0x02,0x00,0x00,
	0x00,0x00,0x00,0x12,0x00,0x08,0x00,0x00,0x00,0x00,0x00,0x00,0xFF,0xFF,0x00,0x00,
	0x00,0x0F,0x00,0xC0,0xFF,0xF9,0x00,0x00,0x00,0x00,0x00,0x00,0x01,0x02,0x00,0x00,
	0x00,0x0B,0xFF,0xDC,0xFF,0xF5,0x00,0x00,0x00,0x00,0x00,0x00,0xFF,0xFF,0x00,0x00,
	0xFF,0xE5,0x00,0xBF,0xFF,0xF8,0x00,0x00,0x00,0x00,0x00,0x00,0x01,0xFF,0x00,0x00,
	0xFF,0xF3,0xFF,0xDA,0xFF,0xF4,0x00,0x00,0x00,0x00,0x00,0x00,0xFF,0xFF,0x00,0x00,
	0x00,0x00,0x00,0x81,0x00,0x01,0x00,0x00,0x00,0x00,0x00,0x00,0x01,0xFF,0x00,0x00,
	0x00,0x00,0x00,0x0B,0x00,0x0D,0x00,0x00,0x00,0x00,0x00,0x00,0xFF,0xFF,0x00,0x00,
	0x00,0x03,0x00,0xA7,0xFF,0xE0,0x00,0x00,0x00,0x00,0x00,0x00,0xFF,0x01,0x00,0x00,
	0x00,0x1F,0x00,0x8A,0xFF,0xD6,0x00,0x00,0x00,0x00,0x00,0x00,0x01,0x03,0x00,0x00,
	0x00,0x00,0xFF,0xDF,0x00,0x0A,0x00,0x00,0x00,0x00,0x00,0x00,0x01,0xFF,0x00,0x00,
	0x00,0x00,0x00,0x00,0x00,0x1E,0x00,0x00,0x00,0x00,0x00,0x00,0xFF,0xFF,0x00,0x00,
	0xFF,0xEB,0x00,0x8A,0xFF,0xDB,0x00,0x00,0x00,0x00,0x00,0x00,0x01,0x03,0x00,0x00,
	0x00,0x00,0xFF,0xDF,0x00,0x0A,0x00,0x00,0x00,0x00,0x00,0x00,0x01,0xFF,0x00,0x00,
	0x00,0x00,0x00,0x00,0x00,0x1E,0x00,0x00,0x00,0x00,0x00,0x00,0xFF,0xFF,0x00,0x00,
	0x00,0x1F,0x00,0x99,0xFF,0xDA,0x00,0x00,0x00,0x00,0x00,0x00,0x01,0xFF,0x00,0x00,
	0x00,0x00,0x00,0x13,0x00,0x0B,0x00,0x00,0x00,0x00,0x00,0x00,0xFF,0xFF,0x00,0x00,
	0x00,0x00,0x00,0x98,0xFF,0xE9,0x00,0x00,0x00,0x00,0x00,0x00,0x01,0xFF,0x00,0x00,
	0x00,0x00,0x00,0x0D,0x00,0x08,0x00,0x00,0x00,0x00,0x00,0x00,0xFF,0xFF,0x00,0x00,
	0x00,0x00,0x00,0x7B,0x00,0x21,0x00,0x00,0x00,0x00,0x00,0x00,0xFF,0x01,0x00,0x00,
	0x00,0x00,0x00,0x57,0x00,0x25,0x00,0x00,0x00,0x00,0x00,0x00,0xFF,0xFF,0x00,0x00,
	0xFF,0xB5,0x00,0x5F,0x00,0x0A,0x00,0x00,0x00,0x00,0x00,0x00,0xFF,0x01,0x00,0x00,
	0x00,0x36,0x00,0x72,0xFF,0xF8,0x00,0x00,0x00,0x00,0x00,0x00,0x01,0x02,0x00,0x00,
	0xFF,0xF9,0x00,0x32,0x00,0x07,0x00,0x00,0x00,0x00,0x00,0x00,0xFF,0xFF,0x00,0x00,
	0x00,0x11,0x00,0xA8,0xFF,0xD7,0x00,0x00,0x00,0x00,0x00,0x00,0x01,0xFF,0x00,0x00,
	0x00,0x09,0x00,0x10,0x00,0x10,0x00,0x00,0x00,0x00,0x00,0x00,0xFF,0xFF,0x00,0x00,
	0xFF,0xD9,0x00,0xC5,0x00,0x00,0x00,0x00,0x00,0x00,0x00,0x00,0x01,0x03,0x00,0x00,
	0xFF,0xF4,0xFF,0xD7,0xFF,0xF3,0x00,0x00,0x00,0x00,0x00,0x00,0x01,0xFF,0x00,0x00,
	0x00,0x06,0x00,0x16,0x00,0x1F,0x00,0x00,0x00,0x00,0x00,0x00,0xFF,0xFF,0x00,0x00,
	0xFF,0xFC,0x00,0xE2,0x00,0x02,0x00,0x00,0x00,0x00,0x00,0x00,0xFF,0xFF,0x00,0x00,
	0x00,0x00,0x00,0xE8,0xFF,0xFD,0x00,0x00,0x00,0x00,0x00,0x00,0xFF,0xFF,0x00,0x00,
	0xFF,0xEF,0x00,0xC7,0x00,0x01,0x00,0x00,0x00,0x00,0x00,0x00,0x01,0x02,0x00,0x00,
	0x00,0x00,0x00,0x0E,0x00,0x02,0x00,0x00,0x00,0x00,0x00,0x00,0xFF,0xFF,0x00,0x00,
	0x00,0x0A,0x00,0xBA,0xFF,0xFE,0x00,0x00,0x00,0x00,0x00,0x00,0x01,0xFF,0x00,0x00,
	0x00,0x1E,0xFF,0xC8,0x00,0x03,0x00,0x00,0x00,0x00,0x00,0x00,0xFF,0xFF,0x00,0x00,
	0xFF,0xFE,0x00,0x73,0x00,0x01,0x00,0x00,0x00,0x00,0x00,0x00,0xFF,0x01,0x00,0x00,
	0x00,0x1E,0x00,0x58,0xFF,0xF6,0x00,0x00,0x00,0x00,0x00,0x00,0xFF,0xFF,0x00,0x00,
	0x00,0x00,0x00,0xDF,0x00,0x00,0x00,0x00,0x00,0x00,0x00,0x00,0xFF,0xFF,0x00,0x00,
	0x00,0x19,0x00,0xAB,0x00,0x00,0x00,0x00,0x00,0x00,0x00,0x00,0x01,0x02,0x00,0x00,
	0x00,0x0B,0xFF,0xE2,0xFF,0xF1,0x00,0x00,0x00,0x00,0x00,0x00,0xFF,0xFF,0x00,0x00,
	0x00,0x00,0x00,0xB2,0x00,0x0E,0x00,0x00,0x00,0x00,0x00,0x00,0xFF,0xFF,0x00,0x00,
	0x00,0x0D,0x00,0xBB,0xFF,0xF9,0x00,0x00,0x00,0x00,0x00,0x00,0x01,0x02,0x00,0x00,
	0x00,0x0A,0xFF,0xDD,0xFF,0xF6,0x00,0x00,0x00,0x00,0x00,0x00,0xFF,0xFF,0x00,0x00,
	0xFF,0xE7,0x00,0xBA,0xFF,0xF8,0x00,0x00,0x00,0x00,0x00,0x00,0x01,0x02,0x00,0x00,
	0xFF,0xF3,0xFF,0xDB,0xFF,0xF5,0x00,0x00,0x00,0x00,0x00,0x00,0xFF,0xFF,0x00,0x00,
	0xFF,0xFB,0x00,0xC7,0xFF,0xFC,0x00,0x00,0x00,0x00,0x00,0x00,0x01,0xFF,0x00,0x00,
	0x00,0x00,0x00,0x0D,0x00,0x06,0x00,0x00,0x00,0x00,0x00,0x00,0xFF,0xFF,0x00,0x00,
	0x00,0x01,0x00,0x08,0xFF,0xFB,0x00,0x00,0x00,0x00,0x00,0x00,0x01,0xFF,0x00,0x00,
	0xFF,0xFF,0x00,0x2B,0xFF,0xF9,0x00,0x00,0x00,0x00,0x00,0x00,0x01,0x03,0x00,0x00,
	0x00,0x00,0x00,0x0B,0x00,0x08,0x00,0x00,0x00,0x00,0x00,0x00,0x01,0xFF,0x00,0x00,
	0x00,0x00,0x00,0x01,0xFF,0xF0,0x00,0x00,0x00,0x00,0x00,0x00,0xFF,0xFF,0x00,0x00,
	0x00,0x0E,0x00,0x23,0xFF,0xF6,0x00,0x00,0x00,0x00,0x00,0x00,0x01,0x03,0x00,0x00,
	0x00,0x12,0xFF,0xE8,0xFF,0xFF,0x00,0x00,0x00,0x00,0x00,0x00,0x01,0xFF,0x00,0x00,
	0x00,0x13,0xFF,0xE1,0x00,0x10,0x00,0x00,0x00,0x00,0x00,0x00,0xFF,0xFF,0x00,0x00,
	0xFF,0xF2,0x00,0x22,0xFF,0xF7,0x00,0x00,0x00,0x00,0x00,0x00,0x01,0xFF,0x00,0x00,
	0xFF,0xED,0xFF,0xE9,0x00,0x02,0x00,0x00,0x00,0x00,0x00,0x00,0x01,0xFF,0x00,0x00,
	0xFF,0xF5,0xFF,0xED,0x00,0x0C,0x00,0x00,0x00,0x00,0x00,0x00,0xFF,0xFF,0x00,0x00,
	0x00,0x17,0x00,0x9B,0x00,0x04,0x00,0x00,0x00,0x00,0x00,0x00,0xFF,0x01,0x00,0x00,
	0xFF,0xFD,0x00,0xAC,0x00,0x06,0x00,0x00,0x00,0x00,0x00,0x00,0x01,0xFF,0x00,0x00,
	0x00,0x00,0x00,0x0F,0x00,0x00,0x00,0x00,0x00,0x00,0x00,0x00,0xFF,0xFF,0x00,0x00,
	0xFF,0xFC,0x00,0xCA,0xFF,0xFF,0x00,0x00,0x00,0x00,0x00,0x00,0x01,0x02,0x00,0x00,
	0x00,0x00,0x00,0x10,0x00,0x07,0x00,0x00,0x00,0x00,0x00,0x00,0xFF,0xFF,0x00,0x00,
	0x00,0x0E,0x00,0xBD,0xFF,0xFA,0x00,0x00,0x00,0x00,0x00,0x00,0x01,0x02,0x00,0x00,
	0x00,0x0E,0xFF,0xDE,0x00,0x01,0x00,0x00,0x00,0x00,0x00,0x00,0xFF,0xFF,0x00,0x00,
	0xFF,0xE6,0x00,0xBD,0xFF,0xFC,0x00,0x00,0x00,0x00,0x00,0x00,0x01,0xFF,0x00,0x00,
	0xFF,0xF3,0xFF,0xDD,0x00,0x00,0x00,0x00,0x00,0x00,0x00,0x00,0xFF,0xFF,0x00,0x00,
	0xFF,0xF6,0x00,0xA7,0x00,0x3A,0x00,0x00,0x00,0x00,0x00,0x00,0xFF,0x01,0x00,0x00,
	0x00,0x0D,0x00,0xD9,0x00,0x19,0x00,0x00,0x00,0x00,0x00,0x00,0x01,0x03,0x00,0x00,
	0x00,0x00,0x00,0x00,0xFF,0xD8,0x00,0x00,0x00,0x00,0x00,0x00,0x01,0xFF,0x00,0x00,
	0xFF,0xFC,0xFF,0xDA,0x00,0x00,0x00,0x00,0x00,0x00,0x00,0x00,0xFF,0xFF,0x00,0x00,
	0xFF,0xF5,0x00,0xDA,0x00,0x29,0x00,0x00,0x00,0x00,0x00,0x00,0x01,0xFF,0x00,0x00,
	0x00,0x00,0x00,0x09,0x00,0x0B,0x00,0x00,0x00,0x00,0x00,0x00,0xFF,0xFF,0x00,0x00,
	0x00,0x02,0x00,0xD5,0xFF,0xFA,0x00,0x00,0x00,0x00,0x00,0x00,0x01,0x02,0x00,0x00,
	0xFF,0xFE,0x00,0x10,0x00,0x01,0x00,0x00,0x00,0x00,0x00,0x00,0xFF,0xFF,0x00,0x00,
	0xFF,0xE1,0x00,0xC4,0xFF,0xF4,0x00,0x00,0x00,0x00,0x00,0x00,0x01,0x03,0x00,0x00,
	0xFF,0xF3,0xFF,0xE3,0xFF,0xFE,0x00,0x00,0x00,0x00,0x00,0x00,0x01,0xFF,0x00,0x00,
	0x00,0x11,0xFF,0xF1,0x00,0x1D,0x00,0x00,0x00,0x00,0x00,0x00,0xFF,0xFF,0x00,0x00,
	0x00,0x19,0x00,0xC6,0xFF,0xF5,0x00,0x00,0x00,0x00,0x00,0x00,0x01,0xFF,0x00,0x00,
	0x00,0x12,0xFF,0xDF,0xFF,0xFF,0x00,0x00,0x00,0x00,0x00,0x00,0x01,0xFF,0x00,0x00,
	0xFF,0xE2,0xFF,0xEF,0x00,0x1D,0x00,0x00,0x00,0x00,0x00,0x00,0xFF,0xFF,0x00,0x00,
	0xFF,0xE3,0x00,0xAA,0x00,0x00,0x00,0x00,0x00,0x00,0x00,0x00,0x01,0x03,0x00,0x00,
	0xFF,0xEF,0xFF,0xD8,0xFF,0xF3,0x00,0x00,0x00,0x00,0x00,0x00,0x01,0xFF,0x00,0x00,
	0xFF,0xFD,0xFF,0xE9,0x00,0x16,0x00,0x00,0x00,0x00,0x00,0x00,0xFF,0xFF,0x00,0x00,
	0x00,0x00,0x00,0xB8,0xFF,0xFF,0x00,0x00,0x00,0x00,0x00,0x00,0x01,0xFF,0x00,0x00,
	0x00,0x00,0x00,0x0D,0x00,0x02,0x00,0x00,0x00,0x00,0x00,0x00,0xFF,0xFF,0x00,0x00,
	0x00,0x00,0x00,0xC3,0xFF,0xF9,0x00,0x00,0x00,0x00,0x00,0x00,0x01,0x02,0x00,0x00,
	0x00,0x00,0x00,0x0E,0x00,0x01,0x00,0x00,0x00,0x00,0x00,0x00,0xFF,0xFF,0x00,0x00,
	0xFF,0xE0,0x00,0xB3,0xFF,0xF2,0x00,0x00,0x00,0x00,0x00,0x00,0x01,0xFF,0x00,0x00,
	0xFF,0xF8,0xFF,0xE1,0x00,0x03,0x00,0x00,0x00,0x00,0x00,0x00,0x01,0xFF,0x00,0x00,
	0x00,0x15,0xFF,0xEE,0x00,0x1F,0x00,0x00,0x00,0x00,0x00,0x00,0xFF,0xFF,0x00,0x00,
	0x00,0x00,0x00,0xC7,0x00,0x00,0x00,0x00,0x00,0x00,0x00,0x00,0x01,0x02,0x00,0x00,
	0x00,0x00,0x00,0x13,0x00,0x06,0x00,0x00,0x00,0x00,0x00,0x00,0xFF,0xFF,0x00,0x00,
	0xFF,0xEC,0x00,0xBC,0xFF,0xF9,0x00,0x00,0x00,0x00,0x00,0x00,0x01,0x03,0x00,0x00,
	0xFF,0xF6,0xFF,0xE1,0xFF,0xF5,0x00,0x00,0x00,0x00,0x00,0x00,0x01,0xFF,0x00,0x00,
	0xFF,0xFE,0xFF,0xE1,0x00,0x0E,0x00,0x00,0x00,0x00,0x00,0x00,0xFF,0xFF,0x00,0x00,
	0x00,0x14,0x00,0xBD,0xFF,0xF6,0x00,0x00,0x00,0x00,0x00,0x00,0x01,0xFF,0x00,0x00,
	0x00,0x08,0xFF,0xE1,0xFF,0xF7,0x00,0x00,0x00,0x00,0x00,0x00,0x01,0xFF,0x00,0x00,
	0x00,0x03,0xFF,0xE4,0x00,0x10,0x00,0x00,0x00,0x00,0x00,0x00,0xFF,0xFF,0x00,0x00,
	0x00,0x0B,0x00,0x61,0xFF,0xFE,0x00,0x00,0x00,0x00,0x00,0x00,0x01,0x02,0x00,0x00,
	0x00,0x11,0xFF,0xE3,0x00,0x0F,0x00,0x00,0x00,0x00,0x00,0x00,0xFF,0xFF,0x00,0x00,
	0xFF,0xF2,0x00,0x61,0xFF,0xFD,0x00,0x00,0x00,0x00,0x00,0x00,0x01,0x02,0x00,0x00,
	0xFF,0xF5,0xFF,0xE1,0x00,0x0D,0x00,0x00,0x00,0x00,0x00,0x00,0xFF,0xFF,0x00,0x00,
	0xFF,0xFF,0x00,0x68,0xFF,0xFE,0x00,0x00,0x00,0x00,0x00,0x00,0x01,0xFF,0x00,0x00,
	0x00,0x00,0x00,0x10,0x00,0x00,0x00,0x00,0x00,0x00,0x00,0x00,0xFF,0xFF,0x00,0x00,
	0x00,0x00,0x00,0xCF,0xFF,0xFA,0x00,0x00,0x00,0x00,0x00,0x00,0x01,0x02,0x00,0x00,
	0x00,0x00,0x00,0x0E,0x00,0x00,0x00,0x00,0x00,0x00,0x00,0x00,0xFF,0xFF,0x00,0x00,
	0x00,0x13,0x00,0xC5,0xFF,0xF6,0x00,0x00,0x00,0x00,0x00,0x00,0x01,0x03,0x00,0x00,
	0x00,0x0A,0xFF,0xDC,0xFF,0xF7,0x00,0x00,0x00,0x00,0x00,0x00,0x01,0xFF,0x00,0x00,
	0x00,0x03,0xFF,0xE3,0x00,0x10,0x00,0x00,0x00,0x00,0x00,0x00,0xFF,0xFF,0x00,0x00,
	0xFF,0xEC,0x00,0xC5,0xFF,0xF6,0x00,0x00,0x00,0x00,0x00,0x00,0x01,0xFF,0x00,0x00,
	0xFF,0xF3,0xFF,0xDC,0xFF,0xF7,0x00,0x00,0x00,0x00,0x00,0x00,0x01,0xFF,0x00,0x00,
	0xFF,0xFC,0xFF,0xE1,0x00,0x0F,0x00,0x00,0x00,0x00,0x00,0x00,0xFF,0xFF,0x00,0x00,
	0x00,0x00,0x00,0xB8,0xFF,0xFF,0x00,0x00,0x00,0x00,0x00,0x00,0x01,0x02,0x00,0x00,
	0x00,0x00,0x00,0x0A,0x00,0x07,0x00,0x00,0x00,0x00,0x00,0x00,0xFF,0xFF,0x00,0x00,
	0xFF,0xE3,0x00,0xAA,0x00,0x00,0x00,0x00,0x00,0x00,0x00,0x00,0x01,0x03,0x00,0x00,
	0xFF,0xEF,0xFF,0xD8,0xFF,0xF3,0x00,0x00,0x00,0x00,0x00,0x00,0x01,0xFF,0x00,0x00,
	0xFF,0xFB,0xFF,0xE9,0x00,0x19,0x00,0x00,0x00,0x00,0x00,0x00,0xFF,0xFF,0x00,0x00,
	0x00,0x1B,0x00,0xA8,0x00,0x00,0x00,0x00,0x00,0x00,0x00,0x00,0x01,0xFF,0x00,0x00,
	0x00,0x15,0xFF,0xDC,0xFF,0xF7,0x00,0x00,0x00,0x00,0x00,0x00,0x01,0xFF,0x00,0x00,
	0x00,0x03,0xFF,0xE8,0x00,0x18,0x00,0x00,0x00,0x00,0x00,0x00,0xFF,0xFF,0x00,0x00,
	0x00,0x00,0x00,0xAD,0xFF,0xF9,0x00,0x00,0x00,0x00,0x00,0x00,0x01,0x02,0x00,0x00,
	0x00,0x00,0x00,0x0E,0x00,0x05,0x00,0x00,0x00,0x00,0x00,0x00,0xFF,0xFF,0x00,0x00,
	0x00,0x0D,0x00,0xA5,0xFF,0xF7,0x00,0x00,0x00,0x00,0x00,0x00,0x01,0xFF,0x00,0x00,
	0x00,0x06,0xFF,0xE4,0x00,0x00,0x00,0x00,0x00,0x00,0x00,0x00,0x01,0xFF,0x00,0x00,
	0x00,0x08,0xFF,0xDE,0x00,0x0E,0x00,0x00,0x00,0x00,0x00,0x00,0xFF,0xFF,0x00,0x00,
	0x00,0x00,0x00,0xB7,0xFF,0xFB,0x00,0x00,0x00,0x00,0x00,0x00,0x01,0x02,0x00,0x00,
	0x00,0x00,0x00,0x12,0x00,0x06,0x00,0x00,0x00,0x00,0x00,0x00,0xFF,0xFF,0x00,0x00,
	0xFF,0xF0,0x00,0xAE,0xFF,0xF9,0x00,0x00,0x00,0x00,0x00,0x00,0x01,0x03,0x00,0x00,
	0xFF,0xFC,0xFF,0xE3,0xFF,0xFC,0x00,0x00,0x00,0x00,0x00,0x00,0x01,0xFF,0x00,0x00,
	0xFF,0xFC,0xFF,0xE4,0x00,0x09,0x00,0x00,0x00,0x00,0x00,0x00,0xFF,0xFF,0x00,0x00,
	0x00,0x0D,0x00,0xAF,0xFF,0xF7,0x00,0x00,0x00,0x00,0x00,0x00,0x01,0xFF,0x00,0x00,
	0x00,0x08,0xFF,0xE2,0xFF,0xFE,0x00,0x00,0x00,0x00,0x00,0x00,0x01,0xFF,0x00,0x00,
	0x00,0x04,0xFF,0xE4,0x00,0x08,0x00,0x00,0x00,0x00,0x00,0x00,0xFF,0xFF,0x00,0x00,
	0xFF,0xFD,0x00,0xC6,0x00,0x0D,0x00,0x00,0x00,0x00,0x00,0x00,0x01,0x02,0x00,0x00,
	0x00,0x00,0x00,0x0D,0x00,0x0B,0x00,0x00,0x00,0x00,0x00,0x00,0xFF,0xFF,0x00,0x00,
	0x00,0x12,0x00,0xB6,0x00,0x09,0x00,0x00,0x00,0x00,0x00,0x00,0x01,0x02,0x00,0x00,
	0x00,0x08,0xFF,0xE4,0xFF,0xF1,0x00,0x00,0x00,0x00,0x00,0x00,0xFF,0xFF,0x00,0x00,
	0xFF,0xE6,0x00,0xB8,0x00,0x0A,0x00,0x00,0x00,0x00,0x00,0x00,0x01,0xFF,0x00,0x00,
	0xFF,0xF1,0xFF,0xE2,0xFF,0xF0,0x00,0x00,0x00,0x00,0x00,0x00,0xFF,0xFF,0x00,0x00,
	0x00,0x02,0x00,0xD2,0xFF,0xF4,0x00,0x00,0x00,0x00,0x00,0x00,0x01,0x02,0x00,0x00,
	0xFF,0xFF,0x00,0x10,0x00,0x02,0x00,0x00,0x00,0x00,0x00,0x00,0xFF,0xFF,0x00,0x00,
	0xFF,0xE7,0x00,0xCA,0xFF,0xEF,0x00,0x00,0x00,0x00,0x00,0x00,0x01,0x03,0x00,0x00,
	0xFF,0xF0,0xFF,0xE0,0x00,0x00,0x00,0x00,0x00,0x00,0x00,0x00,0x01,0xFF,0x00,0x00,
	0x00,0x0E,0xFF,0xEF,0x00,0x1C,0x00,0x00,0x00,0x00,0x00,0x00,0xFF,0xFF,0x00,0x00,
	0x00,0x15,0x00,0xC6,0xFF,0xF0,0x00,0x00,0x00,0x00,0x00,0x00,0x01,0xFF,0x00,0x00,
	0x00,0x0E,0xFF,0xE0,0x00,0x02,0x00,0x00,0x00,0x00,0x00,0x00,0x01,0xFF,0x00,0x00,
	0xFF,0xE9,0xFF,0xEF,0x00,0x1B,0x00,0x00,0x00,0x00,0x00,0x00,0xFF,0xFF,0x00,0x00,
	0x00,0x00,0x00,0x66,0xFF,0xF7,0x00,0x00,0x00,0x00,0x00,0x00,0x01,0x02,0x00,0x00,
	0x00,0x00,0x00,0x0D,0x00,0x05,0x00,0x00,0x00,0x00,0x00,0x00,0xFF,0xFF,0x00,0x00,
	0xFF,0xE8,0x00,0x5E,0xFF,0xF6,0x00,0x00,0x00,0x00,0x00,0x00,0x01,0xFF,0x00,0x00,
	0xFF,0xF6,0xFF,0xEA,0x00,0x1A,0x00,0x00,0x00,0x00,0x00,0x00,0x01,0xFF,0x00,0x00,
	0xFF,0xFD,0x00,0x14,0x00,0x1E,0x00,0x00,0x00,0x00,0x00,0x00,0xFF,0xFF,0x00,0x00,
	0xFF,0xE3,0x00,0xA9,0x00,0x04,0x00,0x00,0x00,0x00,0x00,0x00,0x01,0x03,0x00,0x00,
	0xFF,0xF7,0xFF,0xD5,0xFF,0xF4,0x00,0x00,0x00,0x00,0x00,0x00,0x01,0xFF,0x00,0x00,
	0x00,0x00,0xFF,0xE9,0x00,0x16,0x00,0x00,0x00,0x00,0x00,0x00,0xFF,0xFF,0x00,0x00,
	0x00,0x1F,0x00,0xAA,0x00,0x04,0x00,0x00,0x00,0x00,0x00,0x00,0x01,0x03,0x00,0x00,
	0x00,0x0B,0xFF,0xD6,0xFF,0xF3,0x00,0x00,0x00,0x00,0x00,0x00,0x01,0xFF,0x00,0x00,
	0x00,0x00,0xFF,0xE9,0x00,0x16,0x00,0x00,0x00,0x00,0x00,0x00,0xFF,0xFF,0x00,0x00,
	0x00,0x00,0x00,0xB8,0xFF,0xFF,0x00,0x00,0x00,0x00,0x00,0x00,0x01,0xFF,0x00,0x00,
	0x00,0x00,0x00,0x0D,0x00,0x02,0x00,0x00,0x00,0x00,0x00,0x00,0xFF,0xFF,0x00,0x00,
	0x00,0x02,0x00,0x5A,0xFF,0xCC,0x00,0x00,0x00,0x00,0x00,0x00,0x01,0x02,0x00,0x00,
	0x00,0x00,0x00,0x08,0x00,0x08,0x00,0x00,0x00,0x00,0x00,0x00,0xFF,0xFF,0x00,0x00,
	0xFF,0xEA,0x00,0x4F,0xFF,0xC1,0x00,0x00,0x00,0x00,0x00,0x00,0x01,0xFF,0x00,0x00,
	0xFF,0xF5,0xFF,0xDE,0x00,0x04,0x00,0x00,0x00,0x00,0x00,0x00,0x01,0xFF,0x00,0x00,
	0x00,0x00,0xFF,0xE1,0x00,0x1B,0x00,0x00,0x00,0x00,0x00,0x00,0xFF,0xFF,0x00,0x00,
	0x00,0x00,0x00,0xC7,0x00,0x00,0x00,0x00,0x00,0x00,0x00,0x00,0x01,0x02,0x00,0x00,
	0x00,0x00,0x00,0x11,0x00,0x06,0x00,0x00,0x00,0x00,0x00,0x00,0xFF,0xFF,0x00,0x00,
	0xFF,0xEC,0x00,0xBC,0xFF,0xF9,0x00,0x00,0x00,0x00,0x00,0x00,0x01,0x03,0x00,0x00,
	0xFF,0xF6,0xFF,0xE1,0xFF,0xF5,0x00,0x00,0x00,0x00,0x00,0x00,0x01,0xFF,0x00,0x00,
	0xFF,0xFE,0xFF,0xE1,0x00,0x0E,0x00,0x00,0x00,0x00,0x00,0x00,0xFF,0xFF,0x00,0x00,
	0x00,0x14,0x00,0xBD,0xFF,0xF6,0x00,0x00,0x00,0x00,0x00,0x00,0x01,0xFF,0x00,0x00,
	0x00,0x08,0xFF,0xE1,0xFF,0xF7,0x00,0x00,0x00,0x00,0x00,0x00,0x01,0xFF,0x00,0x00,
	0x00,0x03,0xFF,0xE4,0x00,0x10,0x00,0x00,0x00,0x00,0x00,0x00,0xFF,0xFF,0x00,0x00,
	0xFF,0xFD,0x00,0xD5,0xFF,0xF9,0x00,0x00,0x00,0x00,0x00,0x00,0x01,0x02,0x00,0x00,
	0x00,0x00,0x00,0x0F,0x00,0x03,0x00,0x00,0x00,0x00,0x00,0x00,0xFF,0xFF,0x00,0x00,
	0x00,0x12,0x00,0xC9,0xFF,0xF8,0x00,0x00,0x00,0x00,0x00,0x00,0x01,0x03,0x00,0x00,
	0x00,0x14,0xFF,0xD7,0xFF,0xF8,0x00,0x00,0x00,0x00,0x00,0x00,0x01,0xFF,0x00,0x00,
	0x00,0x02,0xFF,0xE9,0x00,0x17,0x00,0x00,0x00,0x00,0x00,0x00,0xFF,0xFF,0x00,0x00,
	0xFF,0xDF,0x00,0xC6,0xFF,0xF8,0x00,0x00,0x00,0x00,0x00,0x00,0x01,0xFF,0x00,0x00,
	0xFF,0xF1,0xFF,0xD9,0xFF,0xF6,0x00,0x00,0x00,0x00,0x00,0x00,0x01,0xFF,0x00,0x00,
	0xFF,0xFE,0xFF,0xEA,0x00,0x19,0x00,0x00,0x00,0x00,0x00,0x00,0xFF,0xFF,0x00,0x00,
	0x00,0x00,0x00,0xBC,0xFF,0xF9,0x00,0x00,0x00,0x00,0x00,0x00,0x01,0x02,0x00,0x00,
	0x00,0x00,0x00,0x10,0x00,0x00,0x00,0x00,0x00,0x00,0x00,0x00,0xFF,0xFF,0x00,0x00,
	0xFF,0xEA,0x00,0xAD,0xFF,0xF2,0x00,0x00,0x00,0x00,0x00,0x00,0x01,0x03,0x00,0x00,
	0xFF,0xF0,0xFF,0xDF,0x00,0x01,0x00,0x00,0x00,0x00,0x00,0x00,0x01,0xFF,0x00,0x00,
	0x00,0x13,0xFF,0xED,0x00,0x1D,0x00,0x00,0x00,0x00,0x00,0x00,0xFF,0xFF,0x00,0x00,
	0x00,0x19,0x00,0xAD,0xFF,0xF2,0x00,0x00,0x00,0x00,0x00,0x00,0x01,0xFF,0x00,0x00,
	0x00,0x0E,0xFF,0xDE,0x00,0x03,0x00,0x00,0x00,0x00,0x00,0x00,0x01,0xFF,0x00,0x00,
	0xFF,0xED,0xFF,0xEF,0x00,0x1C,0x00,0x00,0x00,0x00,0x00,0x00,0xFF,0xFF,0x00,0x00,
	0x00,0x00,0x00,0xBC,0xFF,0xF9,0x00,0x00,0x00,0x00,0x00,0x00,0x01,0x02,0x00,0x00,
	0x00,0x00,0x00,0x10,0x00,0x00,0x00,0x00,0x00,0x00,0x00,0x00,0xFF,0xFF,0x00,0x00,
	0xFF,0xEA,0x00,0xAD,0xFF,0xF2,0x00,0x00,0x00,0x00,0x00,0x00,0x01,0x03,0x00,0x00,
	0xFF,0xF0,0xFF,0xDF,0x00,0x01,0x00,0x00,0x00,0x00,0x00,0x00,0x01,0xFF,0x00,0x00,
	0x00,0x13,0xFF,0xED,0x00,0x1D,0x00,0x00,0x00,0x00,0x00,0x00,0xFF,0xFF,0x00,0x00,
	0x00,0x19,0x00,0xAD,0xFF,0xF2,0x00,0x00,0x00,0x00,0x00,0x00,0x01,0xFF,0x00,0x00,
	0x00,0x0E,0xFF,0xDE,0x00,0x03,0x00,0x00,0x00,0x00,0x00,0x00,0x01,0xFF,0x00,0x00,
	0xFF,0xED,0xFF,0xEF,0x00,0x1C,0x00,0x00,0x00,0x00,0x00,0x00,0xFF,0xFF,0x00,0x00,
	0x00,0x00,0x00,0xC0,0xFF,0xFF,0x00,0x00,0x00,0x00,0x00,0x00,0x01,0x02,0x00,0x00,
	0x00,0x00,0x00,0x10,0x00,0x03,0x00,0x00,0x00,0x00,0x00,0x00,0xFF,0xFF,0x00,0x00,
	0xFF,0xE3,0x00,0xB4,0xFF,0xFD,0x00,0x00,0x00,0x00,0x00,0x00,0x01,0x03,0x00,0x00,
	0xFF,0xF2,0xFF,0xDD,0xFF,0xFB,0x00,0x00,0x00,0x00,0x00,0x00,0x01,0xFF,0x00,0x00,
	0xFF,0xFB,0xFF,0xE4,0x00,0x0D,0x00,0x00,0x00,0x00,0x00,0x00,0xFF,0xFF,0x00,0x00,
	0x00,0x22,0x00,0xB6,0xFF,0xFB,0x00,0x00,0x00,0x00,0x00,0x00,0x01,0xFF,0x00,0x00,
	0x00,0x0D,0xFF,0xDC,0xFF,0xFF,0x00,0x00,0x00,0x00,0x00,0x00,0x01,0xFF,0x00,0x00,
	0x00,0x02,0xFF,0xE5,0x00,0x0C,0x00,0x00,0x00,0x00,0x00,0x00,0xFF,0xFF,0x00,0x00,
	0x00,0x04,0x00,0x8C,0x00,0x18,0x00,0x00,0x00,0x00,0x00,0x00,0x01,0x02,0x00,0x00,
	0x00,0x00,0x00,0x02,0x00,0x0D,0x00,0x00,0x00,0x00,0x00,0x00,0xFF,0xFF,0x00,0x00,
	0xFF,0xF2,0x00,0x50,0x00,0x2A,0x00,0x00,0x00,0x00,0x00,0x00,0xFF,0x01,0x00,0x00,
	0x00,0x1F,0x00,0x82,0x00,0x0B,0x00,0x00,0x00,0x00,0x00,0x00,0x01,0xFF,0x00,0x00,
	0x00,0x10,0xFF,0xE0,0xFF,0xFB,0x00,0x00,0x00,0x00,0x00,0x00,0x01,0xFF,0x00,0x00,
	0xFF,0xFE,0xFF,0xF5,0x00,0x22,0x00,0x00,0x00,0x00,0x00,0x00,0xFF,0xFF,0x00,0x00,
	0x00,0x02,0x00,0xBF,0xFF,0xF9,0x00,0x00,0x00,0x00,0x00,0x00,0x01,0x02,0x00,0x00,
	0x00,0x00,0x00,0x0F,0x00,0x02,0x00,0x00,0x00,0x00,0x00,0x00,0xFF,0xFF,0x00,0x00,
	0xFF,0xE7,0x00,0xB6,0xFF,0xFB,0x00,0x00,0x00,0x00,0x00,0x00,0x01,0xFF,0x00,0x00,
	0xFF,0xF5,0xFF,0xDD,0x00,0x02,0x00,0x00,0x00,0x00,0x00,0x00,0x01,0xFF,0x00,0x00,
	0xFF,0xF7,0x00,0x1B,0x00,0x18,0x00,0x00,0x00,0x00,0x00,0x00,0xFF,0xFF,0x00,0x00,
	0xFF,0xFD,0x00,0xB6,0x00,0x04,0x00,0x00,0x00,0x00,0x00,0x00,0x01,0x02,0x00,0x00,
	0xFF,0xFF,0x00,0x0F,0x00,0x09,0x00,0x00,0x00,0x00,0x00,0x00,0xFF,0xFF,0x00,0x00,
	0x00,0x0D,0x00,0xA9,0x00,0x01,0x00,0x00,0x00,0x00,0x00,0x00,0x01,0x02,0x00,0x00,
	0x00,0x0B,0xFF,0xE5,0xFF,0xF8,0x00,0x00,0x00,0x00,0x00,0x00,0xFF,0xFF,0x00,0x00,
	0xFF,0xE8,0x00,0xAB,0x00,0x00,0x00,0x00,0x00,0x00,0x00,0x00,0x01,0xFF,0x00,0x00,
	0xFF,0xF2,0xFF,0xE5,0xFF,0xF6,0x00,0x00,0x00,0x00,0x00,0x00,0xFF,0xFF,0x00,0x00,
	0x00,0x00,0x00,0xA4,0xFF,0xC4,0x00,0x00,0x00,0x00,0x00,0x00,0x01,0xFF,0x00,0x00,
	0x00,0x00,0xFF,0xFE,0xFF,0xE1,0x00,0x00,0x00,0x00,0x00,0x00,0x01,0x02,0x00,0x00,
	0x00,0x00,0xFF,0xFD,0xFF,0xE5,0x00,0x00,0x00,0x00,0x00,0x00,0xFF,0xFF,0x00,0x00,
	0x00,0x1F,0xFF,0xFA,0xFF,0xE8,0x00,0x00,0x00,0x00,0x00,0x00,0x01,0x03,0x00,0x00,
	0x00,0x4B,0x00,0x00,0x00,0x01,0x00,0x00,0x00,0x00,0x00,0x00,0x01,0xFF,0x00,0x00,
	0x00,0x34,0x00,0x44,0xFF,0xFF,0x00,0x00,0x00,0x00,0x00,0x00,0xFF,0xFF,0x00,0x00,
	0x00,0x1D,0xFF,0xFA,0x00,0x00,0x00,0x00,0x00,0x00,0x00,0x00,0x01,0x03,0x00,0x00,
	0x00,0x3F,0x00,0x00,0x00,0x25,0x00,0x00,0x00,0x00,0x00,0x00,0x01,0xFF,0x00,0x00,
	0x00,0x2E,0x00,0x44,0x00,0x18,0x00,0x00,0x00,0x00,0x00,0x00,0xFF,0xFF,0x00,0x00,
	0xFF,0xE3,0xFF,0xFA,0xFF,0xE7,0x00,0x00,0x00,0x00,0x00,0x00,0x01,0x03,0x00,0x00,
	0xFF,0xB5,0x00,0x00,0x00,0x01,0x00,0x00,0x00,0x00,0x00,0x00,0x01,0xFF,0x00,0x00,
	0xFF,0xCC,0x00,0x44,0xFF,0xFF,0x00,0x00,0x00,0x00,0x00,0x00,0xFF,0xFF,0x00,0x00,
	0xFF,0xE6,0xFF,0xFA,0x00,0x01,0x00,0x00,0x00,0x00,0x00,0x00,0x01,0xFF,0x00,0x00,
	0xFF,0xC2,0x00,0x00,0x00,0x27,0x00,0x00,0x00,0x00,0x00,0x00,0x01,0xFF,0x00,0x00,
	0xFF,0xD3,0x00,0x44,0x00,0x18,0x00,0x00,0x00,0x00,0x00,0x00,0xFF,0xFF,0x00,0x00,
	0x00,0x00,0x00,0xE4,0x00,0x00,0x00,0x00,0x00,0x00,0x00,0x00,0xFF,0xFF,0x00,0x00,
	0xFF,0xF3,0xFF,0xFA,0xFF,0xFC,0x00,0x00,0x00,0x00,0x00,0x00,0x01,0x03,0x00,0x00,
	0xFF,0xFD,0xFF,0xCC,0xFF,0xFF,0x00,0x00,0x00,0x00,0x00,0x00,0x01,0xFF,0x00,0x00,
	0xFF,0xFB,0xFF,0xBE,0xFF,0xFE,0x00,0x00,0x00,0x00,0x00,0x00,0xFF,0xFF,0x00,0x00,
	0x00,0x0B,0xFF,0xFE,0xFF,0xFB,0x00,0x00,0x00,0x00,0x00,0x00,0x01,0x03,0x00,0x00,
	0x00,0x05,0xFF,0xC9,0x00,0x00,0x00,0x00,0x00,0x00,0x00,0x00,0x01,0xFF,0x00,0x00,
	0x00,0x05,0xFF,0xBC,0xFF,0xFE,0x00,0x00,0x00,0x00,0x00,0x00,0xFF,0xFF,0x00,0x00,
	0x00,0x00,0x00,0x0E,0x00,0x00,0x00,0x00,0x00,0x00,0x00,0x00,0x01,0xFF,0x00,0x00,
	0x00,0x00,0x00,0x2E,0xFF,0xFC,0x00,0x00,0x00,0x00,0x00,0x00,0x01,0x03,0x00,0x00,
	0x00,0x01,0x00,0x17,0x00,0x01,0x00,0x00,0x00,0x00,0x00,0x00,0x01,0xFF,0x00,0x00,
	0x00,0x00,0x00,0x00,0xFF,0xF2,0x00,0x00,0x00,0x00,0x00,0x00,0xFF,0xFF,0x00,0x00,
	0x00,0x11,0x00,0x27,0xFF,0xF9,0x00,0x00,0x00,0x00,0x00,0x00,0x01,0x03,0x00,0x00,
	0x00,0x06,0xFF,0xE4,0x00,0x03,0x00,0x00,0x00,0x00,0x00,0x00,0x01,0xFF,0x00,0x00,
	0x00,0x07,0xFF,0xE4,0x00,0x15,0x00,0x00,0x00,0x00,0x00,0x00,0xFF,0xFF,0x00,0x00,
	0xFF,0xEF,0x00,0x29,0xFF,0xFB,0x00,0x00,0x00,0x00,0x00,0x00,0x01,0xFF,0x00,0x00,
	0xFF,0xFB,0xFF,0xE1,0x00,0x00,0x00,0x00,0x00,0x00,0x00,0x00,0xFF,0xFF,0x00,0x00,
};

// AI - NPC animation data table (part 1)
u8 D_8009E4C8_186588[0xC] = {
	0x05,0x01,0x27,0x50,0x80,0x09,0xD2,0x98,0x00,0x00,0x00,0x4E,
};

// AI - NPC animation data table (part 2)
u8 D_8009E4D4_186594[0x40C] = {
	0x06,0x00,0x00,0x00,0x09,0x02,0xED,0x30,0x80,0x09,0xD2,0xE8,0x00,0x00,0x00,0x42,
	0x08,0x00,0x00,0x00,0x09,0x03,0x03,0xD0,0x80,0x09,0xD3,0x58,0x00,0x00,0x00,0x43,
	0x05,0x00,0x00,0x00,0x09,0x03,0x22,0x48,0x80,0x09,0xD3,0x98,0x00,0x00,0x00,0x4A,
	0x05,0x00,0x00,0x00,0x09,0x03,0x48,0x80,0x80,0x09,0xD3,0xD8,0x00,0x00,0x00,0x4C,
	0x03,0x00,0x00,0x00,0x09,0x03,0x5D,0xF8,0x80,0x09,0xD3,0xF8,0x00,0x00,0x00,0x4B,
	0x02,0x00,0x00,0x00,0x09,0x03,0x79,0xD8,0x80,0x09,0xD4,0x08,0x00,0x00,0x00,0x47,
	0x08,0x00,0x00,0x00,0x09,0x03,0x96,0x80,0x80,0x09,0xD4,0x78,0x00,0x00,0x00,0x4D,
	0x09,0x00,0x00,0x00,0x09,0x03,0xAF,0x90,0x80,0x09,0xD4,0xF8,0x00,0x00,0x00,0x46,
	0x07,0x00,0x00,0x00,0x09,0x03,0xCB,0x10,0x80,0x09,0xD5,0x58,0x00,0x00,0x00,0x49,
	0x03,0x00,0x00,0x00,0x09,0x03,0xEB,0xE8,0x80,0x09,0xD5,0x78,0x00,0x00,0x00,0x48,
	0x0A,0x00,0x00,0x00,0x09,0x04,0x12,0x30,0x80,0x09,0xD6,0x08,0x00,0x00,0x00,0x44,
	0x03,0x00,0x00,0x00,0x09,0x04,0x2A,0x10,0x80,0x09,0xD6,0x28,0x00,0x00,0x00,0x45,
	0x03,0x00,0x00,0x00,0x05,0x01,0x27,0x50,0x80,0x09,0xD2,0x98,0x00,0x00,0x00,0x4E,
	0x06,0x00,0x00,0x00,0x0A,0x03,0x69,0x28,0x80,0x09,0xD7,0x88,0x00,0x00,0x00,0x55,
	0x07,0x00,0x00,0x00,0x0A,0x03,0x86,0x78,0x80,0x09,0xD7,0x58,0x00,0x00,0x00,0x56,
	0x04,0x00,0x00,0x00,0x0A,0x03,0x9D,0xA8,0x80,0x09,0xD7,0x48,0x00,0x00,0x00,0x54,
	0x02,0x00,0x00,0x00,0x0A,0x03,0xB8,0x88,0x80,0x09,0xD6,0x98,0x00,0x00,0x00,0x50,
	0x05,0x00,0x00,0x00,0x0A,0x04,0x23,0x78,0x80,0x09,0xD7,0xE8,0x00,0x00,0x00,0x57,
	0x0B,0x00,0x00,0x00,0x0A,0x03,0xD3,0x20,0x80,0x09,0xD8,0x88,0x00,0x00,0x00,0x58,
	0x04,0x00,0x00,0x00,0x0A,0x03,0xEE,0xC8,0x80,0x09,0xD8,0xB8,0x00,0x00,0x00,0x59,
	0x07,0x00,0x00,0x00,0x0A,0x03,0x20,0x40,0x80,0x09,0xD6,0x48,0x00,0x00,0x00,0x4F,
	0x06,0x00,0x00,0x00,0x0A,0x03,0x38,0xF8,0x80,0x09,0xD6,0xE8,0x00,0x00,0x00,0x52,
	0x05,0x00,0x00,0x00,0x0A,0x03,0x07,0x60,0x80,0x09,0xD6,0xD8,0x00,0x00,0x00,0x51,
	0x02,0x00,0x00,0x00,0x0A,0x04,0x07,0x50,0x80,0x09,0xD9,0x18,0x00,0x00,0x00,0x5A,
	0x07,0x00,0x00,0x00,0x0A,0x03,0x52,0x58,0x80,0x09,0xD7,0x28,0x00,0x00,0x00,0x53,
	0x03,0x00,0x00,0x00,0x05,0x01,0x27,0x50,0x80,0x09,0xD2,0x98,0x00,0x00,0x00,0x4E,
	0x06,0x00,0x00,0x00,0x0B,0x03,0x45,0xA0,0x80,0x09,0xD9,0x78,0x00,0x00,0x00,0x5B,
	0x09,0x00,0x00,0x00,0x0B,0x03,0x60,0x38,0x80,0x09,0xD9,0xF8,0x00,0x00,0x00,0x5C,
	0x06,0x00,0x00,0x00,0x0B,0x04,0x27,0x38,0x80,0x09,0xDD,0xA8,0x00,0x00,0x00,0x64,
	0x09,0x00,0x00,0x00,0x0B,0x04,0x40,0x28,0x80,0x09,0xDE,0x28,0x00,0x00,0x00,0x65,
	0x06,0x00,0x00,0x00,0x0B,0x04,0x0F,0x40,0x80,0x09,0xDD,0x48,0x00,0x00,0x00,0x66,
	0x07,0x00,0x00,0x00,0x0B,0x03,0x7A,0x40,0x80,0x09,0xDA,0x48,0x00,0x00,0x00,0x5D,
	0x06,0x00,0x00,0x00,0x0B,0x03,0x93,0x60,0x80,0x09,0xDA,0x98,0x00,0x00,0x00,0x5E,
	0x09,0x00,0x00,0x00,0x0B,0x03,0xAB,0x20,0x80,0x09,0xDB,0x18,0x00,0x00,0x00,0x5F,
	0x07,0x00,0x00,0x00,0x0B,0x03,0xC1,0x70,0x80,0x09,0xDB,0x78,0x00,0x00,0x00,0x60,
	0x09,0x00,0x00,0x00,0x0B,0x03,0xDA,0x50,0x80,0x09,0xDB,0xF8,0x00,0x00,0x00,0x61,
	0x09,0x00,0x00,0x00,0x0B,0x03,0xF5,0x18,0x80,0x09,0xDC,0x78,0x00,0x00,0x00,0x62,
	0x06,0x00,0x00,0x00,0x0B,0x04,0x59,0x78,0x80,0x09,0xDC,0xC8,0x00,0x00,0x00,0x63,
	0x09,0x00,0x00,0x00,0x05,0x01,0x27,0x50,0x80,0x09,0xD2,0x98,0x00,0x00,0x00,0x4E,
	0x06,0x00,0x00,0x00,0x0C,0x03,0x01,0x08,0x80,0x09,0xDE,0x78,0x00,0x00,0x00,0x67,
	0x09,0x00,0x00,0x00,0x0C,0x03,0x1B,0x18,0x80,0x09,0xDE,0xF8,0x00,0x00,0x00,0x68,
	0x06,0x00,0x00,0x00,0x0C,0x03,0x35,0xA0,0x80,0x09,0xDF,0x48,0x00,0x00,0x00,0x69,
	0x09,0x00,0x00,0x00,0x0C,0x03,0x50,0x98,0x80,0x09,0xDF,0xC8,0x00,0x00,0x00,0x6A,
	0x09,0x00,0x00,0x00,0x0C,0x03,0x6C,0xA0,0x80,0x09,0xE0,0x48,0x00,0x00,0x00,0x6B,
	0x09,0x00,0x00,0x00,0x0C,0x03,0x89,0xE0,0x80,0x09,0xE0,0xC8,0x00,0x00,0x00,0x6C,
	0x09,0x00,0x00,0x00,0x0C,0x03,0xA5,0xF8,0x80,0x09,0xE1,0x48,0x00,0x00,0x00,0x6D,
	0x09,0x00,0x00,0x00,0x0C,0x03,0xC0,0x80,0x80,0x09,0xE1,0xC8,0x00,0x00,0x00,0x6E,
	0x07,0x00,0x00,0x00,0x0C,0x03,0xD9,0x50,0x80,0x09,0xE2,0x28,0x00,0x00,0x00,0x6F,
	0x06,0x00,0x00,0x00,0x0C,0x03,0xFD,0xE8,0x80,0x09,0xE2,0xD8,0x00,0x00,0x00,0x71,
	0x10,0x00,0x00,0x00,0x0C,0x03,0x01,0x08,0x80,0x09,0xDE,0x78,0x00,0x00,0x00,0x67,
	0x09,0x00,0x00,0x00,0x0C,0x04,0x18,0x88,0x80,0x09,0xE2,0x78,0x00,0x00,0x00,0x70,
	0x07,0x00,0x00,0x00,0x0D,0x00,0xF6,0x50,0x80,0x09,0xE3,0xD8,0x00,0x00,0x00,0x74,
	0x10,0x00,0x00,0x00,0x0D,0x00,0xD9,0xD8,0x80,0x09,0xE3,0xC8,0x00,0x00,0x00,0x72,
	0x02,0x00,0x00,0x00,0x0D,0x00,0xF6,0x50,0x80,0x09,0xE3,0xD8,0x00,0x00,0x00,0x73,
	0x10,0x00,0x00,0x00,0x0D,0x00,0xF6,0x50,0x80,0x09,0xE3,0xD8,0x00,0x00,0x00,0x73,
	0x10,0x00,0x00,0x00,0x0D,0x00,0xF6,0x50,0x80,0x09,0xE3,0xD8,0x00,0x00,0x00,0x73,
	0x10,0x00,0x00,0x00,0x0D,0x00,0xF6,0x50,0x80,0x09,0xE3,0xD8,0x00,0x00,0x00,0x73,
	0x10,0x00,0x00,0x00,0x0D,0x00,0xF6,0x50,0x80,0x09,0xE3,0xD8,0x00,0x00,0x00,0x73,
	0x10,0x00,0x00,0x00,0x0D,0x00,0xF6,0x50,0x80,0x09,0xE3,0xD8,0x00,0x00,0x00,0x73,
	0x10,0x00,0x00,0x00,0x0D,0x00,0xF6,0x50,0x80,0x09,0xE3,0xD8,0x00,0x00,0x00,0x73,
	0x10,0x00,0x00,0x00,0x0D,0x00,0xF6,0x50,0x80,0x09,0xE3,0xD8,0x00,0x00,0x00,0x73,
	0x10,0x00,0x00,0x00,0x0D,0x00,0xF6,0x50,0x80,0x09,0xE3,0xD8,0x00,0x00,0x00,0x73,
	0x10,0x00,0x00,0x00,0x0D,0x00,0xF6,0x50,0x80,0x09,0xE3,0xD8,0x00,0x00,0x00,0x73,
	0x10,0x00,0x00,0x00,0x0D,0x00,0xF6,0x50,0x80,0x09,0xE3,0xD8,0x00,0x00,0x00,0x73,
	0x10,0x00,0x00,0x00,0x00,0x00,0x00,0x00,0x03,0x00,0x02,0xF0,
};



// AI - Character animation table: 117 entries (0x1869A0 - 0x188164), indexed by animation/channel id
Unk8009E8E0 D_8009E8E0_1869A0[117] = {
	{ 0x00000805, 0x00000004, 0x00000001, 0x00000000, 0x00000000, 0x00000000, 0x00000000, "walking", 0x00000000, 0x03016F10 },
	{ 0x00000801, 0x00000004, 0x00000000, 0x00000000, 0x00000000, 0x00000000, 0x00000000, "running fast", 0x00000000, 0x03013E70 },
	{ 0x00000801, 0x00000008, 0x00000000, 0x00000000, 0x00000000, 0x00000000, 0x00000000, "tired", 0x00000000, 0x03017900 },
	{ 0x00000801, 0x00000004, 0x00000000, 0x00000000, 0x00000000, 0x00000000, 0x00000000, "walk backwards", 0x00000000, 0x03020A50 },
	{ 0x0000084A, 0x00000011, 0x00000000, 0x00000000, 0x00000000, 0x00000000, 0x00000000, "walk in", 0x00000000, 0x0301FC00 },
	{ 0x0000084A, 0x00000011, 0x00000000, 0x00000000, 0x00000000, 0x00000000, 0x00000000, "roll in", 0x00000000, 0x03021340 },
	{ 0x0000084A, 0x00000011, 0x00000000, 0x00000000, 0x00000000, 0x00000000, 0x00000000, "exit kick door", 0x00000000, 0x03038430 },
	{ 0x0000084A, 0x00000011, 0x00000000, 0x00000000, 0x00000000, 0x00000000, 0x00000000, "exit garage door", 0x00000000, 0x0303C490 },
	{ 0x0000084A, 0x00000010, 0x00000000, 0x00000000, 0x00000000, 0x00000000, 0x00000000, "exit walk", 0x00000000, 0x03037CE0 },
	{ 0x00000058, 0x00000000, 0x00000000, 0x00000000, 0x00000000, 0x00000000, 0x00000000, "jump", 0x00000000, 0x03014160 },
	{ 0x0000010A, 0x00000011, 0x0000000C, 0x00000000, 0x00000000, 0x00000000, 0x00000000, "turn 180L", 0x00000000, 0x03014610 },
	{ 0x0000010A, 0x00000011, 0x0000000D, 0x00000000, 0x00000000, 0x00000000, 0x00000000, "turn 180R", 0x00000000, 0x0301EC30 },
	{ 0x0000010A, 0x00000011, 0x00000000, 0x00000000, 0x00000000, 0x00000000, 0x00000000, "turn 180LFast", 0x00000000, 0x0301F1C0 },
	{ 0x0000010A, 0x00000011, 0x00000000, 0x00000000, 0x00000000, 0x00000000, 0x00000000, "turn 180RFast", 0x00000000, 0x03018130 },
	{ 0x00000801, 0x00000004, 0x00000000, 0x00000000, 0x00000000, 0x00000000, 0x00000000, "sstep left", 0x00000000, 0x030186C0 },
	{ 0x00000801, 0x00000004, 0x00000000, 0x00000000, 0x00000000, 0x00000000, 0x00000000, "sstep right", 0x00000000, 0x03000000 },
	{ 0x00000050, 0x00000004, 0x00000000, 0x00000000, 0x00000000, 0x00000000, 0x00000000, "stand still", 0x00000000, 0x03000000 },
	{ 0x00000801, 0x00000004, 0x00000000, 0x00000000, 0x00000000, 0x00000000, 0x00000000, "default", 0x00000000, 0x030100B0 },
	{ 0x0000001A, 0x00000011, 0x00000000, 0x00000000, 0x00000000, 0x00000000, 0x00000000, "back flip", 0x00000000, 0x030109C0 },
	{ 0x00000002, 0x00000011, 0x00000000, 0x00000000, 0x00000000, 0x00000000, 0x00000000, "bored", 0x00000000, 0x030113C0 },
	{ 0x00000002, 0x00000011, 0x00000000, 0x00000000, 0x00000000, 0x00000000, 0x00000000, "wasp kak", 0x00000000, 0x03014AC0 },
	{ 0x00000002, 0x00000011, 0x00000000, 0x00000000, 0x00000000, 0x00000000, 0x00000000, "wipe visor", 0x00000000, 0x030016D0 },
	{ 0x00000058, 0x00000000, 0x00000000, 0x00000000, 0x00000000, 0x00000000, 0x00000000, "use comm-link", 0x00000000, 0x03014E10 },
	{ 0x00000018, 0x00000000, 0x00000000, 0x00000000, 0x00000000, 0x00000000, 0x00000000, "squashed", 0x00000000, 0x03015D30 },
	{ 0x00000018, 0x00000000, 0x00000000, 0x00000000, 0x00000000, 0x00000000, 0x00000000, "shot dead", 0x00000000, 0x03018D30 },
	{ 0x00000052, 0x00000010, 0x00000000, 0x00000000, 0x00000000, 0x00000000, 0x00000000, "searching Low", 0x00000000, 0x030199C0 },
	{ 0x00000052, 0x00000010, 0x00000000, 0x00000000, 0x00000000, 0x00000000, 0x00000000, "searching Med", 0x00000000, 0x0301A2D0 },
	{ 0x00000052, 0x00000010, 0x00000000, 0x00000000, 0x00000000, 0x00000000, 0x00000000, "searching Hi", 0x00000000, 0x0301ACC0 },
	{ 0x00000052, 0x00000010, 0x00000000, 0x00000000, 0x00000000, 0x00000000, 0x00000000, "search BED", 0x00000000, 0x0301BA30 },
	{ 0x00000052, 0x00000010, 0x00000000, 0x00000000, 0x00000000, 0x00000000, 0x00000000, "search BARREL", 0x00000000, 0x0301C5E0 },
	{ 0x00000052, 0x00000010, 0x00000000, 0x00000000, 0x00000000, 0x00000000, 0x00000000, "search VASE", 0x00000000, 0x0301CE10 },
	{ 0x00000052, 0x00000010, 0x00000000, 0x00000000, 0x00000000, 0x00000000, 0x00000000, "search SPARE", 0x00000000, 0x03021A90 },
	{ 0x00000052, 0x00000010, 0x00000000, 0x00000000, 0x00000000, 0x00000000, 0x00000000, "search STOVE", 0x00000000, 0x030223A0 },
	{ 0x00000052, 0x00000010, 0x00000000, 0x00000000, 0x00000000, 0x00000000, 0x00000000, "search BCASE", 0x00000000, 0x03022930 },
	{ 0x00000052, 0x00000010, 0x00000000, 0x00000000, 0x00000000, 0x00000000, 0x00000000, "read pedestalBoo", 0x6B000000, 0x03022FA0 },
	{ 0x00000052, 0x00000010, 0x00000000, 0x00000000, 0x00000000, 0x00000000, 0x00000000, "search KEYBOARD", 0x00000000, 0x030236F0 },
	{ 0x00000052, 0x00000010, 0x00000000, 0x00000000, 0x00000000, 0x00000000, 0x00000000, "search PIANO", 0x00000000, 0x030240E0 },
	{ 0x00000842, 0x00000010, 0x00000000, 0x00000000, 0x00000000, 0x00000000, 0x00000000, "search DRAWER", 0x00000000, 0x03024910 },
	{ 0x00000842, 0x00000010, 0x00000000, 0x00000000, 0x00000000, 0x00000000, 0x00000000, "search WARDROBE", 0x00000000, 0x03025800 },
	{ 0x00000842, 0x00000010, 0x00000000, 0x00000000, 0x00000000, 0x00000000, 0x00000000, "search SKELETON", 0x00000000, 0x03000000 },
	{ 0x00000842, 0x00000010, 0x00000000, 0x00000000, 0x00000000, 0x00000000, 0x00000000, "search PLAQUE", 0x00000000, 0x03026320 },
	{ 0x00000842, 0x00000010, 0x00000000, 0x00000000, 0x00000000, 0x00000000, 0x00000000, "search TOILET", 0x00000000, 0x030268B0 },
	{ 0x00000842, 0x00000010, 0x00000000, 0x00000000, 0x00000000, 0x00000000, 0x00000000, "search SINK", 0x00000000, 0x03026F20 },
	{ 0x00000842, 0x00000010, 0x00000000, 0x00000000, 0x00000000, 0x00000000, 0x00000000, "search SWITCH", 0x00000000, 0x030272F0 },
	{ 0x00000842, 0x00000010, 0x00000000, 0x00000000, 0x00000000, 0x00000000, 0x00000000, "search CANDLE", 0x00000000, 0x03024EA0 },
	{ 0x00000842, 0x00000010, 0x00000000, 0x00000000, 0x00000000, 0x00000000, 0x00000000, "up stairs", 0x00000000, 0x03025350 },
	{ 0x00000842, 0x00000010, 0x00000000, 0x00000000, 0x00000000, 0x00000000, 0x00000000, "down stairs", 0x00000000, 0x0301D8E0 },
	{ 0x00000052, 0x00000010, 0x00000000, 0x00000000, 0x00000000, 0x00000000, 0x00000000, "Talking Char", 0x00000000, 0x0301F750 },
	{ 0x00000052, 0x00000010, 0x00000000, 0x00000000, 0x00000000, 0x00000000, 0x00000000, "Pull Lever", 0x00000000, 0x0303CE80 },
	{ 0x0000084A, 0x00000010, 0x00000000, 0x00000000, 0x00000000, 0x00000000, 0x00000000, "Shield Collect", 0x00000000, 0x0303EFD0 },
	{ 0x0000084A, 0x00000010, 0x00000000, 0x00000000, 0x00000000, 0x00000000, 0x00000000, "Shield Collect2", 0x00000000, 0x0303FD40 },
	{ 0x0000084A, 0x00000010, 0x00000000, 0x00000000, 0x00000000, 0x00000000, 0x00000000, "Insert Crank", 0x00000000, 0x0303DA30 },
	{ 0x0000005A, 0x00000010, 0x00000000, 0x00000000, 0x00000000, 0x00000000, 0x00000000, "Crank Turn", 0x00000000, 0x0303E420 },
	{ 0x0000084A, 0x00000010, 0x00000000, 0x00000000, 0x00000000, 0x00000000, 0x00000000, "Place Glyph", 0x00000000, 0x03040D10 },
	{ 0x0000084A, 0x00000010, 0x00000000, 0x00000000, 0x00000000, 0x00000000, 0x00000000, "Collect RIfle", 0x00000000, 0x03041B60 },
	{ 0x0000084A, 0x00000010, 0x00000000, 0x00000000, 0x00000000, 0x00000000, 0x00000000, "Kris Knife", 0x00000000, 0x03042010 },
	{ 0x0000084A, 0x00000010, 0x00000000, 0x00000000, 0x00000000, 0x00000000, 0x00000000, "Budda Search", 0x00000000, 0x03027A40 },
	{ 0x0000084A, 0x00000010, 0x00000000, 0x00000000, 0x00000000, 0x00000000, 0x00000000, "Steam Wheel", 0x00000000, 0x03042760 },
	{ 0x0000084A, 0x00000010, 0x00000000, 0x00000000, 0x00000000, 0x00000000, 0x00000000, "Slide door", 0x00000000, 0x03042B30 },
	{ 0x0000084A, 0x00000010, 0x00000000, 0x00000000, 0x00000000, 0x00000000, 0x00000000, "Files", 0x00000000, 0x03042FE0 },
	{ 0x0000084A, 0x00000010, 0x00000000, 0x00000000, 0x00000000, 0x00000000, 0x00000000, "Ladder", 0x00000000, 0x030433B0 },
	{ 0x0000084A, 0x00000010, 0x00000000, 0x00000000, 0x00000000, 0x00000000, 0x00000000, "Swipe", 0x00000000, 0x03043B00 },
	{ 0x0000084A, 0x00000010, 0x00000000, 0x00000000, 0x00000000, 0x00000000, 0x00000000, "BowlSmash", 0x00000000, 0x03044090 },
	{ 0x0000084A, 0x00000010, 0x00000000, 0x00000000, 0x00000000, 0x00000000, 0x00000000, "BrainSmash", 0x00000000, 0x03044C40 },
	{ 0x0000084A, 0x00000010, 0x00000000, 0x00000000, 0x00000000, 0x00000000, 0x00000000, "Push But", 0x00000000, 0x03028430 },
	{ 0x0000084A, 0x00000010, 0x00000000, 0x00000000, 0x00000000, 0x00000000, 0x00000000, "Steam Wheel", 0x00000000, 0x03048A80 },
	{ 0x00000052, 0x00000010, 0x00000000, 0x00000000, 0x00000000, 0x00000000, 0x00000000, "Fat Bloke", 0x00000000, 0x03049240 },
	{ 0x00000052, 0x00000010, 0x00000000, 0x00000000, 0x00000000, 0x00000000, 0x00000000, "Crone", 0x00000000, 0x03048FA0 },
	{ 0x00000052, 0x00000010, 0x00000000, 0x00000000, 0x00000000, 0x00000000, 0x00000000, "Pilot", 0x00000000, 0x03049430 },
	{ 0x00000052, 0x00000010, 0x00000000, 0x00000000, 0x00000000, 0x00000000, 0x00000000, "Priest", 0x00000000, 0x03049600 },
	{ 0x00000052, 0x00000010, 0x00000000, 0x00000000, 0x00000000, 0x00000000, 0x00000000, "Mechanic", 0x00000000, 0x03049900 },
	{ 0x00000052, 0x00000010, 0x00000000, 0x00000000, 0x00000000, 0x00000000, 0x00000000, "Gunner", 0x00000000, 0x03049C60 },
	{ 0x00000052, 0x00000010, 0x00000000, 0x00000000, 0x00000000, 0x00000000, 0x00000000, "Boatman", 0x00000000, 0x0304A2B0 },
	{ 0x00000052, 0x00000010, 0x00000000, 0x00000000, 0x00000000, 0x00000000, 0x00000000, "Digger", 0x00000000, 0x0304A4A0 },
	{ 0x00000052, 0x00000010, 0x00000000, 0x00000000, 0x00000000, 0x00000000, 0x00000000, "Fireman", 0x00000000, 0x0304A950 },
	{ 0x00000052, 0x00000010, 0x00000000, 0x00000000, 0x00000000, 0x00000000, 0x00000000, "Monk", 0x00000000, 0x0304A760 },
	{ 0x00000052, 0x00000010, 0x00000000, 0x00000000, 0x00000000, 0x00000000, 0x00000000, "Gen", 0x00000000, 0x0304AA60 },
	{ 0x00000052, 0x00000010, 0x00000000, 0x00000000, 0x00000000, 0x00000000, 0x00000000, "Gen", 0x00000000, 0x0304B930 },
	{ 0x00000052, 0x00000010, 0x00000000, 0x00000000, 0x00000000, 0x00000000, 0x00000000, "Daisy", 0x00000000, 0x0304B110 },
	{ 0x00000052, 0x00000010, 0x00000000, 0x00000000, 0x00000000, 0x00000000, 0x00000000, "Kurtz", 0x00000000, 0x0304B550 },
	{ 0x00000052, 0x00000010, 0x00000000, 0x00000000, 0x00000000, 0x00000000, 0x00000000, "Major", 0x00000000, 0x0304BD70 },
	{ 0x00000052, 0x00000010, 0x00000000, 0x00000000, 0x00000000, 0x00000000, 0x00000000, "Voodoo", 0x00000000, 0x0304BEC0 },
	{ 0x00000052, 0x00000010, 0x00000000, 0x00000000, 0x00000000, 0x00000000, 0x00000000, "Major", 0x00000000, 0x0304C250 },
	{ 0x00000052, 0x00000010, 0x00000000, 0x00000000, 0x00000000, 0x00000000, 0x00000000, "Cult", 0x00000000, 0x0304C490 },
	{ 0x00000052, 0x00000010, 0x00000000, 0x00000000, 0x00000000, 0x00000000, 0x00000000, "Cable", 0x00000000, 0x0304C5F0 },
	{ 0x00000052, 0x00000010, 0x00000000, 0x00000000, 0x00000000, 0x00000000, 0x00000000, "Native", 0x00000000, 0x0304CB40 },
	{ 0x00000052, 0x00000010, 0x00000000, 0x00000000, 0x00000000, 0x00000000, 0x00000000, "Bob", 0x00000000, 0x0304CE30 },
	{ 0x00000052, 0x00000010, 0x00000000, 0x00000000, 0x00000000, 0x00000000, 0x00000000, "RadioGirl", 0x00000000, 0x0304D820 },
	{ 0x00000052, 0x00000010, 0x00000000, 0x00000000, 0x00000000, 0x00000000, 0x00000000, "VChief", 0x00000000, 0x0304DB40 },
	{ 0x00000052, 0x00000010, 0x00000000, 0x00000000, 0x00000000, 0x00000000, 0x00000000, "Bogie", 0x00000000, 0x0304E090 },
	{ 0x00000052, 0x00000010, 0x00000000, 0x00000000, 0x00000000, 0x00000000, 0x00000000, "Bombadier", 0x00000000, 0x0304E510 },
	{ 0x00000052, 0x00000010, 0x00000000, 0x00000000, 0x00000000, 0x00000000, 0x00000000, "Karl", 0x00000000, 0x0304EA50 },
	{ 0x00000052, 0x00000010, 0x00000000, 0x00000000, 0x00000000, 0x00000000, 0x00000000, "FatCop", 0x00000000, 0x0304EE90 },
	{ 0x00000052, 0x00000010, 0x00000000, 0x00000000, 0x00000000, 0x00000000, 0x00000000, "MIB", 0x00000000, 0x0304F2D0 },
	{ 0x00000052, 0x00000010, 0x00000000, 0x00000000, 0x00000000, 0x00000000, 0x00000000, "Prof", 0x00000000, 0x0304FA80 },
	{ 0x00000052, 0x00000010, 0x00000000, 0x00000000, 0x00000000, 0x00000000, 0x00000000, "Grey", 0x00000000, 0x0304FEC0 },
	{ 0x00000052, 0x00000010, 0x00000000, 0x00000000, 0x00000000, 0x00000000, 0x00000000, "Guard", 0x00000000, 0x030506F0 },
	{ 0x00000052, 0x00000010, 0x00000000, 0x00000000, 0x00000000, 0x00000000, 0x00000000, "Shoppy", 0x00000000, 0x03050D60 },
	{ 0x00000052, 0x00000010, 0x00000000, 0x00000000, 0x00000000, 0x00000000, 0x00000000, "Hippy", 0x00000000, 0x030511A0 },
	{ 0x00000052, 0x00000010, 0x00000000, 0x00000000, 0x00000000, 0x00000000, 0x00000000, "Nurse", 0x00000000, 0x030519D0 },
	{ 0x00000052, 0x00000010, 0x00000000, 0x00000000, 0x00000000, 0x00000000, 0x00000000, "Sewer", 0x00000000, 0x03052040 },
	{ 0x00000052, 0x00000010, 0x00000000, 0x00000000, 0x00000000, 0x00000000, 0x00000000, "Chief", 0x00000000, 0x030525D0 },
	{ 0x00000052, 0x00000010, 0x00000000, 0x00000000, 0x00000000, 0x00000000, 0x00000000, "HillBilly", 0x00000000, 0x03055F60 },
	{ 0x00000052, 0x00000010, 0x00000000, 0x00000000, 0x00000000, 0x00000000, 0x00000000, "Fat Cont", 0x00000000, 0x03055D20 },
	{ 0x00000052, 0x00000010, 0x00000000, 0x00000000, 0x00000000, 0x00000000, 0x00000000, "Train", 0x00000000, 0x03053250 },
	{ 0x00000052, 0x00000010, 0x00000000, 0x00000000, 0x00000000, 0x00000000, 0x00000000, "Boffin", 0x00000000, 0x030555F0 },
	{ 0x00000052, 0x00000010, 0x00000000, 0x00000000, 0x00000000, 0x00000000, 0x00000000, "Russian", 0x00000000, 0x03054AA0 },
	{ 0x00000052, 0x00000010, 0x00000000, 0x00000000, 0x00000000, 0x00000000, 0x00000000, "Power", 0x00000000, 0x030552D0 },
	{ 0x00000052, 0x00000010, 0x00000000, 0x00000000, 0x00000000, 0x00000000, 0x00000000, "PowerDie", 0x00000000, 0x03052B20 },
	{ 0x00000052, 0x00000010, 0x00000000, 0x00000000, 0x00000000, 0x00000000, 0x00000000, "BaseCom", 0x00000000, 0x03054010 },
	{ 0x00000052, 0x00000010, 0x00000000, 0x00000000, 0x00000000, 0x00000000, 0x00000000, "Ham", 0x00000000, 0x030545C0 },
	{ 0x00000052, 0x00000010, 0x00000000, 0x00000000, 0x00000000, 0x00000000, 0x00000000, "sci", 0x00000000, 0x03053A00 },
	{ 0x00000052, 0x00000010, 0x00000000, 0x00000000, 0x00000000, 0x00000000, 0x00000000, "Farmer", 0x00000000, 0x03056690 },
	{ 0x00000052, 0x00000010, 0x00000000, 0x00000000, 0x00000000, 0x00000000, 0x00000000, "Research", 0x00000000, 0x03057080 },
	{ 0x00000052, 0x00000010, 0x00000000, 0x00000000, 0x00000000, 0x00000000, 0x00000000, "Brain", 0x00000000, 0x03057120 },
	{ 0x00000052, 0x00000010, 0x00000000, 0x00000000, 0x00000000, 0x00000000, 0x00000000, "Daisy 2", 0x00000000, 0x03057E90 },
	{ 0x00000052, 0x00000010, 0x00000000, 0x00000000, 0x00000000, 0x00000000, 0x00000000, "DaisyPain", 0x00000000, 0x44FA0000 },
};


// AI - Path speed/scale curve (0.1..1.0, 2000 sentinel, 1.0..0.1, 2000 sentinel). Referenced via path->unk3C.
f32 D_800A0124_188164[22] = {
	0.1f,
	0.2f,
	0.3f,
	0.4f,
	0.5f,
	0.6f,
	0.7f,
	0.8f,
	0.9f,
	1.0f,
	2000.0f,
	1.0f,
	0.9f,
	0.8f,
	0.7f,
	0.6f,
	0.5f,
	0.4f,
	0.3f,
	0.2f,
	0.1f,
	2000.0f,
};

// AI - Path node & timeline data referenced by D_800A05FC_1886BC route entries

// AI - Player path definitions (8 paths), each a start position + waypoints + timing/character data.
// Referenced by D_800A05FC_1886BC route table (route->unk14).
Unk165E60Path D_800A00FC_1881BC[8] = {
	{ 0x014B, 0x0000, 0x01AC, {0x014B,0x0000,0x01B3,0x014B,0x0000,0x01B3,0x0000}, 0x0000005A, 0x000007D0, 0x000007D0, 0x00000035, 0x00000011, 0x00000011, 0x0000000A, 0x0000, 0x0064, 0.3f, 0x0028, 0x0000, (f32 *)0x800A00A4 },
	{ 0x0143, 0x0000, 0x01E0, {0x0143,0x0000,0x01E0,0x0143,0x0000,0x01F4,0x0000}, 0x0000005A, 0x000007D0, 0x000007D0, 0x00000031, 0x00000032, 0x00000011, 0x00000007, 0x0046, 0x00AA, 1.0f, 0x0091, 0x0000, (f32 *)0x800A00D0 },
	{ 0x0158, 0x0000, 0x00FA, {0x0143,0x0000,0x01E0,0x0143,0x0000,0x01F4,0x0000}, 0x0000005A, 0x000000B4, 0x000007D0, 0x00000033, 0x00000034, 0x00000011, 0x0000000B, 0x0000, 0x008D, 1.0f, 0x0000, 0x0000, (f32 *)0x800A00A0 },
	{ 0x0211, 0x0000, 0x0276, {0x0211,0x0000,0x0282,0x0211,0x0000,0x0282,0x0000}, 0x0000005A, 0x000007D0, 0x000007D0, 0x00000036, 0x00000011, 0x00000011, 0x0000000C, 0x0016, 0x0054, 1.0f, 0x003C, 0x0000, (f32 *)0x800A00D0 },
	{ 0x014C, 0x0000, 0x0174, {0x0216,0x0000,0x0284,0x0216,0x0000,0x0284,0x0000}, 0x0000005A, 0x000007D0, 0x000007D0, 0x00000037, 0x00000011, 0x00000011, 0x0000000D, 0x0000, 0x0023, 1.0f, 0x0000, 0x0000, (f32 *)0x800A00A0 },
	{ 0x011C, 0x0000, 0x018E, {0x0000,0x0000,0x0000,0x011C,0x0000,0x0188,0x0000}, 0x0000005A, 0x000007D0, 0x000007D0, 0x00000038, 0x00000011, 0x00000011, 0x00000000, 0x0000, 0x0000, 1.0f, 0x0000, 0x0000, (f32 *)0x800A00A0 },
	{ 0x018B, 0x0000, 0x01A4, {0x0000,0x0000,0x0000,0x011C,0x0000,0x0188,0x0000}, 0x0000005A, 0x000007D0, 0x000007D0, 0x0000003F, 0x00000011, 0x00000011, 0x00000000, 0x0000, 0x0000, 1.0f, 0x0000, 0x0000, (f32 *)0x800A00A0 },
	{ 0x0142, 0x0000, 0x0176, {0x0000,0x0000,0x0000,0x011C,0x0000,0x0188,0x0000}, 0x0000005A, 0x000007D0, 0x000007D0, 0x00000040, 0x00000011, 0x00000011, 0x00000000, 0x0000, 0x0000, 1.0f, 0x0000, 0x0000, (f32 *)0x800A00A0 },
};

// AI - NPC/camera movement timelines (8 entries), each 3 keyframes + event/timing data.
// Referenced by D_800A05FC_1886BC route table (route->unk18).
Unk165E60Timeline D_800A02FC_1883BC[8] = {
	{ {{204.0f, 53.0f, 360.0f, 0x000021E8, 0xF3EF007F}, {204.0f, 53.0f, 375.0f, 0x00000E00, 0x0EF300A0}, {0.0f, 0.0f, 0.0f, 0x00000000, 0x00000000}}, 0x00000000, 0x0000003C, 0x000007D0, 0x0000, 0x0001, 0x00000014, 0x000007D0, 0x000007D0, 0x000007D0, 0x000007D0 },
	{ {{228.0f, 50.0f, 426.0f, 0x000030B1, 0x0E3C009C}, {228.0f, 50.0f, 426.0f, 0x000032D3, 0x0226005E}, {227.0f, 50.0f, 409.0f, 0x00005CA0, 0x0B0A0073}}, 0x00000000, 0x00000028, 0x00000046, 0x0000, 0x0001, 0x00000014, 0x00000001, 0x00000044, 0x000007D0, 0x000007D0 },
	{ {{251.0f, 50.0f, 208.0f, 0x000025FC, 0x0CDD00BB}, {252.0f, 30.0f, 196.0f, 0xFFFFFDDA, 0x1064008C}, {0.0f, 0.0f, 0.0f, 0x00000000, 0x00000000}}, 0x00000000, 0x0000003C, 0x000007D0, 0x0000, 0x0001, 0x00000001, 0x00000001, 0x000007D0, 0x000007D0, 0x000007D0 },
	{ {{433.0f, 26.0f, 573.0f, 0x000029EB, 0x0D3E0095}, {0.0f, 0.0f, 0.0f, 0x00000000, 0x00000000}, {0.0f, 0.0f, 0.0f, 0x00000000, 0x00000000}}, 0x00000000, 0x000007D0, 0x000007D0, 0x0000, 0x0001, 0x000007D0, 0x000007D0, 0x000007D0, 0x000007D0, 0x000007D0 },
	{ {{240.0f, 46.0f, 287.0f, 0x0000678D, 0x0DF400C0}, {0.0f, 0.0f, 0.0f, 0x00000000, 0x00000000}, {0.0f, 0.0f, 0.0f, 0x00000000, 0x00000000}}, 0x00000000, 0x000007D0, 0x000007D0, 0x0000, 0x0001, 0x000007D0, 0x000007D0, 0x000007D0, 0x000007D0, 0x000007D0 },
	{ {{188.0f, 30.0f, 296.0f, 0x000058DE, 0x06D800C0}, {187.0f, 30.0f, 295.0f, 0x000040FC, 0x229200C0}, {0.0f, 0.0f, 0.0f, 0x00000000, 0x00000000}}, 0x00000000, 0x00000028, 0x000007D0, 0x0000, 0x0001, 0x0000000A, 0x000007D0, 0x000007D0, 0x000007D0, 0x000007D0 },
	{ {{316.0f, 27.0f, 375.0f, 0xFFFF9B45, 0x04860087}, {299.0f, 30.0f, 341.0f, 0xFFFFF6C2, 0x09B000C0}, {0.0f, 0.0f, 0.0f, 0x00000000, 0x00000000}}, 0x00000000, 0x00000014, 0x000007D0, 0x0000, 0x0001, 0x0000000A, 0x000007D0, 0x000007D0, 0x000007D0, 0x000007D0 },
	{ {{265.0f, 30.0f, 313.0f, 0x00000543, 0x10CC00C0}, {316.0f, 46.0f, 375.0f, 0xFFFFD6FD, 0x04860087}, {0.0f, 0.0f, 0.0f, 0x00000000, 0x00000000}}, 0x00000000, 0x000007D0, 0x000007D0, 0x0000, 0x0001, 0x000007D0, 0x000007D0, 0x000007D0, 0x000007D0, 0x000007D0 },
};

// AI - Player route table (8 routes), each referencing a path & timeline
Unk165E60Route D_800A05FC_1886BC[8] = {
	{ 0x000000AA, 0x00000046, 0xFFFFFFFF, {0x00,0x00}, 0x07D0, {0x00,0x00,0x00,0x00}, 0x800A013C, 0x800A035C },
	{ 0x0000008D, 0x00000050, 0xFFFFFFFF, {0x00,0x00}, 0x07D0, {0x00,0x00,0x00,0x00}, 0x800A017C, 0x800A03BC },
	{ 0x0000006E, 0x00000044, 0xFFFFFFFF, {0x00,0x00}, 0x07D0, {0x00,0x00,0x00,0x00}, 0x800A00FC, 0x800A02FC },
	{ 0x00000054, 0x00000016, 0xFFFFFFFF, {0x00,0x00}, 0x07D0, {0x00,0x00,0x00,0x00}, 0x800A01BC, 0x800A041C },
	{ 0x00000024, 0x00000023, 0x0000000C, {0x00,0x00}, 0x007D, {0x00,0x00,0x00,0x00}, 0x800A01FC, 0x800A047C },
	{ 0x00000046, 0x00000001, 0xFFFFFFFF, {0x00,0x00}, 0x07D0, {0x00,0x00,0x00,0x00}, 0x800A023C, 0x800A04DC },
	{ 0x0000005D, 0x00000014, 0xFFFFFFFF, {0x00,0x00}, 0x07D0, {0x00,0x00,0x00,0x00}, 0x800A027C, 0x800A053C },
	{ 0x00000078, 0x00000014, 0xFFFFFFFF, {0x00,0x00}, 0x07D0, {0x00,0x00,0x00,0x00}, 0x800A02BC, 0x800A059C },
};

// AI - Per-route animation lookup table
s32 D_800A06DC_18879C[4] = {
	0x00000017,
	0x00000018,
	0x00000018,
	0x00000018,
};

// AI - Animation frame/animation-id pair list (Unk8007D62C_Entry), 0x20 bytes
Unk8007D62C_Entry D_800A06EC_1887AC[16] = {
	{0x00, 0x19},
	{0x01, 0x28},
	{0x02, 0x21},
	{0x07, 0x1B},
	{0x0A, 0x22},
	{0x0D, 0x21},
	{0x0F, 0x25},
	{0x10, 0x19},
	{0x13, 0x2C},
	{0x17, 0x1A},
	{0x19, 0x1D},
	{0x1A, 0x30},
	{0x1C, 0x2B},
	{0x1F, 0x2F},
	{0xFF, 0xFF},
	{0x00, 0x00},
};

// AI - Animation frame/animation-id pair list (Unk8007D62C_Entry), 0x18 bytes
Unk8007D62C_Entry D_800A070C_1887CC[12] = {
	{0x01, 0x19},
	{0x07, 0x1B},
	{0x0D, 0x21},
	{0x0F, 0x25},
	{0x10, 0x19},
	{0x15, 0x1A},
	{0x17, 0x1A},
	{0x19, 0x1D},
	{0x1A, 0x30},
	{0x1C, 0x2B},
	{0x1F, 0x2F},
	{0xFF, 0xFF},
};

// AI - Animation frame/animation-id pair list (Unk8007D62C_Entry), 0x1C bytes
Unk8007D62C_Entry D_800A0724_1887E4[14] = {
	{0x00, 0x19},
	{0x01, 0x19},
	{0x07, 0x1B},
	{0x0D, 0x21},
	{0x0F, 0x25},
	{0x10, 0x19},
	{0x15, 0x1A},
	{0x17, 0x1A},
	{0x19, 0x1D},
	{0x1A, 0x30},
	{0x1C, 0x2B},
	{0x1F, 0x2F},
	{0xFF, 0xFF},
	{0x00, 0x00},
};

// AI - Animation frame/animation-id pair list (Unk8007D62C_Entry), 0x1C bytes
Unk8007D62C_Entry D_800A0740_188800[14] = {
	{0x01, 0x19},
	{0x07, 0x1B},
	{0x0D, 0x21},
	{0x0E, 0x1A},
	{0x0F, 0x25},
	{0x10, 0x19},
	{0x14, 0x2E},
	{0x17, 0x1A},
	{0x19, 0x1D},
	{0x1A, 0x30},
	{0x1C, 0x2B},
	{0x1F, 0x2F},
	{0xFF, 0xFF},
	{0x00, 0x00},
};

// AI - Animation frame/animation-id pair list (Unk8007D62C_Entry), 0x28 bytes
Unk8007D62C_Entry D_800A075C_18881C[20] = {
	{0x00, 0x19},
	{0x01, 0x28},
	{0x02, 0x21},
	{0x04, 0x19},
	{0x07, 0x1B},
	{0x08, 0x2D},
	{0x0A, 0x22},
	{0x0D, 0x21},
	{0x0E, 0x2C},
	{0x10, 0x19},
	{0x12, 0x30},
	{0x13, 0x2C},
	{0x14, 0x2E},
	{0x17, 0x1A},
	{0x19, 0x1D},
	{0x1A, 0x30},
	{0x1C, 0x2B},
	{0x1F, 0x2F},
	{0xFF, 0xFF},
	{0x00, 0x00},
};

// AI - Animation frame/animation-id pair list (Unk8007D62C_Entry), 0xC bytes
Unk8007D62C_Entry D_800A0784_188844[6] = {
	{0x00, 0x23},
	{0x02, 0x23},
	{0x05, 0x23},
	{0x1F, 0x2F},
	{0xFF, 0xFF},
	{0x00, 0x00},
};

// AI - Animation frame/animation-id pair list (Unk8007D62C_Entry), 0x1C bytes
Unk8007D62C_Entry D_800A0790_188850[14] = {
	{0x00, 0x19},
	{0x03, 0x28},
	{0x07, 0x1B},
	{0x08, 0x1B},
	{0x09, 0x21},
	{0x0A, 0x21},
	{0x0C, 0x25},
	{0x0D, 0x19},
	{0x0E, 0x1D},
	{0x17, 0x19},
	{0x1A, 0x2E},
	{0x1C, 0x2B},
	{0x1F, 0x2F},
	{0xFF, 0xFF},
};

// AI - Animation frame/animation-id pair list (Unk8007D62C_Entry), 0x20 bytes
Unk8007D62C_Entry D_800A07AC_18886C[16] = {
	{0x00, 0x19},
	{0x03, 0x28},
	{0x07, 0x1B},
	{0x08, 0x1B},
	{0x09, 0x21},
	{0x0A, 0x21},
	{0x0C, 0x25},
	{0x0D, 0x19},
	{0x0E, 0x1D},
	{0x17, 0x19},
	{0x1A, 0x2D},
	{0x1B, 0x2E},
	{0x1C, 0x2B},
	{0x1F, 0x2F},
	{0xFF, 0xFF},
	{0x00, 0x00},
};

// AI - Animation frame/animation-id pair list (Unk8007D62C_Entry), 0x20 bytes
Unk8007D62C_Entry D_800A07CC_18888C[16] = {
	{0x00, 0x19},
	{0x03, 0x28},
	{0x07, 0x1B},
	{0x08, 0x1B},
	{0x09, 0x21},
	{0x0A, 0x21},
	{0x0C, 0x25},
	{0x0D, 0x19},
	{0x0E, 0x1D},
	{0x12, 0x39},
	{0x16, 0x39},
	{0x17, 0x19},
	{0x1C, 0x2B},
	{0x1F, 0x2F},
	{0xFF, 0xFF},
	{0x00, 0x00},
};

// AI - Animation frame/animation-id pair list (Unk8007D62C_Entry), 0x20 bytes
Unk8007D62C_Entry D_800A07EC_1888AC[16] = {
	{0x00, 0x19},
	{0x03, 0x28},
	{0x07, 0x1B},
	{0x08, 0x1B},
	{0x09, 0x21},
	{0x0A, 0x21},
	{0x0C, 0x25},
	{0x0D, 0x19},
	{0x0E, 0x1D},
	{0x17, 0x19},
	{0x1A, 0x2D},
	{0x1B, 0x2E},
	{0x1C, 0x2B},
	{0x1F, 0x2F},
	{0xFF, 0xFF},
	{0x00, 0x00},
};

// AI - Animation frame/animation-id pair list (Unk8007D62C_Entry), 0x14 bytes
Unk8007D62C_Entry D_800A080C_1888CC[10] = {
	{0x00, 0x19},
	{0x03, 0x28},
	{0x09, 0x21},
	{0x0C, 0x25},
	{0x0D, 0x19},
	{0x1A, 0x2D},
	{0x1B, 0x2E},
	{0x1C, 0x2B},
	{0x1F, 0x2F},
	{0xFF, 0xFF},
};

// AI - Animation frame/animation-id pair list (Unk8007D62C_Entry), 0x14 bytes
Unk8007D62C_Entry D_800A0820_1888E0[10] = {
	{0x00, 0x19},
	{0x03, 0x28},
	{0x09, 0x21},
	{0x0C, 0x25},
	{0x0D, 0x19},
	{0x1A, 0x2D},
	{0x1B, 0x2E},
	{0x1C, 0x2B},
	{0x1F, 0x2F},
	{0xFF, 0xFF},
};

// AI - Animation frame/animation-id pair list (Unk8007D62C_Entry), 0x10 bytes
Unk8007D62C_Entry D_800A0834_1888F4[8] = {
	{0x03, 0x28},
	{0x0D, 0x19},
	{0x13, 0x39},
	{0x1A, 0x3C},
	{0x1B, 0x19},
	{0x1C, 0x2B},
	{0x1F, 0x2F},
	{0xFF, 0xFF},
};

// AI - Animation frame/animation-id pair list (Unk8007D62C_Entry), 0x1C bytes
Unk8007D62C_Entry D_800A0844_188904[14] = {
	{0x00, 0x19},
	{0x03, 0x28},
	{0x08, 0x3A},
	{0x09, 0x21},
	{0x0A, 0x19},
	{0x0C, 0x25},
	{0x0D, 0x3D},
	{0x16, 0x3B},
	{0x1A, 0x2D},
	{0x1B, 0x2E},
	{0x1C, 0x2B},
	{0x1F, 0x2F},
	{0xFF, 0xFF},
	{0x00, 0x00},
};

// AI - Animation frame/animation-id pair list (Unk8007D62C_Entry), 0x18 bytes
Unk8007D62C_Entry D_800A0860_188920[12] = {
	{0x00, 0x19},
	{0x03, 0x28},
	{0x07, 0x1A},
	{0x08, 0x1A},
	{0x09, 0x21},
	{0x0C, 0x25},
	{0x0D, 0x19},
	{0x1A, 0x2D},
	{0x1B, 0x2E},
	{0x1C, 0x2B},
	{0x1F, 0x2F},
	{0xFF, 0xFF},
};

// AI - Animation frame/animation-id pair list (Unk8007D62C_Entry), 0x18 bytes
Unk8007D62C_Entry D_800A0878_188938[12] = {
	{0x00, 0x19},
	{0x05, 0x1A},
	{0x06, 0x1A},
	{0x0A, 0x21},
	{0x0B, 0x28},
	{0x0D, 0x25},
	{0x0E, 0x19},
	{0x1A, 0x2D},
	{0x1B, 0x2E},
	{0x1C, 0x2B},
	{0x1F, 0x2F},
	{0xFF, 0xFF},
};

// AI - Animation frame/animation-id pair list (Unk8007D62C_Entry), 0x1C bytes
Unk8007D62C_Entry D_800A0890_188950[14] = {
	{0x00, 0x19},
	{0x05, 0x1A},
	{0x06, 0x1A},
	{0x0A, 0x21},
	{0x0B, 0x28},
	{0x0D, 0x25},
	{0x0E, 0x19},
	{0x12, 0x3B},
	{0x15, 0x1A},
	{0x1B, 0x3A},
	{0x1C, 0x2B},
	{0x1F, 0x2F},
	{0xFF, 0xFF},
	{0x00, 0x00},
};

// AI - Animation frame/animation-id pair list (Unk8007D62C_Entry), 0x18 bytes
Unk8007D62C_Entry D_800A08AC_18896C[12] = {
	{0x00, 0x19},
	{0x05, 0x1A},
	{0x06, 0x1A},
	{0x0A, 0x21},
	{0x0B, 0x28},
	{0x0E, 0x19},
	{0x10, 0x41},
	{0x1A, 0x30},
	{0x1B, 0x3A},
	{0x1C, 0x2B},
	{0x1F, 0x2F},
	{0xFF, 0xFF},
};

// AI - Animation frame/animation-id pair list (Unk8007D62C_Entry), 0x14 bytes
Unk8007D62C_Entry D_800A08C4_188984[10] = {
	{0x00, 0x19},
	{0x05, 0x1A},
	{0x06, 0x1A},
	{0x0A, 0x21},
	{0x0B, 0x28},
	{0x0D, 0x25},
	{0x0E, 0x19},
	{0x1A, 0x2D},
	{0x1F, 0x2F},
	{0xFF, 0xFF},
};

// AI - Animation frame/animation-id pair list (Unk8007D62C_Entry), 0x18 bytes
Unk8007D62C_Entry D_800A08D8_188998[12] = {
	{0x00, 0x19},
	{0x05, 0x1A},
	{0x06, 0x1A},
	{0x0A, 0x21},
	{0x0B, 0x28},
	{0x0E, 0x19},
	{0x12, 0x1D},
	{0x1A, 0x2D},
	{0x1B, 0x2E},
	{0x1C, 0x2B},
	{0x1F, 0x2F},
	{0xFF, 0xFF},
};

// AI - Animation frame/animation-id pair list (Unk8007D62C_Entry), 0x8 bytes
Unk8007D62C_Entry D_800A08F0_1889B0[4] = {
	{0x01, 0x3E},
	{0x04, 0x40},
	{0x1F, 0x2F},
	{0xFF, 0xFF},
};

// AI - Route-following state variables
f32 D_800A08F8_1889B8 = 0.0f;
s32 D_800A08FC_1889BC = 0x00000001;
s32 D_800A0900_1889C0 = 0x00000000;
s32 D_800A0904_1889C4 = 0x00000000;
s32 D_800A0908_1889C8 = 0x00000000;
s32 D_800A090C_1889CC = 0x00000000;
s32 D_800A0910_1889D0 = 0x00000000;
s32 D_800A0914_1889D4 = 0x00000000;
s32 D_800A0918_1889D8 = 0x00000000;
s32 D_800A091C_1889DC = 0x00000000;
s32 D_800A0920_1889E0 = 0x00000000;
s32 D_800A0924_1889E4 = 0x00000000;

// AI - Unnamed padding between route state scalars and fade tables
u8 pad_1889E8[4] = { 0x00, 0x00, 0x00, 0x00 };

// AI - Fade/scale table used to drive player colour/intensity over time (two instances)
f32 D_800A092C_1889EC[6] = {
	0.8f,
	0.7f,
	0.6f,
	0.4f,
	0.2f,
	0.0f,
};
f32 D_800A0944_188A04[6] = {
	0.8f,
	0.7f,
	0.6f,
	0.4f,
	0.2f,
	0.0f,
};

// AI - Route-following / view-state scalar variables (IDO pads each top-level item to 4 bytes)
s32 D_800A095C_188A1C = 0;
u8 D_800A0960_188A20 = 0x04;
s32 D_800A0964_188A24 = 0x00000001;
u8 D_800A0968_188A28 = 0x00;
u8 D_800A096C_188A2C = 0x00;
f32 D_800A0970_188A30 = 400.0f;
f32 D_800A0974_188A34 = 0.02f;
s32 D_800A0978_188A38 = 0x000003E8;
s32 D_800A097C_188A3C = 0x00000032;
f32 D_800A0980_188A40 = 40.0f;

// AI - Unnamed table (marker->animation?) referenced near D_800A0980
u8 D_188A44_unk[0x20] = {
	0x01,0x01,0x01,0x02,0x03,0x01,0x00,0x00,0x02,0x01,0x02,0x06,0x02,0x03,0x00,0x00,
	0x05,0x03,0x04,0x03,0x05,0x01,0x00,0x00,0x09,0x01,0x06,0x03,0x09,0x01,0x00,0x00,
};

// AI - Marker offset lookup (12 entries), indexed by marker id
UnkS8Pair D_800A09A4_188A64[12] = {
	{ 0x00, 0xFE },
	{ 0xFF, 0xFE },
	{ 0xFE, 0xFF },
	{ 0xFE, 0x00 },
	{ 0xFE, 0x01 },
	{ 0xFF, 0x02 },
	{ 0x00, 0x02 },
	{ 0x01, 0x02 },
	{ 0x02, 0x01 },
	{ 0x02, 0x00 },
	{ 0x02, 0xFF },
	{ 0x01, 0xFE },
};

// AI - Marker offset lookup (8 entries), indexed by marker id
UnkS8Pair D_800A09BC_188A7C[8] = {
	{ 0x00, 0xFF },
	{ 0xFF, 0xFF },
	{ 0xFF, 0x00 },
	{ 0xFF, 0x01 },
	{ 0x00, 0x01 },
	{ 0x01, 0x01 },
	{ 0x01, 0x00 },
	{ 0x01, 0xFF },
};

// AI - Unnamed camera/data table (float triplets & s16 pairs)
u8 D_188A8C_unk[0x50] = {
	0x43,0x89,0xB6,0xED,0x42,0x50,0x00,0x00,0x41,0x00,0x00,0x00,0x00,0x00,0x7B,0x3D,
	0x0C,0x88,0x00,0x89,0x43,0x84,0x00,0x00,0x42,0x48,0x00,0x00,0x42,0x20,0x00,0x00,
	0xFF,0xFF,0x80,0x00,0xFD,0x9A,0x00,0xC0,0x43,0x84,0x00,0x00,0x42,0x48,0x00,0x00,
	0x42,0x20,0x00,0x00,0xFF,0xFF,0xC2,0xD4,0xFD,0x9A,0x00,0xC0,0x00,0x00,0x00,0x00,
	0x00,0x00,0x00,0x00,0x00,0x01,0x02,0x03,0x04,0x05,0x00,0x00,0xFF,0xFF,0x00,0x00,
};

s32 D_800A0A1C_188ADC = 0x00000000;

// AI - Intro-area height map / terrain table (0xFF = no tile)
u8 D_188AE0_map[0x1C00] = {
	0xFF,0xFF,0xFF,0xFF,0xFF,0xFF,0xFF,0xFF,0xFF,0xFF,0xFF,0xFF,0xFF,0xFF,0xAB,0xAB,
	0xAB,0xB4,0xB4,0xFF,0xFF,0xFF,0xFF,0xFF,0xFF,0xFF,0xFF,0xFF,0xFF,0xFF,0xFF,0xFF,
	0xFF,0xFF,0xFF,0xFF,0xFF,0xFF,0xFF,0xFF,0xFF,0xFF,0xB4,0xB4,0xB0,0xB0,0xB0,0xB0,
	0xB0,0xAD,0xAA,0xB0,0xB4,0xAB,0xB4,0xFF,0xFF,0xFF,0xFF,0xFF,0xFF,0xFF,0xFF,0xFF,
	0xFF,0xFF,0xFF,0xFF,0xFF,0xFF,0xFF,0xFF,0xB4,0xB0,0xAD,0xB0,0x0F,0x0E,0x0D,0xB2,
	0x0B,0x0D,0x0C,0x0F,0xAD,0xB0,0xAD,0xAB,0xFF,0xFF,0xFF,0xFF,0xFF,0xFF,0xFF,0xFF,
	0xFF,0xFF,0xFF,0xFF,0xFF,0xFF,0xFF,0xAD,0xAD,0xB0,0xAA,0xB0,0x8E,0x09,0x08,0x06,
	0x05,0x08,0x09,0x0B,0x0F,0xAC,0xAA,0xAD,0xAD,0xB4,0xFF,0xFF,0xFF,0xFF,0xFF,0xFF,
	0xFF,0xFF,0xFF,0xFF,0xFF,0xFF,0xB0,0xAA,0xAD,0xB0,0x0E,0x02,0x6C,0x00,0x00,0x00,
	0x00,0x00,0x00,0x01,0x03,0x8E,0xB0,0xAD,0xAD,0xAD,0xB4,0xFF,0xFF,0xFF,0xFF,0xFF,
	0xFF,0xFF,0xFF,0xFF,0xFF,0xB0,0xAA,0xB0,0xB0,0xB0,0x8E,0x6C,0x00,0x0A,0x8E,0x8E,
	0x8E,0x8E,0x03,0x03,0x03,0x0B,0xB0,0xAA,0xAA,0xAA,0xAD,0xB4,0xFF,0xFF,0xFF,0xFF,
	0xFF,0xFF,0xFF,0xFF,0xAF,0xAA,0xAD,0xAD,0xAA,0xB0,0x0A,0x6C,0x4D,0xB4,0xB4,0xAB,
	0xAB,0xB4,0xF0,0x07,0x02,0x0B,0xB0,0xAD,0xAA,0xAD,0xAF,0xAD,0xFF,0xFF,0xFF,0xFF,
	0xFF,0xFF,0xFF,0xAB,0xAF,0xAA,0xAD,0xAD,0xB0,0xAA,0x8E,0x01,0x60,0x5E,0x5E,0x6D,
	0x66,0x66,0x66,0x53,0x03,0x0B,0xB0,0xAD,0xAA,0xAD,0xAF,0xAD,0xAF,0xFF,0xFF,0xFF,
	0xFF,0xFF,0xFF,0xAD,0xAF,0xAA,0xAD,0xAA,0xB0,0xAF,0x0D,0x04,0x58,0x72,0x68,0x5E,
	0x68,0x5E,0x68,0x6F,0x06,0x0B,0xAD,0xAD,0xAA,0xAD,0xAF,0xAD,0xAD,0xB4,0xFF,0xFF,
	0xFF,0xFF,0xAB,0xAD,0xAD,0xAF,0xAA,0xAD,0xAD,0xAB,0x8E,0x07,0x55,0x55,0x5A,0x69,
	0x61,0x69,0x69,0xA9,0x06,0x0B,0xAB,0xAF,0xAA,0xAD,0xAA,0xAF,0xAF,0xAB,0xFF,0xFF,
	0xFF,0xFF,0xAB,0xAD,0xAF,0xAD,0xAF,0xAD,0xAD,0xAB,0x8E,0x08,0x71,0x73,0x64,0x70,
	0x70,0x67,0x64,0x61,0x08,0x0C,0xAB,0xAB,0xAF,0xAD,0xAF,0xAD,0xAF,0xAB,0xB4,0xFF,
	0xFF,0xB4,0xAB,0xAF,0xAD,0xAF,0xAD,0xAF,0xAD,0xAB,0x0B,0x0A,0x5B,0x72,0x68,0x68,
	0x68,0x68,0x68,0x5C,0x08,0xB2,0xB4,0xAF,0xAD,0xAF,0xAD,0xAF,0xAF,0xAB,0xB4,0xFF,
	0xFF,0xAB,0xAB,0xAF,0xAD,0xAF,0xAD,0xB3,0xAD,0xB4,0x0C,0x8E,0x5B,0x5D,0x5D,0x7B,
	0x5D,0x59,0x5D,0x55,0x09,0xB2,0xB4,0xAD,0xAD,0xAF,0xAD,0xAF,0xAF,0xAB,0xAB,0xFF,
	0xFF,0xAB,0xAF,0xAB,0xAD,0xAA,0xAF,0xAD,0xAD,0xB4,0x0E,0x0B,0x4C,0x73,0x13,0x58,
	0x61,0x5B,0x61,0x71,0x0A,0x0B,0xB4,0xAD,0xAF,0xAA,0xAF,0xAB,0xAD,0xAB,0xAF,0xFF,
	0xFF,0xAB,0xAB,0xAF,0xAB,0xAF,0xAF,0xAD,0xAF,0xB4,0x0E,0x8E,0x55,0x59,0x59,0x68,
	0x68,0x59,0x68,0x5C,0x0A,0x8E,0xB4,0xAF,0xAF,0xAF,0xAB,0xAF,0xAB,0xAB,0xAB,0xB4,
	0xFF,0xAB,0xAB,0xAB,0xAF,0xAB,0xAF,0xAF,0xAD,0xB4,0x0E,0x0B,0x73,0x74,0x6A,0x5D,
	0x57,0x5D,0x59,0x5B,0x8E,0x8E,0xB4,0xAF,0xAB,0xAF,0xAB,0xAF,0xAB,0xAB,0xAB,0xB4,
	0xFF,0xAB,0xAB,0xAB,0xAF,0xAB,0xAF,0xAB,0xAD,0xB4,0x4D,0x8E,0x73,0x73,0x61,0x5B,
	0x55,0x73,0x55,0x4C,0x8E,0x0B,0xB4,0xAF,0xAB,0xAF,0xAB,0xAF,0xAB,0xAB,0xAB,0xFF,
	0xFF,0xAB,0xAB,0xAF,0xAB,0xAD,0xAB,0xAF,0xAB,0xB4,0x0E,0x0B,0x71,0x5B,0x58,0x58,
	0x69,0x58,0x64,0x73,0x8E,0x8E,0xB4,0xAB,0xAD,0xAB,0xAF,0xAB,0xAF,0xAB,0xAB,0xB4,
	0xFF,0xB4,0xAB,0xAB,0xAB,0xAB,0xAF,0xAB,0xAB,0xB4,0x0E,0x0B,0x73,0x57,0x59,0x59,
	0x59,0x59,0x59,0x55,0x8E,0x0C,0xB4,0xAB,0xAF,0xAB,0xAB,0xAB,0xAB,0xAB,0xAB,0xFF,
	0xFF,0xB4,0xAB,0xAB,0xAB,0xAB,0xAB,0xAB,0xAF,0xFF,0x4D,0x0B,0x73,0x65,0x74,0x64,
	0x65,0x74,0x6A,0x5C,0x8E,0xB2,0xB4,0xAB,0xAB,0xAB,0xAB,0xAB,0xAB,0xAB,0xB4,0xFF,
	0xFF,0xB4,0xB4,0xAB,0xAB,0xAB,0xAF,0xAB,0xAB,0xB4,0x0E,0x8E,0x71,0x71,0x55,0x5B,
	0x5B,0x73,0x73,0x4C,0x8E,0x0B,0xB4,0xAB,0xAF,0xAB,0xAB,0xAB,0xAB,0xB4,0xB4,0xFF,
	0xFF,0xFF,0xB4,0xAB,0xAB,0xAB,0xAB,0xAB,0xAB,0xB4,0xB2,0x8E,0x71,0x57,0x57,0x59,
	0x59,0x59,0x62,0x73,0x8E,0x8E,0xB4,0xAB,0xAB,0xAB,0xAB,0xAB,0xAB,0xB4,0xB4,0xFF,
	0xFF,0xFF,0xB4,0xB4,0xAB,0xAB,0xAB,0xAB,0xB4,0xB4,0x0D,0x8E,0x73,0x65,0x65,0x65,
	0x65,0x65,0x64,0x73,0x8E,0x8E,0xB4,0xAB,0xAB,0xAB,0xAB,0xAB,0xB4,0xB4,0xFF,0xFF,
	0xFF,0xFF,0xFF,0xB4,0xB4,0xAB,0xAB,0xAB,0xB4,0xB4,0x0C,0x8E,0x4C,0x71,0x71,0x71,
	0x71,0x71,0x55,0x4C,0x8E,0x0C,0xB4,0xAB,0xAB,0xAB,0xAB,0xAB,0xB4,0xFF,0xFF,0xFF,
	0xFF,0xFF,0xFF,0xB4,0xB4,0xB4,0xAB,0xAB,0xB4,0xB4,0x4D,0x8E,0x13,0x6A,0x6A,0x57,
	0x63,0x63,0x63,0x55,0x8E,0x0C,0xB4,0xAB,0xAB,0xB4,0xAB,0xB4,0xB4,0xFF,0xFF,0xFF,
	0xFF,0xFF,0xFF,0xFF,0xB4,0xB4,0xAB,0xAB,0xB4,0xB4,0x0E,0x8E,0x55,0x58,0x65,0x65,
	0x65,0x69,0x64,0x55,0x8E,0x0D,0xB4,0xB4,0xAB,0xAB,0xB4,0xB4,0xFF,0xFF,0xFF,0xFF,
	0xFF,0xFF,0xFF,0xFF,0xFF,0xB4,0xB4,0xB4,0xB4,0xB4,0x0E,0x8E,0x45,0x71,0x73,0x71,
	0x73,0x73,0x71,0x71,0x8E,0x0E,0xB4,0xAB,0xB4,0xB4,0xB4,0xFF,0xFF,0xFF,0xFF,0xFF,
	0xFF,0xFF,0xFF,0xFF,0xFF,0xFF,0xB4,0xB4,0xB4,0xB4,0xA8,0x8E,0x0F,0xFF,0xFF,0xFF,
	0xFF,0xFF,0xB4,0x10,0x0B,0x0F,0xB4,0xB4,0xB4,0xB4,0xFF,0xFF,0xFF,0xFF,0xFF,0xFF,
	0xFF,0xFF,0xFF,0xFF,0xFF,0xFF,0xFF,0xB4,0xB4,0xB4,0xAC,0x0C,0x0B,0x0B,0x0B,0x0D,
	0x0D,0x0B,0x0B,0x0C,0x0C,0xA8,0xB4,0xB4,0xB4,0xFF,0xFF,0xFF,0xFF,0xFF,0xFF,0xFF,
	0xFF,0xFF,0xFF,0xFF,0xFF,0xFF,0xFF,0xFF,0xFF,0xFF,0xAB,0x11,0x11,0x0E,0x10,0x0E,
	0x10,0x0F,0x0F,0x0F,0xAC,0xAB,0xFF,0xFF,0xFF,0xFF,0xFF,0xFF,0xFF,0xFF,0xFF,0xFF,
	0xFF,0xFF,0xFF,0xFF,0xFF,0xFF,0xFF,0xFF,0xFF,0xFF,0xFF,0xFF,0xFF,0xB4,0xB4,0xB4,
	0xB4,0xB4,0xB4,0xB4,0xFF,0xFF,0xFF,0xFF,0xFF,0xFF,0xFF,0xFF,0xFF,0xFF,0xFF,0xFF,
	0xFF,0xFF,0xFF,0xFF,0xFF,0xFF,0xFF,0xFF,0xFF,0xFF,0xFF,0xFF,0xFF,0xFF,0xFF,0xFF,
	0xFF,0xFF,0xFF,0xFF,0xFF,0xFF,0xFF,0xFF,0xFF,0xFF,0xFF,0xFF,0xFF,0xFF,0xFF,0xFF,
	0xFF,0xFF,0xFF,0xFF,0xFF,0xFF,0xFF,0xFF,0xFF,0xFF,0xFF,0xFF,0xFF,0xFF,0xAB,0xAB,
	0xAB,0xB4,0xB4,0xFF,0xFF,0xFF,0xFF,0xFF,0xFF,0xFF,0xFF,0xFF,0xFF,0xFF,0xFF,0xFF,
	0xFF,0xFF,0xFF,0xFF,0xFF,0xFF,0xFF,0xFF,0xFF,0xFF,0xB4,0xB4,0xB0,0xB0,0xB0,0x8E,
	0x0E,0xAD,0xAD,0xB0,0xB4,0xAB,0xB4,0xFF,0xFF,0xFF,0xFF,0xFF,0xFF,0xFF,0xFF,0xFF,
	0xFF,0xFF,0xFF,0xFF,0xFF,0xFF,0xFF,0xFF,0xB4,0xAD,0xB0,0xAD,0xB0,0xB0,0x0F,0x04,
	0x06,0xB0,0xB0,0xB0,0xAD,0xB0,0xAD,0xAB,0xFF,0xFF,0xFF,0xFF,0xFF,0xFF,0xFF,0xFF,
	0xFF,0xFF,0xFF,0xFF,0xFF,0xFF,0xFF,0xAD,0xAA,0xAD,0xB0,0xB0,0xB0,0xAC,0x8E,0x00,
	0x01,0x0E,0xAC,0xB0,0xB0,0xB0,0xAA,0xAD,0xAD,0xB4,0xFF,0xFF,0xFF,0xFF,0xFF,0xFF,
	0xFF,0xFF,0xFF,0xFF,0xFF,0xB4,0xAD,0xB0,0xAA,0xB0,0xA8,0x0F,0xA8,0xAE,0x08,0x00,
	0x00,0xB2,0xA8,0xAE,0xB2,0xB0,0xB0,0xAD,0xAD,0xAA,0xB4,0xFF,0xFF,0xFF,0xFF,0xFF,
	0xFF,0xFF,0xFF,0xFF,0xFF,0xAD,0xAA,0xAD,0xB0,0xB0,0x0B,0x8E,0xA8,0xAE,0x04,0x00,
	0x00,0x07,0xA8,0x0E,0x08,0xAE,0xB0,0xAA,0xAA,0xAD,0xAD,0xB4,0xFF,0xFF,0xFF,0xFF,
	0xFF,0xFF,0xFF,0xFF,0xAF,0xAA,0xAD,0xAD,0xB0,0xB0,0x0A,0x09,0xA8,0xAE,0x6C,0x00,
	0x00,0x06,0xA8,0xB2,0x08,0x0D,0xB0,0xAD,0x11,0xAD,0xAF,0xAD,0xFF,0xFF,0xFF,0xFF,
	0xFF,0xFF,0xFF,0xAB,0xAF,0xAD,0xAD,0x0F,0xAA,0xAE,0x09,0x06,0x0E,0xA8,0x00,0x00,
	0x00,0x02,0xAC,0x0D,0x09,0x0C,0xB0,0xAC,0x0E,0xAD,0xAF,0xAD,0xAF,0xFF,0xFF,0xFF,
	0xFF,0xFF,0xFF,0xAD,0xB3,0xAD,0xA8,0x0E,0xAA,0x0F,0x0A,0x09,0x0F,0xAE,0x6C,0x6C,
	0x6C,0x02,0xAC,0x8E,0x0A,0x8E,0xB0,0x10,0x4D,0xB0,0xAD,0xAD,0xAD,0xB4,0xFF,0xFF,
	0xFF,0xFF,0xAB,0xAD,0xAD,0xB3,0x0F,0x4D,0xAC,0x0D,0x8E,0x0A,0x0E,0x0D,0x03,0x03,
	0x03,0x03,0xA8,0x0B,0x0A,0x8E,0xAC,0x0F,0x0E,0xA9,0xAF,0xB3,0xAF,0xAB,0xFF,0xFF,
	0xFF,0xFF,0xAB,0xAD,0xAF,0xAD,0x0F,0x0E,0xA9,0x0C,0x8E,0x8E,0x0F,0x42,0x5E,0x5E,
	0x66,0x5E,0x0F,0x8E,0x8E,0x8E,0xA8,0x0F,0x0E,0xA8,0xAF,0xAD,0xAF,0xAB,0xB4,0xFF,
	0xFF,0xB4,0xAB,0xAF,0xAF,0xAD,0x0E,0x0E,0xA8,0x42,0x8E,0x8F,0x0E,0x60,0x68,0x5E,
	0x66,0x68,0x4B,0x60,0x60,0x67,0x0F,0x0F,0x0E,0x0F,0xAD,0xAF,0xAF,0xAB,0xB4,0xFF,
	0xFF,0xAB,0xAF,0xAD,0xAF,0xA9,0x0E,0x0E,0x12,0x61,0x64,0x58,0x73,0x60,0x68,0x5E,
	0x66,0x68,0x61,0x5A,0x58,0x69,0x13,0x73,0x61,0x4B,0xAB,0xAD,0xAF,0xAB,0xAB,0xFF,
	0xFF,0xAF,0xAB,0xAD,0xAF,0xAB,0x5B,0x55,0x71,0x5A,0x69,0x58,0x71,0x61,0x68,0x5E,
	0x5E,0x68,0x73,0x5C,0x58,0x69,0x0F,0x5B,0x58,0x61,0xAD,0xAB,0xAD,0xAB,0xAF,0xFF,
	0xFF,0xAB,0xAB,0xAF,0xAB,0xA9,0x55,0x55,0x71,0x69,0x69,0x58,0x5B,0x69,0x68,0x5E,
	0x5E,0x68,0x59,0x5C,0x58,0x69,0x55,0x5C,0x58,0x61,0xAB,0xAF,0xAB,0xAB,0xAB,0xB4,
	0xFF,0xAB,0xAB,0xAF,0xAB,0xA9,0x55,0x55,0x73,0x69,0x58,0x5F,0x5C,0x59,0x68,0x5E,
	0x5E,0x68,0x59,0x5C,0x58,0x58,0x69,0x73,0x5C,0x5A,0xF0,0xAF,0xAB,0xAB,0xAB,0xB4,
	0xFF,0xAB,0xAB,0xAF,0xAB,0x73,0x55,0x55,0x55,0x69,0x58,0x5F,0x5C,0x59,0x68,0x5E,
	0x5E,0x68,0x59,0x5C,0x58,0x58,0x69,0x71,0x55,0x55,0xA9,0xAB,0xAF,0xAB,0xAB,0xFF,
	0xFF,0xAB,0xAB,0xAB,0xAF,0x0F,0x55,0x55,0x73,0x58,0x58,0x5F,0x5B,0x59,0x68,0x5E,
	0x5E,0x68,0x62,0x5C,0x69,0x58,0x58,0x71,0x55,0x55,0xA9,0xAB,0xAB,0xAB,0xAB,0xB4,
	0xFF,0xB4,0xAB,0xAB,0xAB,0x12,0x55,0x55,0x73,0x58,0x58,0x5A,0x5B,0x59,0x68,0x5E,
	0x5E,0x68,0x59,0x5C,0x58,0x58,0x58,0x71,0x55,0x55,0xA9,0xAB,0xAB,0xAB,0xAB,0xFF,
	0xFF,0xB4,0xAB,0xAB,0xAB,0x0F,0x55,0x55,0x71,0x58,0x58,0x5A,0x5B,0x59,0x50,0x5E,
	0x5E,0x68,0x59,0x5C,0x58,0x58,0x58,0x71,0x55,0x55,0xAA,0xAB,0xAB,0xAB,0xB4,0xFF,
	0xFF,0xB4,0xB4,0xAB,0xB4,0x12,0x55,0x55,0x73,0x58,0x58,0x5C,0x5B,0x59,0x68,0x5E,
	0x5E,0x50,0x59,0x5C,0x58,0x58,0x58,0x71,0x55,0x55,0xAA,0xAB,0xAB,0xB4,0xB4,0xFF,
	0xFF,0xFF,0xB4,0xAB,0xAB,0x71,0x55,0x55,0x73,0x58,0x58,0x5C,0x55,0x57,0x62,0x5E,
	0x5E,0x78,0x59,0x5C,0x58,0x58,0x5F,0x71,0x73,0x55,0xA9,0xB4,0xAB,0xB4,0xB4,0xFF,
	0xFF,0xFF,0xB4,0xB4,0xB4,0xA9,0x55,0x55,0x71,0x5F,0x58,0x5B,0x5B,0x57,0x62,0x50,
	0x5E,0x5E,0x57,0x5C,0x58,0x5F,0x5A,0x71,0x73,0x55,0xA9,0xAB,0xB4,0xB4,0xFF,0xFF,
	0xFF,0xFF,0xFF,0xB4,0xB4,0xF0,0x55,0x55,0x71,0x5F,0x5F,0x5B,0x55,0x63,0x62,0x50,
	0x5E,0x62,0x57,0x5C,0x5F,0x5F,0x5F,0x71,0x73,0x55,0xAB,0xAB,0xB4,0xFF,0xFF,0xFF,
	0xFF,0xFF,0xFF,0xB4,0xB4,0xAB,0xA9,0x71,0xF0,0x5A,0x5A,0x55,0x55,0x6A,0x62,0x50,
	0x5E,0x62,0x63,0x5B,0x5F,0x5A,0x61,0xAB,0xF0,0xAA,0xB4,0xB4,0xB4,0xFF,0xFF,0xFF,
	0xFF,0xFF,0xFF,0xFF,0xB4,0xB4,0xB4,0xAB,0xAB,0x61,0x5A,0x55,0x5B,0x69,0x63,0x78,
	0x53,0x62,0x63,0x55,0x5A,0x5A,0x5A,0xAB,0xB4,0xB4,0xB4,0xB4,0xFF,0xFF,0xFF,0xFF,
	0xFF,0xFF,0xFF,0xFF,0xFF,0xB4,0xB4,0xB4,0xB4,0xA9,0x55,0x0F,0x55,0x69,0x63,0x62,
	0x62,0x70,0x6A,0x71,0x0F,0x71,0xAA,0xAB,0xB4,0xB4,0xB4,0xFF,0xFF,0xFF,0xFF,0xFF,
	0xFF,0xFF,0xFF,0xFF,0xFF,0xFF,0xB4,0xB4,0xB4,0xB4,0xAB,0xB4,0xAB,0x61,0x64,0x70,
	0x62,0x64,0x64,0xAB,0xB4,0xAB,0xB4,0xB4,0xB4,0xB4,0xFF,0xFF,0xFF,0xFF,0xFF,0xFF,
	0xFF,0xFF,0xFF,0xFF,0xFF,0xFF,0xFF,0xB4,0xB4,0xB4,0xB4,0xB4,0xAB,0x55,0x58,0x67,
	0x58,0x5F,0x5C,0xAB,0xB4,0xB4,0xB4,0xB4,0xB4,0xFF,0xFF,0xFF,0xFF,0xFF,0xFF,0xFF,
	0xFF,0xFF,0xFF,0xFF,0xFF,0xFF,0xFF,0xFF,0xFF,0xB4,0xB4,0xB4,0xB4,0x45,0x6F,0x6F,
	0x6F,0x60,0x42,0xB4,0xB4,0xB4,0xB4,0xFF,0xFF,0xFF,0xFF,0xFF,0xFF,0xFF,0xFF,0xFF,
	0xFF,0xFF,0xFF,0xFF,0xFF,0xFF,0xFF,0xFF,0xFF,0xFF,0xFF,0xFF,0xFF,0xB4,0xB4,0xB4,
	0xB4,0xB4,0xB4,0xB4,0xFF,0xFF,0xFF,0xFF,0xFF,0xFF,0xFF,0xFF,0xFF,0xFF,0xFF,0xFF,
	0xFF,0xFF,0xFF,0xFF,0xFF,0xFF,0xFF,0xFF,0xFF,0xFF,0xFF,0xFF,0xFF,0xFF,0xFF,0xFF,
	0xFF,0xFF,0xFF,0xFF,0xFF,0xFF,0xFF,0xFF,0xFF,0xFF,0xFF,0xFF,0xFF,0xFF,0xFF,0xFF,
	0xFF,0xFF,0xFF,0xFF,0xFF,0xFF,0xFF,0xFF,0xFF,0xFF,0xFF,0xFF,0xFF,0xFF,0xAB,0xAB,
	0xAB,0xB4,0xB4,0xFF,0xFF,0xFF,0xFF,0xFF,0xFF,0xFF,0xFF,0xFF,0xFF,0xFF,0xFF,0xFF,
	0xFF,0xFF,0xFF,0xFF,0xFF,0xFF,0xFF,0xFF,0xFF,0xFF,0xB4,0xB4,0xB0,0xB0,0xB0,0xFC,
	0x2C,0xB3,0xAA,0xB0,0xB4,0xAB,0xB4,0xFF,0xFF,0xFF,0xFF,0xFF,0xFF,0xFF,0xFF,0xFF,
	0xFF,0xFF,0xFF,0xFF,0xFF,0xFF,0xFF,0xFF,0xB4,0xAD,0xB0,0xAD,0xB0,0xB0,0x2C,0x25,
	0x24,0x1D,0xB0,0xB0,0xAD,0xB0,0xAD,0xAB,0xFF,0xFF,0xFF,0xFF,0xFF,0xFF,0xFF,0xFF,
	0xFF,0xFF,0xFF,0xFF,0xFF,0xFF,0xFF,0xAD,0xAA,0xAD,0xB0,0xB0,0xB0,0xAC,0x24,0x28,
	0x1B,0x1D,0xFC,0xB0,0xB0,0xB0,0xAA,0xAD,0xAD,0xB4,0xFF,0xFF,0xFF,0xFF,0xFF,0xFF,
	0xFF,0xFF,0xFF,0xFF,0xFF,0xB4,0xAD,0xB0,0xAA,0xB0,0xB0,0xAC,0x12,0x14,0x26,0x27,
	0x26,0x25,0x12,0xAC,0xFC,0xFC,0xAA,0xAD,0xAD,0xAD,0xB4,0xFF,0xFF,0xFF,0xFF,0xFF,
	0xFF,0xFF,0xFF,0xFF,0xFF,0xAD,0xAA,0xAD,0xB0,0xB0,0x2C,0x22,0xFC,0x2C,0x28,0x28,
	0x26,0x26,0x2C,0x13,0x22,0x23,0xB0,0xB0,0xAA,0xAA,0xAD,0xB4,0xFF,0xFF,0xFF,0xFF,
	0xFF,0xFF,0xFF,0xFF,0xAF,0xAA,0xAD,0xAD,0xB0,0xFC,0xFE,0xFE,0x2C,0x1E,0x28,0x28,
	0x28,0x26,0x24,0x1D,0xFE,0x1C,0xB0,0xAD,0xAA,0xAD,0xAF,0xAD,0xFF,0xFF,0xFF,0xFF,
	0xFF,0xFF,0xFF,0xAB,0xAF,0xAD,0xB0,0x2C,0x12,0x2C,0xFE,0xFE,0x22,0x27,0x26,0x28,
	0x26,0x26,0x1C,0x22,0xFE,0x1C,0xAC,0x12,0x2C,0xF0,0xAF,0xAD,0xAF,0xFF,0xFF,0xFF,
	0xFF,0xFF,0xFF,0xAD,0xAF,0xAD,0x2C,0x23,0x2C,0x1C,0xFE,0x1C,0x22,0x27,0x26,0x27,
	0x28,0x26,0x1C,0x22,0x1C,0x1C,0x2C,0x23,0x23,0xFC,0xAD,0xAD,0xAD,0xB4,0xFF,0xFF,
	0xFF,0xFF,0xAB,0xAD,0xAA,0xAF,0x23,0x23,0x4C,0xFE,0x1C,0xFE,0x22,0x1A,0x1B,0x1B,
	0x27,0x26,0xFD,0x22,0x1C,0xFE,0x2C,0x2C,0x23,0x2C,0xAF,0xAF,0xAF,0xAB,0xFF,0xFF,
	0xFF,0xFF,0xAB,0xAD,0xAF,0xAD,0x23,0x2C,0x4C,0x17,0x1C,0xFE,0x22,0x00,0x00,0x00,
	0x00,0x00,0x30,0x22,0x1D,0xFE,0x15,0x23,0x23,0x23,0xAF,0xAD,0xAF,0xAB,0xB4,0xFF,
	0xFF,0xB4,0xAB,0xAF,0xAF,0xAC,0x3E,0x13,0xFC,0x07,0x06,0x06,0x8E,0x00,0x00,0x00,
	0x00,0x00,0x00,0x0E,0x8E,0x07,0x07,0x23,0x23,0x2C,0xAD,0xAF,0xAF,0xAB,0xB4,0xFF,
	0xFF,0xAB,0xAF,0xAD,0xAF,0xA8,0x8E,0x0D,0x11,0x07,0x07,0x07,0x08,0x6C,0x6C,0x00,
	0x6C,0x6C,0x01,0x0F,0x8E,0x07,0x07,0x12,0x42,0x0B,0xA9,0xAF,0xAF,0xAB,0xAB,0xFF,
	0xFF,0xAF,0xAB,0xAF,0xAF,0xA9,0x8E,0x0E,0x10,0x07,0x08,0x09,0x8E,0x02,0x01,0x6C,
	0x6C,0x6C,0x01,0x0E,0x8E,0x08,0x08,0x10,0x0D,0x8E,0xA9,0xAF,0xAB,0xAF,0xAB,0xFF,
	0xFF,0xAB,0xAB,0xAB,0xAF,0xA9,0x8E,0x4D,0x0E,0x08,0x08,0x0A,0x8E,0x03,0x01,0x6C,
	0x6C,0x6C,0x02,0x0B,0x8E,0x08,0x08,0x0E,0x0C,0x8E,0xAC,0xAF,0xAB,0xAB,0xAB,0xB4,
	0xFF,0xAB,0xAB,0xAB,0xAF,0xB0,0x8E,0x0C,0x0F,0x08,0x08,0x0A,0x0B,0x03,0x01,0x6C,
	0x01,0x6C,0x02,0x8E,0x0A,0x08,0x08,0x4D,0x0B,0x8E,0x0F,0xAF,0xAB,0xAB,0xAB,0xB4,
	0xFF,0xAB,0xAB,0xAB,0xAF,0xAC,0x8E,0x0D,0x4D,0x09,0x08,0x0A,0x0A,0x03,0x01,0x01,
	0x01,0x01,0x08,0x0A,0x0A,0x09,0x08,0x4D,0x0B,0x8E,0xA8,0xAF,0xAB,0xAB,0xAB,0xFF,
	0xFF,0xAB,0xAB,0xAF,0xAB,0x11,0x0B,0x0D,0x0E,0x08,0x09,0x0A,0x8E,0x03,0x01,0x01,
	0x01,0x02,0x07,0x0A,0x0A,0x09,0x09,0x0D,0x0C,0x8E,0xA8,0xAB,0xAF,0xAB,0xAB,0xB4,
	0xFF,0xB4,0xAB,0xAB,0xAB,0xB0,0x0B,0x4D,0x10,0x0A,0x09,0x0A,0x0C,0x03,0x02,0x01,
	0x01,0x02,0x06,0x8E,0x0A,0x09,0x09,0x4D,0x0B,0x8E,0xA9,0xAB,0xAB,0xAB,0xAB,0xFF,
	0xFF,0xB4,0xAB,0xAB,0xAB,0xB0,0x0C,0x0F,0x10,0x0A,0x09,0x0A,0x0B,0x03,0x02,0x02,
	0x02,0x02,0x06,0x8E,0x0A,0x09,0x09,0x0E,0x0D,0x8E,0xAA,0xAB,0xAB,0xAB,0xB4,0xFF,
	0xFF,0xB4,0xB4,0xAB,0xAB,0x11,0x0E,0x10,0x4D,0x0A,0x0A,0x8E,0x0D,0x05,0x02,0x02,
	0x02,0x02,0x05,0x0B,0x8E,0x09,0x0A,0x4D,0x0D,0x0B,0x0F,0x10,0xAB,0xB4,0xB4,0xFF,
	0xFF,0xFF,0xB4,0xAB,0x0F,0x0F,0x0E,0x4D,0x0E,0x0A,0x8E,0x0C,0x0D,0x04,0x03,0x03,
	0x03,0x03,0x05,0x8E,0x0B,0x0A,0x0B,0x0E,0x0D,0x0D,0x0F,0xAE,0xA9,0xB4,0xB4,0xFF,
	0xFF,0xFF,0xB4,0xB4,0x10,0x0F,0x0F,0x0D,0xB2,0x4D,0x0C,0x0B,0x8E,0x06,0x03,0x03,
	0x03,0x03,0x03,0x0A,0x0D,0x0B,0x8E,0x0B,0x0D,0x0E,0x10,0x10,0xAB,0xB4,0xFF,0xFF,
	0xFF,0xFF,0xFF,0xB4,0x10,0xA9,0x0F,0x0D,0x0D,0x0D,0x0A,0x0A,0x0A,0x07,0x03,0x03,
	0x03,0x03,0x05,0x0A,0x0A,0x8E,0x0C,0x0D,0x0D,0x0E,0xA9,0xAA,0xB4,0xFF,0xFF,0xFF,
	0xFF,0xFF,0xFF,0xB4,0xB4,0xAB,0x10,0x0D,0x0D,0x0D,0x0A,0x0A,0x0A,0x09,0x04,0x04,
	0x04,0x04,0x05,0x0A,0x0A,0x0A,0x0C,0x0D,0x4D,0x0E,0xB4,0xB4,0xB4,0xFF,0xFF,0xFF,
	0xFF,0xFF,0xFF,0xFF,0xB4,0xB4,0xA8,0x4D,0x0F,0x0A,0x0A,0x0A,0x0A,0x0A,0x05,0x05,
	0x05,0x05,0x08,0x0A,0x0A,0x0A,0x0A,0xAC,0xAC,0x10,0xB4,0xB4,0xFF,0xFF,0xFF,0xFF,
	0xFF,0xFF,0xFF,0xFF,0xFF,0xB4,0xB4,0xB4,0xAB,0x0B,0x0A,0x8E,0x0A,0x0A,0x07,0x05,
	0x05,0x06,0x09,0x8E,0x0A,0x8E,0x8E,0xAC,0xB4,0xB4,0xB4,0xFF,0xFF,0xFF,0xFF,0xFF,
	0xFF,0xFF,0xFF,0xFF,0xFF,0xFF,0xB4,0xB4,0xB4,0x0C,0x8E,0x8E,0x8E,0x8E,0x0A,0x06,
	0x06,0x08,0x0B,0x8E,0x8E,0x8E,0x8E,0xAB,0xB4,0xB4,0xFF,0xFF,0xFF,0xFF,0xFF,0xFF,
	0xFF,0xFF,0xFF,0xFF,0xFF,0xFF,0xFF,0xFF,0xB4,0x0F,0x8E,0x8E,0x10,0xB4,0x0E,0x09,
	0x08,0x0C,0xAB,0xB3,0x0F,0xB2,0x0C,0xB4,0xB4,0xFF,0xFF,0xFF,0xFF,0xFF,0xFF,0xFF,
	0xFF,0xFF,0xFF,0xFF,0xFF,0xFF,0xFF,0xFF,0xFF,0xAB,0xF0,0xB4,0xB4,0xB4,0xB4,0x0E,
	0x4D,0xB4,0xB4,0xB4,0xB4,0xAB,0xB4,0xFF,0xFF,0xFF,0xFF,0xFF,0xFF,0xFF,0xFF,0xFF,
	0xFF,0xFF,0xFF,0xFF,0xFF,0xFF,0xFF,0xFF,0xFF,0xFF,0xFF,0xFF,0xFF,0xB4,0xB4,0xB4,
	0xB4,0xB4,0xB4,0xB4,0xFF,0xFF,0xFF,0xFF,0xFF,0xFF,0xFF,0xFF,0xFF,0xFF,0xFF,0xFF,
	0xFF,0xFF,0xFF,0xFF,0xFF,0xFF,0xFF,0xFF,0xFF,0xFF,0xFF,0xFF,0xFF,0xFF,0xFF,0xFF,
	0xFF,0xFF,0xFF,0xFF,0xFF,0xFF,0xFF,0xFF,0xFF,0xFF,0xFF,0xFF,0xFF,0xFF,0xFF,0xFF,
	0xFF,0xFF,0xFF,0xFF,0xFF,0xFF,0xFF,0xFF,0xFF,0xFF,0xFF,0xFF,0xFF,0xFF,0xAB,0xAB,
	0xAB,0xB4,0xB4,0xFF,0xFF,0xFF,0xFF,0xFF,0xFF,0xFF,0xFF,0xFF,0xFF,0xFF,0xFF,0xFF,
	0xFF,0xFF,0xFF,0xFF,0xFF,0xFF,0xFF,0xFF,0xFF,0xFF,0xB4,0xB4,0xB0,0xB0,0xB0,0xB0,
	0xB0,0xAD,0xAA,0xB0,0xB4,0xAB,0xB4,0xFF,0xFF,0xFF,0xFF,0xFF,0xFF,0xFF,0xFF,0xFF,
	0xFF,0xFF,0xFF,0xFF,0xFF,0xFF,0xFF,0xFF,0xB4,0xAD,0xB0,0xAD,0xB0,0xA8,0x8E,0x8E,
	0x8E,0x8E,0xA8,0xB0,0xAD,0xB0,0xAD,0xAB,0xFF,0xFF,0xFF,0xFF,0xFF,0xFF,0xFF,0xFF,
	0xFF,0xFF,0xFF,0xFF,0xFF,0xFF,0xFF,0xAD,0xAA,0xAD,0xAB,0xB0,0xB0,0x0D,0x6C,0x01,
	0x01,0x02,0xAC,0xB0,0xB0,0xB0,0xAA,0xAD,0xAD,0xB4,0xFF,0xFF,0xFF,0xFF,0xFF,0xFF,
	0xFF,0xFF,0xFF,0xFF,0xFF,0xB4,0xAD,0xB0,0xAA,0xA9,0x55,0x61,0x56,0x54,0x6E,0x6E,
	0x6E,0x53,0x56,0x69,0x67,0x55,0xA9,0xAA,0xAD,0xAD,0xB4,0xFF,0xFF,0xFF,0xFF,0xFF,
	0xFF,0xFF,0xFF,0xFF,0xFF,0xAD,0xAA,0xAD,0xB0,0x12,0x5B,0x5A,0x56,0x53,0x6E,0x02,
	0x6E,0x53,0x56,0x6F,0x67,0x5B,0x10,0xAD,0xAA,0xAA,0xAD,0xB4,0xFF,0xFF,0xFF,0xFF,
	0xFF,0xFF,0xFF,0xFF,0xAF,0xAD,0xAA,0xAD,0xB0,0xA9,0x5B,0x5A,0x56,0x53,0x6E,0x34,
	0x6E,0x53,0x56,0x67,0x67,0x5B,0xA9,0xAD,0xAA,0xAD,0xAF,0xAD,0xFF,0xFF,0xFF,0xFF,
	0xFF,0xFF,0xFF,0xAB,0xAF,0xAD,0xAA,0xAD,0xAA,0xA9,0x5B,0x5A,0x56,0x53,0x6E,0x6E,
	0x6E,0x54,0x56,0x67,0x67,0x55,0xA9,0xAD,0xAA,0xAD,0xAF,0xAD,0xAF,0xFF,0xFF,0xFF,
	0xFF,0xFF,0xFF,0xAD,0xAF,0xAA,0xAA,0xAD,0xB0,0x10,0x55,0x5A,0x56,0x54,0x6E,0x34,
	0x6E,0x54,0x56,0x67,0x67,0x73,0x10,0xAD,0xAA,0xAD,0xAF,0xAD,0xAD,0xB4,0xFF,0xFF,
	0xFF,0xFF,0xAB,0xAD,0xAD,0xAF,0xAA,0xAA,0xAD,0x12,0x55,0x61,0x56,0x54,0x6E,0x6E,
	0x6E,0x56,0x6F,0x67,0x67,0x73,0x13,0xAA,0xAD,0xAA,0xAD,0xB3,0xAF,0xAB,0xFF,0xFF,
	0xFF,0xFF,0xAB,0xAD,0xAF,0xAD,0xAF,0xAD,0xAD,0x13,0x73,0x42,0x31,0x09,0x07,0x85,
	0x06,0x0A,0x8E,0x3E,0xCB,0x10,0xA8,0xAD,0xAF,0xAD,0xAF,0xAD,0xAF,0xAB,0xB4,0xFF,
	0xFF,0xB4,0xAB,0xAD,0xAF,0xAD,0xAF,0xAD,0xAA,0xB1,0xB7,0xBC,0xBC,0xBD,0xBA,0xBF,
	0xBA,0xBD,0xBC,0xBC,0xBC,0xB7,0xB1,0xAF,0xAD,0xAF,0xAD,0xAF,0xAF,0xAB,0xB4,0xFF,
	0xFF,0xAB,0xAF,0xAD,0xAF,0xAD,0xAF,0xAD,0xAA,0xB1,0xB7,0xBC,0xBC,0xBC,0xBD,0xBA,
	0xBD,0xBD,0xBC,0xBC,0xBC,0xB7,0xB1,0xAA,0xAD,0xAF,0xAD,0xAF,0xAF,0xAB,0xAB,0xFF,
	0xFF,0xAF,0xAB,0xAF,0xAD,0xB3,0xAD,0xAF,0xAA,0xB1,0xB7,0xB7,0xBC,0xBC,0xBD,0xCE,
	0xBD,0xBC,0xBC,0xB7,0xB7,0xB5,0xB1,0xAA,0xAF,0xAD,0xB3,0xAB,0xAD,0xAB,0xAF,0xFF,
	0xFF,0xAB,0xAB,0xAF,0xAB,0xAF,0xAF,0xAF,0xAD,0xB1,0xB7,0xB7,0xBC,0xBC,0xBC,0xCE,
	0xBC,0xBC,0xBC,0xB7,0xB7,0xB7,0xB1,0xAF,0xAF,0xAF,0xAF,0xAB,0xAF,0xAB,0xAB,0xFF,
	0xFF,0xAB,0xAB,0xAB,0xAF,0xAB,0xAF,0xAF,0xAD,0xCF,0xB5,0xB7,0xB7,0xBC,0xBF,0x07,
	0x08,0xC1,0xB7,0xB7,0xB7,0xB5,0xB1,0xAF,0xAB,0xAF,0xAB,0xAF,0xAB,0xAB,0xAB,0xB4,
	0xFF,0xAB,0xAB,0xAB,0xAF,0xAB,0xAF,0xAB,0xAD,0xCF,0xB5,0xB7,0xB7,0xBC,0xC2,0x53,
	0x53,0xC1,0xB7,0xB7,0xB9,0xB5,0xB1,0xAF,0xAF,0xAF,0xAB,0xAF,0xAB,0xAB,0xAB,0xFF,
	0xFF,0xAB,0xAB,0xAF,0xAB,0xAD,0xAB,0xAD,0xAB,0xB0,0xB5,0xB9,0xB7,0xBC,0xBF,0x53,
	0x54,0xBE,0xB7,0xB9,0xBC,0xB5,0xB1,0xB0,0xAB,0xAF,0xAB,0xAF,0xAB,0xAB,0xAB,0xB4,
	0xFF,0xB4,0xAB,0xAB,0xAB,0xAB,0xAF,0xAB,0xAD,0xC0,0xB5,0xB9,0xB7,0xBC,0xC1,0x53,
	0x54,0x8E,0xBB,0xBB,0xB9,0xB5,0xB1,0xAB,0xAF,0xAB,0xAB,0xAB,0xAB,0xAB,0xAB,0xFF,
	0xFF,0xB4,0xAB,0xAB,0xAB,0xAB,0xAB,0xAB,0xAD,0xC0,0xB5,0x4B,0x5F,0x6F,0x54,0x53,
	0x54,0x56,0x5F,0x61,0x5B,0xB9,0xB6,0xAB,0xAB,0xAB,0xAB,0xAB,0xAB,0xAB,0xB4,0xFF,
	0xFF,0xB4,0xB4,0xAB,0xAB,0xAB,0xAB,0xAB,0xAD,0xC0,0xB5,0x4B,0x5A,0x6F,0x54,0x53,
	0x54,0x6F,0x60,0x5A,0x5B,0xB6,0xB1,0xAF,0xAF,0xAB,0xAB,0xAB,0xAB,0xB4,0xB4,0xFF,
	0xFF,0xFF,0xB4,0xAB,0xAB,0xAB,0xAF,0xAB,0xAD,0xB0,0xB5,0xC6,0x0C,0xD9,0x09,0x54,
	0x54,0x31,0xCB,0xB8,0xB8,0xB6,0xB1,0xAF,0xAB,0xAB,0xAB,0xAB,0xAB,0xB4,0xB4,0xFF,
	0xFF,0xFF,0xB4,0xB4,0xAB,0xAB,0xAB,0xAB,0xAB,0xAF,0xB5,0xB9,0xB9,0xBC,0xBA,0x54,
	0x54,0xBE,0xB9,0xB9,0xB5,0xB5,0xB6,0xAB,0xAB,0xAB,0xAB,0xAB,0xB4,0xB4,0xFF,0xFF,
	0xFF,0xFF,0xFF,0xB4,0xB4,0xAB,0xAB,0xAB,0xAB,0xC0,0xB5,0xB5,0xB9,0xB9,0xBD,0x54,
	0x54,0xC1,0xB9,0xB9,0xB5,0xB5,0xB1,0xAB,0xAB,0xAB,0xAB,0xAB,0xB4,0xFF,0xFF,0xFF,
	0xFF,0xFF,0xFF,0xB4,0xB4,0xB4,0xAB,0xAB,0xAB,0xAF,0xB5,0xB5,0xB9,0xB9,0xBD,0x54,
	0x56,0xBE,0xB9,0xB9,0xB5,0xB6,0xB1,0xAB,0xAB,0xB4,0xAB,0xB4,0xB4,0xFF,0xFF,0xFF,
	0xFF,0xFF,0xFF,0xFF,0xB4,0xB4,0xAB,0xAB,0xAB,0xB4,0xB6,0xB9,0xB9,0xB9,0xD0,0xBF,
	0xC1,0xBB,0xB9,0xB9,0xB5,0xB6,0xB1,0xAB,0xAB,0xAB,0xB4,0xB4,0xFF,0xFF,0xFF,0xFF,
	0xFF,0xFF,0xFF,0xFF,0xFF,0xB4,0xB4,0xB4,0xAB,0xB4,0xB6,0xB5,0xB9,0xB9,0xC7,0xBC,
	0xC7,0xB9,0xB9,0xB5,0xB5,0xB6,0xB1,0xAB,0xB4,0xB4,0xB4,0xFF,0xFF,0xFF,0xFF,0xFF,
	0xFF,0xFF,0xFF,0xFF,0xFF,0xFF,0xB4,0xB4,0xB4,0xAB,0xB1,0xB6,0xB9,0xB9,0xC7,0xBC,
	0xC7,0xB9,0xB9,0xB5,0xB5,0xB6,0xC0,0xB4,0xB4,0xB4,0xFF,0xFF,0xFF,0xFF,0xFF,0xFF,
	0xFF,0xFF,0xFF,0xFF,0xFF,0xFF,0xFF,0xFF,0xB4,0xB4,0xCF,0xB1,0xB1,0xB1,0xCF,0xB1,
	0xB1,0xCF,0xB1,0xC0,0xC0,0xC0,0xAF,0xB4,0xB4,0xFF,0xFF,0xFF,0xFF,0xFF,0xFF,0xFF,
	0xFF,0xFF,0xFF,0xFF,0xFF,0xFF,0xFF,0xFF,0xFF,0xFF,0xB4,0x4C,0xB4,0xB4,0xB4,0xB4,
	0xB4,0xB4,0xB4,0xB4,0xB4,0xB4,0xB4,0xFF,0xFF,0xFF,0xFF,0xFF,0xFF,0xFF,0xFF,0xFF,
	0xFF,0xFF,0xFF,0xFF,0xFF,0xFF,0xFF,0xFF,0xFF,0xFF,0xFF,0xFF,0xFF,0xB4,0xB4,0xB4,
	0xB4,0xB4,0xB4,0xB4,0xFF,0xFF,0xFF,0xFF,0xFF,0xFF,0xFF,0xFF,0xFF,0xFF,0xFF,0xFF,
	0xFF,0xFF,0xFF,0xFF,0xFF,0xFF,0xFF,0xFF,0xFF,0xFF,0xFF,0xFF,0xFF,0xFF,0xFF,0xFF,
	0xFF,0xFF,0xFF,0xFF,0xFF,0xFF,0xFF,0xFF,0xFF,0xFF,0xFF,0xFF,0xFF,0xFF,0xFF,0xFF,
	0xFF,0xFF,0xFF,0xFF,0xFF,0xFF,0xFF,0xFF,0xFF,0xFF,0xFF,0xFF,0x97,0xA1,0xA1,0xA1,
	0xA1,0xA1,0xA5,0xFF,0xFF,0xFF,0xFF,0xFF,0xFF,0xFF,0xFF,0xFF,0xFF,0xFF,0xFF,0xFF,
	0xFF,0xFF,0xFF,0xFF,0xFF,0xFF,0xFF,0xFF,0xFF,0xFF,0xA1,0xA2,0xA2,0xA2,0xA2,0xA2,
	0x9C,0xA0,0x9B,0xA0,0x96,0x8D,0x4C,0xFF,0xFF,0xFF,0xFF,0xFF,0xFF,0xFF,0xFF,0xFF,
	0xFF,0xFF,0xFF,0xFF,0xFF,0xFF,0xFF,0xFF,0x8D,0x9B,0xA0,0x9C,0x9B,0xA0,0xA0,0xA0,
	0xA0,0xA0,0xA0,0x9C,0xA0,0x9C,0x9C,0xA1,0x97,0xFF,0xFF,0xFF,0xFF,0xFF,0xFF,0xFF,
	0xFF,0xFF,0xFF,0xFF,0xFF,0xFF,0x97,0x89,0x87,0x89,0x89,0x9A,0x9D,0xA7,0x02,0x6C,
	0x02,0xA7,0x92,0x99,0xA0,0x9C,0x9C,0xA2,0x9C,0x97,0xFF,0xFF,0xFF,0xFF,0xFF,0xFF,
	0xFF,0xFF,0xFF,0xFF,0xFF,0xA1,0x9B,0x89,0x87,0x99,0xA7,0x00,0x00,0x00,0x00,0x2E,
	0x32,0x00,0x00,0x00,0x00,0xA7,0x9A,0x9B,0x9C,0xA2,0xA1,0xFF,0xFF,0xFF,0xFF,0xFF,
	0xFF,0xFF,0xFF,0xFF,0x97,0xA6,0x9B,0x89,0x99,0x4E,0x00,0x00,0x00,0x00,0x6C,0x2E,
	0x2E,0x4E,0x00,0x00,0x00,0x00,0x6C,0x9D,0x9B,0xA6,0x9C,0x97,0xFF,0xFF,0xFF,0xFF,
	0xFF,0xFF,0xFF,0xFF,0x96,0x9B,0x96,0x84,0x04,0x01,0x00,0x00,0x00,0x00,0x32,0x2E,
	0x2E,0x32,0x00,0x00,0x00,0x00,0x00,0x6C,0x05,0x9B,0x9B,0xA6,0x97,0xFF,0xFF,0xFF,
	0xFF,0xFF,0xFF,0x8D,0x96,0x96,0x8A,0x04,0x04,0x02,0x00,0x00,0x00,0x6C,0x16,0x18,
	0x18,0x18,0x4E,0x00,0x00,0x00,0x6C,0x6C,0x02,0x91,0x96,0x9C,0x9C,0xFF,0xFF,0xFF,
	0xFF,0xFF,0x97,0x96,0x87,0x9E,0x06,0x05,0x04,0x02,0x6C,0x00,0x00,0x32,0x2F,0x2F,
	0x2F,0x1B,0x18,0x00,0x6C,0x6C,0x02,0x01,0x03,0x03,0x8B,0x98,0xA2,0xA1,0xFF,0xFF,
	0xFF,0xFF,0xA6,0x96,0x89,0x85,0x05,0x85,0x05,0x04,0x6C,0x00,0x4E,0x1B,0x36,0x2F,
	0x36,0x1B,0x1B,0x2D,0x01,0x03,0x02,0x03,0x03,0x04,0x07,0x9B,0x98,0x98,0xFF,0xFF,
	0xFF,0x97,0xA6,0x96,0x8B,0x05,0x05,0x05,0x04,0x04,0x02,0x01,0x1B,0x33,0x26,0x36,
	0x36,0x26,0x26,0x1B,0x34,0x02,0x03,0x03,0x03,0x04,0x04,0x8B,0x98,0x98,0x97,0xFF,
	0xFF,0xA1,0x9C,0x96,0x07,0x05,0x05,0x04,0x03,0x03,0x03,0x26,0x26,0x26,0x26,0x36,
	0x36,0x26,0x26,0x33,0x2F,0x85,0x02,0x03,0x03,0x04,0x04,0x07,0x9F,0x98,0x97,0xFF,
	0xFF,0x98,0xA6,0x9F,0x05,0x06,0x05,0x04,0x03,0x01,0x2D,0x28,0x26,0x28,0x26,0x33,
	0x38,0x36,0x47,0x47,0x3D,0x44,0x02,0x02,0x03,0x03,0x04,0x06,0xA3,0x98,0x98,0xFF,
	0x97,0x8D,0x9B,0x9E,0x06,0x06,0x06,0x04,0x02,0x34,0x28,0x28,0x38,0x28,0x28,0x38,
	0x3D,0x47,0x3D,0x47,0x47,0x40,0x53,0x02,0x02,0x03,0x03,0x05,0x93,0x98,0x98,0x97,
	0x97,0xA5,0x96,0x8B,0x06,0x07,0x06,0x05,0x01,0x2F,0x28,0x28,0x28,0x28,0x28,0x28,
	0x47,0x38,0x47,0x47,0x40,0x3D,0x47,0x34,0x01,0x02,0x03,0x05,0x0A,0x98,0x98,0x97,
	0x97,0x8D,0x8D,0x8A,0x06,0x07,0x07,0x06,0x2D,0x28,0x28,0x28,0x28,0x28,0x28,0x28,
	0x28,0x38,0x38,0x38,0x38,0x38,0x47,0x43,0x03,0x03,0x03,0x04,0x07,0x98,0x98,0x97,
	0x97,0xA6,0x8D,0x8A,0x06,0xD7,0x07,0x07,0x2A,0x38,0x28,0x28,0x28,0x28,0x28,0x38,
	0x38,0x28,0x38,0x28,0x28,0x39,0x38,0x47,0x34,0x03,0x04,0x06,0x91,0x98,0x98,0x97,
	0x4C,0x8D,0xA5,0x09,0x04,0x06,0x07,0x08,0x28,0x27,0x27,0x27,0x27,0x27,0x27,0x28,
	0x27,0x28,0x27,0x39,0x38,0x28,0x27,0x39,0x43,0x07,0x08,0x09,0x86,0x98,0xA1,0x97,
	0x97,0xA5,0x8D,0x93,0x04,0x05,0x06,0x31,0x28,0x28,0x39,0x38,0x38,0x40,0x38,0x28,
	0x39,0x28,0x28,0x39,0x38,0x27,0x28,0x39,0x3C,0x08,0x09,0x09,0x90,0x98,0xA1,0xFF,
	0xFF,0xA5,0x98,0xA3,0x04,0x04,0x05,0x31,0x28,0x38,0x40,0x40,0x38,0x40,0x38,0x28,
	0x39,0x38,0x39,0x38,0x39,0x27,0x28,0x39,0x3C,0x08,0x08,0x09,0xA4,0x8D,0xA1,0xFF,
	0xFF,0x97,0x98,0x8D,0x85,0x04,0x04,0x43,0x39,0x40,0x40,0x40,0x38,0x40,0x40,0x28,
	0x39,0x38,0x39,0x38,0x39,0x27,0x28,0x39,0x49,0x07,0x07,0x08,0x8D,0xA1,0x97,0xFF,
	0xFF,0x4C,0xA1,0x98,0x9F,0x05,0x04,0x09,0x38,0x40,0x40,0x40,0x41,0x40,0x40,0x27,
	0x28,0x27,0x27,0x39,0x27,0x20,0x39,0x40,0x43,0x07,0x07,0xA3,0x98,0x8D,0xFF,0xFF,
	0xFF,0xFF,0x97,0xA1,0x9C,0x8A,0x05,0x05,0x3C,0x40,0x40,0x40,0x40,0x40,0x40,0x40,
	0x39,0x27,0x20,0x27,0x27,0x39,0x40,0x3F,0x08,0x07,0x09,0x8D,0x98,0x97,0xFF,0xFF,
	0xFF,0xFF,0xFF,0xA1,0x98,0x9E,0x06,0x06,0x54,0x3F,0x40,0x40,0x40,0x40,0x40,0x40,
	0x40,0x40,0x39,0x40,0x41,0x39,0x39,0x35,0x09,0x08,0xA4,0x8D,0xA1,0xFF,0xFF,0xFF,
	0xFF,0xFF,0xFF,0x97,0xA1,0x98,0xA3,0xD7,0x07,0x31,0x3F,0x41,0x41,0x41,0x41,0x39,
	0x39,0x39,0x39,0x39,0x3A,0x3A,0x3F,0x0A,0x09,0x86,0x8D,0xA1,0x97,0xFF,0xFF,0xFF,
	0xFF,0xFF,0xFF,0xFF,0x97,0xA1,0x98,0x93,0x08,0x09,0x31,0x3F,0x41,0x41,0x41,0x41,
	0x41,0x41,0x41,0x41,0x41,0x43,0x0A,0x8E,0x93,0xA5,0xA5,0xA5,0xFF,0xFF,0xFF,0xFF,
	0xFF,0xFF,0xFF,0xFF,0xFF,0x97,0xA1,0x98,0x9F,0x0A,0x0A,0x0A,0x49,0x3C,0x41,0x48,
	0x3A,0x48,0x3F,0x3C,0x09,0x09,0x8E,0x8D,0xA1,0xA5,0xA1,0xFF,0xFF,0xFF,0xFF,0xFF,
	0xFF,0xFF,0xFF,0xFF,0xFF,0xFF,0x97,0xA1,0xA1,0x8D,0xA4,0x90,0x0A,0x09,0x09,0x31,
	0x09,0x09,0x08,0x08,0x8E,0xA4,0xA5,0xA5,0xA5,0x97,0xFF,0xFF,0xFF,0xFF,0xFF,0xFF,
	0xFF,0xFF,0xFF,0xFF,0xFF,0xFF,0xFF,0x97,0x97,0xA1,0xA1,0x98,0xA6,0xA4,0x8F,0x8F,
	0x8F,0x90,0xA4,0xA4,0xA5,0xA1,0xA1,0x97,0x97,0xFF,0xFF,0xFF,0xFF,0xFF,0xFF,0xFF,
	0xFF,0xFF,0xFF,0xFF,0xFF,0xFF,0xFF,0xFF,0xFF,0x97,0x97,0x97,0xA1,0xA1,0xA1,0xA1,
	0xA1,0xA1,0xA5,0xA1,0xA1,0xA1,0x97,0x4C,0xFF,0xFF,0xFF,0xFF,0xFF,0xFF,0xFF,0xFF,
	0xFF,0xFF,0xFF,0xFF,0xFF,0xFF,0xFF,0xFF,0xFF,0xFF,0xFF,0x97,0x97,0x97,0x97,0x97,
	0x97,0xA1,0x97,0x97,0x97,0xFF,0xFF,0xFF,0xFF,0xFF,0xFF,0xFF,0xFF,0xFF,0xFF,0xFF,
	0xFF,0xFF,0xFF,0xFF,0xFF,0xFF,0xFF,0xFF,0xFF,0xFF,0xFF,0xFF,0xFF,0xFF,0xFF,0xFF,
	0xFF,0xFF,0xFF,0xFF,0xFF,0xFF,0xFF,0xFF,0xFF,0xFF,0xFF,0xFF,0xFF,0xFF,0xFF,0xFF,
	0xFF,0xFF,0xFF,0xFF,0xFF,0xFF,0xFF,0xFF,0xFF,0xFF,0xFF,0xFF,0xFF,0xFF,0xAB,0xAB,
	0xAB,0xB4,0xB4,0xFF,0xFF,0xFF,0xFF,0xFF,0xFF,0xFF,0xFF,0xFF,0xFF,0xFF,0xFF,0xFF,
	0xFF,0xFF,0xFF,0xFF,0xFF,0xFF,0xFF,0xFF,0xFF,0xFF,0xB4,0xB4,0xB0,0xB0,0xB0,0xB0,
	0xB0,0xAD,0xAA,0xB0,0xB4,0xAB,0xB4,0xFF,0xFF,0xFF,0xFF,0xFF,0xFF,0xFF,0xFF,0xFF,
	0xFF,0xFF,0xFF,0xFF,0xFF,0xFF,0xFF,0xFF,0xB4,0xAD,0xB0,0xAD,0xB0,0xB0,0xB0,0xB0,
	0xB0,0xB0,0xB0,0xB0,0xAD,0xB0,0xAD,0xAB,0xFF,0xFF,0xFF,0xFF,0xFF,0xFF,0xFF,0xFF,
	0xFF,0xFF,0xFF,0xFF,0xFF,0xFF,0xFF,0xAD,0xAA,0xAD,0xB0,0xA9,0x12,0xFD,0x17,0x17,
	0x17,0xFD,0xFD,0x12,0xB0,0xB0,0xAA,0xAD,0xAD,0xB4,0xFF,0xFF,0xFF,0xFF,0xFF,0xFF,
	0xFF,0xFF,0xFF,0xFF,0xFF,0xB4,0xAD,0xB0,0xAA,0xB0,0xB0,0xAC,0x13,0x19,0x18,0x16,
	0x18,0x18,0x1A,0x13,0xA9,0xB0,0xB0,0xAD,0xAD,0xAD,0xB4,0xFF,0xFF,0xFF,0xFF,0xFF,
	0xFF,0xFF,0xFF,0xFF,0xFF,0xAD,0xAA,0xAD,0xB0,0xB0,0xA9,0xAC,0x14,0x18,0x2E,0x2E,
	0x2E,0x18,0x19,0x13,0xAC,0xB0,0xB0,0xAA,0xAA,0xAA,0xAD,0xB4,0xFF,0xFF,0xFF,0xFF,
	0xFF,0xFF,0xFF,0xFF,0xAF,0xAD,0xAD,0xB0,0x2C,0x1C,0x1C,0xFD,0x25,0x18,0x16,0x2E,
	0x2E,0x16,0x19,0xFE,0x1C,0x1C,0xFE,0x2C,0xAA,0xAD,0xAF,0xAD,0xFF,0xFF,0xFF,0xFF,
	0xFF,0xFF,0xFF,0xAB,0xAF,0xAD,0xAA,0xAD,0x1F,0x1E,0x25,0x25,0x26,0x1A,0x16,0x16,
	0x2E,0x2E,0x1A,0x27,0x1E,0x1E,0x1F,0x1D,0xAA,0xAD,0xAF,0xAD,0xAF,0xFF,0xFF,0xFF,
	0xFF,0xFF,0xFF,0xAD,0xAF,0xAA,0xAA,0xAD,0x1F,0x1E,0x25,0x24,0x1E,0x1B,0x18,0x19,
	0x16,0x16,0x1B,0x1F,0x1F,0x1E,0x1F,0x21,0xB0,0xAD,0xAD,0xAD,0xAD,0xB4,0xFF,0xFF,
	0xFF,0xFF,0xAB,0xAD,0xAD,0x23,0x22,0x23,0x1F,0x1F,0x1F,0x1E,0x1E,0x1B,0x1A,0x1A,
	0x19,0x18,0x26,0x1F,0xFE,0xFE,0x1F,0x21,0x23,0x22,0x22,0xF0,0xAB,0xAB,0xFF,0xFF,
	0xFF,0xFF,0xAF,0xAB,0xFC,0x22,0x22,0x23,0x21,0x1F,0x1F,0x1F,0x1F,0x26,0x1B,0x1B,
	0x1A,0x1A,0x26,0x20,0x21,0xFE,0x20,0x21,0x23,0x22,0x22,0xF0,0xAF,0xAB,0xB4,0xFF,
	0xFF,0xB4,0xAB,0xAB,0xFC,0x22,0x22,0x23,0x20,0x21,0x1F,0x21,0x21,0x26,0x26,0x26,
	0x1B,0x1B,0x28,0x20,0x22,0x21,0x20,0x21,0x23,0x22,0x22,0x4C,0xAF,0xAB,0xB4,0xFF,
	0xFF,0xAB,0xAF,0xAB,0xF0,0x22,0x22,0x23,0x21,0x21,0x20,0x21,0x21,0x28,0x26,0x26,
	0x26,0x26,0x28,0x21,0x22,0x21,0x21,0x21,0x23,0x23,0x22,0xF0,0xAB,0xAF,0xAB,0xFF,
	0xFF,0xAB,0xAF,0xAB,0xFC,0x22,0x22,0x23,0x20,0x21,0x21,0x21,0x21,0x28,0x28,0x26,
	0x26,0x28,0x28,0x21,0x22,0x21,0x20,0x21,0x23,0x23,0x22,0xF0,0xAB,0xAB,0xAB,0xFF,
	0xFF,0xAB,0xAB,0xB3,0x4C,0x22,0x22,0x22,0x21,0x21,0x21,0x21,0x22,0x28,0x28,0x28,
	0x28,0x28,0x28,0x21,0x22,0x21,0x21,0x21,0x23,0x23,0x22,0xFC,0xAB,0xAB,0xAB,0xB4,
	0xFF,0xAB,0xAB,0xAB,0xFC,0x22,0x23,0x23,0x21,0x21,0x21,0x21,0x22,0x28,0x28,0x28,
	0x28,0x28,0x28,0x21,0x22,0x21,0x21,0x21,0x23,0x23,0x22,0x4C,0xAB,0xAB,0xAB,0xB4,
	0xFF,0xAB,0xAB,0xAB,0x4C,0x22,0x23,0x23,0x21,0x21,0x21,0x21,0x21,0x28,0x28,0x28,
	0x28,0x28,0x28,0x21,0x22,0x21,0x21,0x21,0x23,0x23,0x22,0x4C,0xAF,0xAB,0xAB,0xFF,
	0xFF,0xAB,0xAB,0xAF,0xFC,0x22,0x23,0x23,0x21,0x21,0x21,0x21,0x22,0x28,0x28,0x28,
	0x28,0x28,0x28,0x21,0x22,0x21,0x21,0x21,0x23,0x23,0x22,0xFC,0xAB,0xAB,0xAB,0xB4,
	0xFF,0xB4,0xAB,0xAF,0x4C,0x22,0x23,0x23,0x21,0x21,0x21,0x21,0x22,0x28,0x28,0x28,
	0x28,0x28,0x28,0x21,0x22,0x21,0x21,0x21,0x23,0x23,0x22,0x4C,0xAB,0xAB,0xAB,0xFF,
	0xFF,0xB4,0xAB,0xAB,0xAB,0x2C,0x2C,0x23,0x37,0x21,0x21,0x21,0x22,0x20,0x28,0x28,
	0x28,0x28,0x20,0x21,0x22,0x21,0x21,0x37,0x4C,0x73,0x2C,0xA9,0xAB,0xAB,0xB4,0xFF,
	0xFF,0xB4,0xB4,0xAB,0xAA,0x55,0x73,0x71,0x58,0x4F,0x4F,0x4F,0x4A,0x25,0x38,0x33,
	0x33,0x2F,0x39,0x1D,0x2C,0x5F,0x5F,0x5F,0x71,0x71,0x55,0xA9,0xAB,0xB4,0xB4,0xFF,
	0xFF,0xFF,0xB4,0xAB,0xAB,0x55,0x55,0x71,0x5A,0x5F,0x5A,0x5B,0x55,0x57,0x6E,0x5E,
	0x5E,0x5E,0x57,0x65,0x73,0x5F,0x5F,0x61,0x71,0x73,0x55,0xAA,0xB4,0xB4,0xB4,0xFF,
	0xFF,0xFF,0xB4,0xB4,0xAB,0x55,0x55,0x71,0x5A,0x5A,0x5F,0x5B,0x73,0x57,0x50,0x5E,
	0x5E,0x50,0x59,0x5C,0x55,0x5A,0x5A,0x5A,0x71,0x71,0x55,0xA9,0xB4,0xB4,0xFF,0xFF,
	0xFF,0xFF,0xFF,0xB4,0xAB,0x73,0x71,0x71,0x5B,0x5A,0x5A,0x5B,0x73,0x63,0x50,0x5E,
	0x5E,0x62,0x57,0x5C,0x73,0x5A,0x5A,0x5A,0x4C,0x71,0x12,0xAB,0xB4,0xFF,0xFF,0xFF,
	0xFF,0xFF,0xFF,0xB4,0xAB,0xAB,0xAB,0xAB,0x73,0x5B,0x5B,0x73,0x71,0x63,0x82,0x5E,
	0x5E,0x62,0x63,0x5B,0x71,0x55,0x55,0x55,0xAB,0xB4,0xB4,0xB4,0xB4,0xFF,0xFF,0xFF,
	0xFF,0xFF,0xFF,0xFF,0xFF,0xAB,0xB4,0xAB,0x73,0x61,0x5A,0x5B,0x71,0x57,0x50,0x6E,
	0x82,0x62,0x57,0x7F,0x71,0x55,0x55,0x55,0xA9,0xB4,0xAB,0xB4,0xFF,0xFF,0xFF,0xFF,
	0xFF,0xFF,0xFF,0xFF,0xFF,0xB4,0xB4,0xB4,0xAB,0xB4,0xAB,0xAB,0xAA,0x65,0x64,0x63,
	0x6A,0x58,0x65,0x73,0xAB,0xAB,0xB4,0xAB,0xB4,0xB4,0xB4,0xFF,0xFF,0xFF,0xFF,0xFF,
	0xFF,0xFF,0xFF,0xFF,0xFF,0xFF,0xB4,0xB4,0xB4,0xAB,0xB4,0xAB,0x55,0x64,0x62,0x53,
	0x62,0x70,0x64,0x55,0xB4,0xAB,0xB4,0xB4,0xB4,0xB4,0xFF,0xFF,0xFF,0xFF,0xFF,0xFF,
	0xFF,0xFF,0xFF,0xFF,0xFF,0xFF,0xFF,0xFF,0xB4,0xB4,0xB4,0xAB,0xB4,0xAA,0xAA,0xAA,
	0xAA,0xB4,0xAB,0xAB,0xB4,0xB4,0xB4,0xB4,0xB4,0xFF,0xFF,0xFF,0xFF,0xFF,0xFF,0xFF,
	0xFF,0xFF,0xFF,0xFF,0xFF,0xFF,0xFF,0xFF,0xFF,0xB4,0xB4,0xB4,0xB4,0xB4,0xB4,0xB4,
	0xB4,0xB4,0xB4,0xB4,0xB4,0xB4,0xB4,0xFF,0xFF,0xFF,0xFF,0xFF,0xFF,0xFF,0xFF,0xFF,
	0xFF,0xFF,0xFF,0xFF,0xFF,0xFF,0xFF,0xFF,0xFF,0xFF,0xFF,0xFF,0xFF,0xB4,0xB4,0xB4,
	0xB4,0xB4,0xB4,0xB4,0xFF,0xFF,0xFF,0xFF,0xFF,0xFF,0xFF,0xFF,0xFF,0xFF,0xFF,0xFF,
	0xFF,0xFF,0xFF,0xFF,0xFF,0xFF,0xFF,0xFF,0xFF,0xFF,0xFF,0xFF,0xFF,0xFF,0xFF,0xFF,
	0xFF,0xFF,0xFF,0xFF,0xFF,0xFF,0xFF,0xFF,0xFF,0xFF,0xFF,0xFF,0xFF,0xFF,0xFF,0xFF,
	0xFF,0xFF,0xFF,0xFF,0xFF,0xFF,0xFF,0xFF,0xFF,0xFF,0xFF,0xFF,0xFF,0xFF,0xAB,0xAB,
	0xAB,0xB4,0xB4,0xFF,0xFF,0xFF,0xFF,0xFF,0xFF,0xFF,0xFF,0xFF,0xFF,0xFF,0xFF,0xFF,
	0xFF,0xFF,0xFF,0xFF,0xFF,0xFF,0xFF,0xFF,0xFF,0xFF,0xB4,0xB4,0xB0,0xB0,0x2C,0x23,
	0x2C,0x1D,0xAD,0xB0,0xB4,0xAB,0xB4,0xFF,0xFF,0xFF,0xFF,0xFF,0xFF,0xFF,0xFF,0xFF,
	0xFF,0xFF,0xFF,0xFF,0xFF,0xFF,0xFF,0xFF,0xB4,0xAD,0xB0,0xAD,0xB0,0xFC,0x1D,0xFE,
	0x28,0x1D,0xF0,0xB0,0xAD,0xB0,0xAD,0xAB,0xFF,0xFF,0xFF,0xFF,0xFF,0xFF,0xFF,0xFF,
	0xFF,0xFF,0xFF,0xFF,0xFF,0xFF,0xFF,0xAD,0xAA,0xAD,0xB0,0xB0,0xB0,0x2C,0x1C,0x28,
	0x26,0x1C,0x2C,0xB0,0xB0,0xB0,0xAA,0xAD,0xAD,0xB4,0xFF,0xFF,0xFF,0xFF,0xFF,0xFF,
	0xFF,0xFF,0xFF,0xFF,0xFF,0xB4,0xAD,0xB0,0xAA,0xB0,0xB0,0xAC,0xAC,0x1D,0x27,0x28,
	0x26,0x1E,0x1D,0xAC,0xB0,0xB0,0xB0,0xAD,0xAD,0xAD,0xB4,0xFF,0xFF,0xFF,0xFF,0xFF,
	0xFF,0xFF,0xFF,0xFF,0xFF,0xAD,0xAA,0xAD,0xB0,0xB0,0xA9,0xAC,0x12,0x1D,0x1E,0x28,
	0x28,0x26,0x1C,0xAC,0xAC,0xB0,0xB0,0xAA,0xAA,0xAA,0xAD,0xB4,0xFF,0xFF,0xFF,0xFF,
	0xFF,0xFF,0xFF,0xFF,0xAF,0xAA,0xAD,0xAD,0xAA,0xB0,0xAC,0xAC,0x2C,0xFE,0x27,0x28,
	0x28,0x28,0x1C,0x1D,0xAC,0xB0,0xB0,0xAD,0xAA,0xAD,0xAF,0xAD,0xFF,0xFF,0xFF,0xFF,
	0xFF,0xFF,0xFF,0xAB,0xAF,0xAA,0xAD,0xAD,0xAA,0xB0,0xB0,0xAC,0x2C,0x21,0x28,0x28,
	0x28,0x26,0x1E,0x2C,0xA9,0xB0,0xB0,0xAD,0xAA,0xAD,0xAF,0xAD,0xAF,0xFF,0xFF,0xFF,
	0xFF,0xFF,0xFF,0xAD,0xAF,0xAA,0xAD,0xAA,0xB0,0xB0,0xB0,0xA9,0x2C,0xFE,0x26,0x28,
	0x28,0x28,0x28,0x2C,0xB0,0xB0,0xB0,0xAD,0xAA,0xAD,0xAF,0xAD,0xAD,0xB4,0xFF,0xFF,
	0xFF,0xFF,0xAB,0xAD,0xAD,0xAF,0xAA,0xAD,0xAA,0xB0,0xB0,0xFC,0x1D,0x27,0x1B,0x1B,
	0x1A,0x1A,0x1D,0x2C,0xB0,0xAA,0xAD,0xAA,0xAD,0xAA,0xAD,0xB3,0xAF,0xAB,0xFF,0xFF,
	0xFF,0xFF,0xAB,0xAD,0xAF,0xAD,0xAF,0xAA,0xAD,0xAD,0xAA,0xB0,0x0D,0x35,0x29,0x2D,
	0x32,0x32,0x2D,0x0E,0xAA,0xAD,0xAA,0xAD,0xAF,0xAD,0xAF,0xAD,0xAF,0xAB,0xB4,0xFF,
	0xFF,0xB4,0xAB,0xAF,0xAD,0xAF,0xAD,0xAF,0xAD,0xAA,0xAD,0xAD,0x4D,0x07,0x03,0x00,
	0x00,0x00,0x00,0x0F,0xAA,0xAD,0xAD,0xAF,0xAD,0xAF,0xAD,0xAF,0xAF,0xAB,0xB4,0xFF,
	0xFF,0xAB,0xAB,0xAF,0xAD,0xAF,0xAD,0xB3,0xAD,0xAF,0xAA,0xAF,0x0C,0x6C,0x6C,0x00,
	0x6C,0x00,0x6C,0x0F,0xAD,0xAF,0xAA,0xAF,0xAD,0xAF,0xAD,0xAF,0xAF,0xAB,0xAB,0xFF,
	0xFF,0xAB,0xAD,0xAB,0xAD,0xAA,0xAF,0xAD,0xAF,0xAA,0xAD,0xAD,0x8E,0x01,0x01,0x6C,
	0x6C,0x6C,0x6C,0x0E,0xAF,0xAD,0xAF,0xAD,0xB3,0xAD,0xAF,0xAB,0xAD,0xAB,0xAF,0xFF,
	0xFF,0xAB,0xAB,0xAF,0xAB,0xAF,0xAF,0xAD,0xAF,0xAD,0xAF,0xAF,0x8E,0x02,0x01,0x6C,
	0x6C,0x6C,0x6C,0x0E,0xAD,0xAF,0xAD,0xAF,0xAF,0xAF,0xAF,0xAB,0xAF,0xAB,0xAB,0xFF,
	0xFF,0xAB,0xAB,0xAB,0xAF,0xAB,0xAF,0xAF,0xAF,0xAF,0xAD,0xAF,0x0D,0x03,0x01,0x01,
	0x6C,0x01,0x6C,0x0E,0xAF,0xAF,0xAF,0xAF,0xAB,0xAF,0xAB,0xAF,0xAB,0xAB,0xAB,0xFF,
	0xFF,0xAB,0xAB,0xAB,0xAF,0xAB,0xAF,0xAB,0xAD,0xAF,0xAD,0xAF,0x0E,0x03,0x02,0x01,
	0x01,0x01,0x01,0x0E,0xAD,0xAB,0xAD,0xAF,0xAB,0xAF,0xAB,0xAF,0xAB,0xAB,0xAB,0xFF,
	0xFF,0xAB,0xAB,0xAF,0xAB,0xAD,0xAB,0xAF,0xAB,0xAF,0xAB,0xAD,0x0E,0x04,0x02,0x01,
	0x01,0x01,0x01,0xAE,0xAF,0xAF,0xAB,0xAD,0xAF,0xAB,0xAF,0xAB,0xAF,0xAB,0xAB,0xB4,
	0xFF,0xB4,0xAB,0xAB,0xAB,0xAB,0xAF,0xAB,0xAF,0xAB,0xAF,0xAB,0xAE,0x04,0x03,0x01,
	0x01,0x01,0x01,0x0E,0xAF,0xAB,0xAF,0xAB,0xAF,0xAB,0xAB,0xAB,0xAB,0xAB,0xAB,0xFF,
	0xFF,0xB4,0xAB,0xAB,0xAB,0xAB,0xAB,0xAB,0xAF,0xAB,0xAF,0xAB,0xAC,0x05,0x03,0x02,
	0x02,0x02,0x02,0x0F,0xAF,0xAB,0xAF,0xAB,0xAB,0xAB,0xAB,0xAB,0xAB,0xAB,0xB4,0xFF,
	0xFF,0xB4,0xB4,0xAB,0xAB,0xAB,0xAF,0xAB,0xAF,0xAB,0xAF,0xAB,0xAF,0x05,0x02,0x02,
	0x02,0x02,0x02,0xAB,0xAF,0xAB,0xAF,0xAB,0xAF,0xAB,0xAB,0xAB,0xAB,0xB4,0xB4,0xFF,
	0xFF,0xFF,0xB4,0xAB,0xAB,0xAB,0xAB,0xAB,0xAF,0xAB,0xAF,0xAB,0xAB,0x07,0x02,0x03,
	0x02,0x03,0x05,0xAB,0xAF,0xAB,0xAB,0xAB,0xAB,0xAB,0xAB,0xAB,0xAB,0xB4,0xB4,0xFF,
	0xFF,0xFF,0xB4,0xB4,0xAB,0xAB,0xAB,0xAB,0xAB,0xAB,0xAB,0xAB,0xA8,0x07,0x03,0x03,
	0x03,0x03,0x04,0x0E,0xA9,0xAB,0xAB,0xAB,0xAB,0xAB,0xAB,0xAB,0xB4,0xB4,0xFF,0xFF,
	0xFF,0xFF,0xFF,0xB4,0xB4,0xAB,0xAB,0xAB,0xAB,0xAB,0xAB,0xAC,0x0A,0x09,0x03,0x03,
	0x03,0x03,0x06,0x0A,0x0C,0xB0,0xAB,0xAB,0xAB,0xAB,0xAB,0xAB,0xB4,0xFF,0xFF,0xFF,
	0xFF,0xFF,0xFF,0xB4,0xB4,0xB4,0xAB,0xAB,0xAB,0xAB,0x0C,0x8E,0x0A,0x09,0x04,0x04,
	0x04,0x04,0x07,0x0A,0x8E,0x0C,0xB0,0xAB,0xAB,0xB4,0xAB,0xB4,0xB4,0xFF,0xFF,0xFF,
	0xFF,0xFF,0xFF,0xFF,0xB4,0xB4,0xAB,0xAB,0xAB,0x0E,0x8E,0x8E,0x8E,0x0A,0x05,0x04,
	0x05,0x04,0x09,0x8E,0x8E,0x8E,0x0B,0xAA,0xAB,0xAB,0xB4,0xB4,0xFF,0xFF,0xFF,0xFF,
	0xFF,0xFF,0xFF,0xFF,0xFF,0xB4,0xB4,0xB4,0xAB,0x0C,0x8E,0x8E,0x8E,0x8E,0x08,0x05,
	0x05,0x06,0x0A,0x8E,0x8E,0x8E,0x0B,0xAC,0xB4,0xB4,0xB4,0xFF,0xFF,0xFF,0xFF,0xFF,
	0xFF,0xFF,0xFF,0xFF,0xFF,0xFF,0xB4,0xB4,0xB4,0x0D,0x0B,0x0B,0x8E,0x0B,0x0A,0x06,
	0x06,0x08,0x0D,0x8E,0x0B,0x0B,0x0B,0xAB,0xB4,0xB4,0xFF,0xFF,0xFF,0xFF,0xFF,0xFF,
	0xFF,0xFF,0xFF,0xFF,0xFF,0xFF,0xFF,0xB4,0xB4,0x0F,0x0C,0x0C,0xA8,0xB4,0x0E,0x09,
	0x08,0x0C,0xB4,0xAA,0x0F,0x4D,0x0D,0xB4,0xB4,0xFF,0xFF,0xFF,0xFF,0xFF,0xFF,0xFF,
	0xFF,0xFF,0xFF,0xFF,0xFF,0xFF,0xFF,0xFF,0xFF,0xAB,0xAA,0xB4,0xB4,0xB4,0xB4,0x0E,
	0x4D,0xB4,0xB4,0xB4,0xB4,0xAB,0xB4,0xFF,0xFF,0xFF,0xFF,0xFF,0xFF,0xFF,0xFF,0xFF,
	0xFF,0xFF,0xFF,0xFF,0xFF,0xFF,0xFF,0xFF,0xFF,0xFF,0xFF,0xFF,0xFF,0xB4,0xB4,0xB4,
	0xB4,0xB4,0xB4,0xB4,0xFF,0xFF,0xFF,0xFF,0xFF,0xFF,0xFF,0xFF,0xFF,0xFF,0xFF,0xFF,
	0xFF,0xFF,0xFF,0xFF,0xFF,0xFF,0xFF,0xFF,0xFF,0xFF,0xFF,0xFF,0xFF,0xFF,0xFF,0xFF,
	0xFF,0xFF,0xFF,0xFF,0xFF,0xFF,0xFF,0xFF,0xFF,0xFF,0xFF,0xFF,0xFF,0xFF,0xFF,0xFF,
};


// ============================================================
// 1648A0 rodata
// ============================================================

const char D_800A4BB0_18CC70[] = "ALLOCATE 2 PLAYER BUFFERS:\n";

const char D_800A4BCC_18CC8C[] = "ERROR: could not find search animation for object %d. Using SEARCH_MED\n";

const char D_800A4C14_18CCD4[] = "Ussr Search Table Parse\n";

const char D_800A4C30_18CCF0[] = "Usa Search Table Parse\n";

const char D_800A4C48_18CD08[] = "Java Search Table Parse\n";

const char D_800A4C64_18CD24[] = "Greec Search Table Parse\n";

const char D_800A4C80_18CD40[] = "For obj=%d style = %d,  search anim is %s\n";

const char D_800A4CAC_18CD6C[] = "Call Doug - inSearchObject() NOW!\n";

const char D_800A4CD0_18CD90[] = "Turn to door\n";

const char D_800A4CE0_18CDA0[] = "ouch\n";

const char D_800A4CE8_18CDA8[] = "ALLOCATE 2 CHARACTER BUFFERS\n";

const f64 D_800A4D08_18CDC8[1] = {3.141592654};

const f64 D_800A4D10_18CDD0[1] = {3.141592654};

const f64 D_800A4D18_18CDD8[1] = {3.141592654};

const f64 D_800A4D20_18CDE0[1] = {3.141592654};

const f64 D_800A4D28_18CDE8[1] = {3.141592654};

const f64 D_800A4D30_18CDF0[1] = {180.0};

const f64 D_800A4D38_18CDF8[1] = {3.141592654};

const f64 D_800A4D40_18CE00[1] = {3.141592654};

const f64 D_800A4D48_18CE08[1] = {3.141592654};

const u32 jtbl_800A4D50_18CE10[] = {
	0x8007D7D0, 0x8007D7DC, 0x8007D7E8, 0x8007D7F4, 0x8007D800,
};

const u32 jtbl_800A4D64_18CE24[] = {
	0x8007D848, 0x8007D854, 0x8007D860, 0x8007D86C, 0x8007D878,
};

const u32 jtbl_800A4D78_18CE38[] = {
	0x8007D930, 0x8007D93C, 0x8007D948, 0x8007D954, 0x8007D960, 0x00000000,
};

const f64 D_800A4D90_18CE50[1] = {180.0};

const f64 D_800A4D98_18CE58[1] = {180.0};

const f64 D_800A4DA0_18CE60[1] = {180.0};

const f64 D_800A4DA8_18CE68[1] = {0.1};

const f64 D_800A4DB0_18CE70[1] = {0.2};

// AI - Initialize player character state and animation
void func_8007C7E0_1648A0(void) {
	VehicleInstance *v0 = &D_800E6A78;

	v0->unk12 = 0;
	v0->unkE = 0x4000;
	v0->unk4C = 200.0f;
	v0->unk50 = 0.0f;
	v0->unk54 = 116.0f;
	osSyncPrintf(D_800A4BB0_18CC70);
	D_800E7304 = (s32)func_8000C6F4_D2F4();
	((Unk80157600 *)D_800E6F00)->unk408 = func_8000C6F4_D2F4();
	((Unk80157600 *)D_800E6F00)->unk410 = 1.0f;
	func_8000C790_D390(D_800E6F00, &D_8003BAE0, 0x10);
	func_8007DAA8_165B68(D_800E6F00, 0x11, 0x7, 0, 0x10);
	D_800E7328 = 0;
	if (!(D_800E65A8 & 0x200)) {
		D_800E6A70 = D_80047948;
	}
}

#ifdef NON_MATCHING
// AI - Free player animation memory and cleanup
void func_8007C8BC_16497C(void) {
	volatile Unk80157600 *ptr;

	func_8000C764_D364(D_800E7304);
	ptr = (volatile Unk80157600 *) &D_800E6AD8;
	func_8000C764_D364((s32) ptr->unk408);
	ptr = (volatile Unk80157600 *) &D_800E6AD8;
	ptr->unk408 = NULL;
	ptr->unk404 = NULL;
}
#else
#pragma GLOBAL_ASM("asm/nonmatchings/overlay_gameplay/inside/1648A0/func_8007C8BC_16497C.s")
#endif

// AI - Dispatch main player update each frame
void func_8007C8FC_1649BC(void) {
	func_8007DDA0_165E60(&D_800E6A78, currentControllerStates);
	func_8007CAA8_164B68(&D_800E6A78, currentControllerStates);
}

// AI - Dispatch player rendering (shadow + model)
void func_8007C93C_1649FC(void) {
	func_8007EB1C_166BDC(&D_800E6A78);
	func_8007EFD4_167094(&D_800E6A78);
}

#ifdef NON_MATCHING
// AI - Normalize analog stick input to speed scalar (0.0-1.0)
f32 func_8007C96C_164A2C(OSContPad *arg0) {
	f32 temp_f0;
	f32 var_f12;
	f32 var_f2;
	f64 temp_f0_2;
	s16 temp_v0;
	s16 temp_v1;

	temp_v0 = (s16) (s32) ((f64) arg0->stick_x / 5.0);
	temp_v1 = (s16) (s32) -((f64) arg0->stick_y / 5.0);
	temp_f0 = sqrtf((f32) ((temp_v0 * temp_v0) + (temp_v1 * temp_v1)));
	if (temp_f0 <= 0.0f) {
		var_f12 = 0.0f;
	} else {
		if (8.0f <= temp_f0) {
			var_f12 = 8.0f;
		} else {
			var_f12 = temp_f0;
		}
	}
	temp_f0_2 = (f64) var_f12 / 13.0;
	if (temp_f0_2 >= 0.0) {
		var_f2 = (f32) temp_f0_2;
	} else {
		var_f2 = (f32) -temp_f0_2;
	}
	if ((f64) var_f2 > 1.0) {
		var_f2 = 1.0f;
	}
	return var_f2;
}
#else
#pragma GLOBAL_ASM("asm/nonmatchings/overlay_gameplay/inside/1648A0/func_8007C96C_164A2C.s")
#endif

#ifdef NON_MATCHING
// AI - Handle player input, movement, and collision
void func_8007CAA8_164B68(VehicleInstance *arg0, OSContPad *arg1) {
	s16 sp4E;
	s16 sp4C;
	s32 sp38;
	s32 sp34;
	s32 sp30;
	s32 sp2C;
	f32 sp24;
	f32 sp20;
	f32 sp1C;
	s32 var_v0;
	s32 temp_t1;
	s32 temp_t8;
	f32 temp_f0;
	f32 temp_f12;
	f32 temp_f12_2;
	f32 temp_f14;
	f32 temp_f16;
	f32 var_f2;

	if (((s16)D_80052B34->unk1C <= 0) && (D_80052AD0 != 0)) {
		D_800E65A8 |= 0x4000;
		func_80006DAC_79AC(0x96, 0);
	}

	temp_t1 = D_800E6A68 & 0x200;
	if (temp_t1 != 0x200) {
		var_v0 = D_8009E8E0_1869A0[((Unk80157600 *)D_800E6F00)->unk40C].unk0;
		if (!(var_v0 & 0x40) && (temp_t1 != 0x200)) {
			arg0->unk22 = 0;
			sp4E = (s16) ((f64) arg1->stick_x / 5.0);
			sp4C = (s16) ((f64) -arg1->stick_y / 5.0);
			temp_f0 = sqrtf((f32) ((sp4E * sp4E) + (sp4C * sp4C)));
			if (temp_f0 <= 0.0f) {
				D_800A08F8_1889B8 = 0.0f;
			} else {
				if (temp_f0 >= 8.0f) {
					var_f2 = 8.0f;
				} else {
					var_f2 = temp_f0;
				}
				D_800A08F8_1889B8 = var_f2;
			}
			if (D_8009E8E0_1869A0[D_800E730C].unk0 & 0x10) {
				D_800A08F8_1889B8 = 0.0f;
			}
			temp_f12 = (f32) (((f64) ((arg0->unk6 - D_800E6A74) + 0x4000) * D_800A4D08) / 32768.0);
			sp20 = temp_f12;
			sp24 = cosf(temp_f12);
			sp2C = (s32) (((f32) arg1->stick_x * sp24) - (sinf(temp_f12) * (f32) arg1->stick_y));
			sp24 = sinf(temp_f12);
			D_800E6A64 = func_80003824_4424((f32) -sp2C, (f32) (s32) ((cosf(temp_f12) * (f32) arg1->stick_y) + ((f32) arg1->stick_x * sp24)));
			if (D_800A08F8_1889B8 > 0.0f) {
				func_8007D37C_16543C(arg0, D_800E6A66, 0);
			}
			var_v0 = D_8009E8E0_1869A0[D_800E730C].unk0;
			if (var_v0 & 0x100) {
				D_800A08F8_1889B8 = 0.0f;
			}
			D_800E733C = (s16) (s32) D_800A08F8_1889B8;
		}

		if (!(var_v0 & 0x10)) {
			if ((var_v0 & 0x800) && (D_8009E8D8 == 0)) {
				temp_t8 = ((s32) (((Unk80157600 *)D_800E6F00)->unk8 - ((Unk80157600 *)D_800E6F00)->unk414)) / 4;
				sp34 = ((s32) (((Unk80157600 *)D_800E6F00)->unk10 - ((Unk80157600 *)D_800E6F00)->unk418)) / 4;
				sp38 = temp_t8;
				sp24 = cosf((f32) (((f64) (f32) arg0->unkE * D_800A4D10) / 32768.0));
				temp_f14 = (f32) sp34;
				temp_f16 = (f32) temp_t8;
				D_800E7340.x = (f32) ((sp24 * temp_f14) - (sinf((f32) (((f64) (f32) arg0->unkE * D_800A4D18) / 32768.0)) * temp_f16));
				sp1C = temp_f16;
				sp20 = temp_f14;
				sp24 = sinf((f32) (((f64) (f32) arg0->unkE * D_800A4D20) / 32768.0));
				D_800E7340.z = (f32) ((cosf((f32) (((f64) (f32) arg0->unkE * D_800A4D28) / 32768.0)) * sp1C) + (sp24 * sp20));
			} else if (D_8009E8D8 != 0) {
				sp30 = (s32) (s16) (s32) ((f64) (D_8008DDF0 * 32768.0f) / D_800A4D30);
				D_800A08F8_1889B8 = sqrtf((f32) ((sp4E * sp4E) + (sp4C * sp4C)));
				temp_f12_2 = (f32) (((f64) (f32) sp30 * D_800A4D38) / 32768.0);
				sp20 = temp_f12_2;
				D_800E7340.z = (f32) (sinf(temp_f12_2) * D_800A08F8_1889B8);
				D_800E7340.x = (f32) (cosf(temp_f12_2) * D_800A08F8_1889B8);
			} else {
				D_800E7340.z = (f32) (sinf((f32) (((f64) (f32) D_800E6A78.unkE * D_800A4D40) / 32768.0)) * D_800A08F8_1889B8);
				D_800E7340.x = (f32) (cosf((f32) (((f64) (f32) D_800E6A78.unkE * D_800A4D48) / 32768.0)) * D_800A08F8_1889B8);
			}
			D_800E7314 = ((Unk80157600 *)D_800E6F00)->unk8;
			D_800E7318 = ((Unk80157600 *)D_800E6F00)->unk10;
			if ((D_800E730C == 8) || (D_800E730C == 0x2D) || (D_800E730C == 0x2E)) {
				D_800E6A78.unk4C += D_800E7340.x;
				D_800E6A78.unk54 += D_800E7340.z;
			} else {
				D_800E6A10.x = D_800E6A78.unk4C;
				D_800E6A10.y = D_800E6A78.unk50;
				D_800E6A10.z = D_800E6A78.unk54;
				func_8007B65C_16371C(&D_800E6A10, &D_800E7340, 15.0f, &D_800E6A40);
				func_80070294_158354(&D_800E6A40);
				if ((D_800E6A40.unk10 == 0.0f) && (D_800E6A40.unkE != 0)) {
					if ((D_800E6A40.unkE == 1) || (D_800E6A40.unkE == 2)) {
						D_800E7340.x = 0.0f;
						D_800E7340.z = (f32) (D_800E7340.z / 2.0f);
					} else {
						D_800E7340.z = 0.0f;
						D_800E7340.x = (f32) (D_800E7340.x / 2.0f);
					}
					func_8007B65C_16371C(&D_800E6A10, &D_800E7340, 15.0f, &D_800E6A40);
				}
				if (D_800E6A40.unkE != 0) {
					D_800E6A78.unk4C = D_800E6A40.unk0;
					D_800E6A78.unk54 = D_800E6A40.unk8;
				} else {
					D_800E6A78.unk4C += D_800E7340.x;
					D_800E6A78.unk54 += D_800E7340.z;
				}
			}
		}

		if ((isButtonNewlyPressed(CONTROLLER_ONE, BUTTON_L) != 0) && (func_80018A58_19658() == 0) && (D_800E65A8 == 1)) {
			D_800E65A8 |= 0x40000;
		}
	}
}
#else
#pragma GLOBAL_ASM("asm/nonmatchings/overlay_gameplay/inside/1648A0/func_8007CAA8_164B68.s")
#endif

#ifdef NON_MATCHING
// AI - Smoothly rotate player toward target yaw angle
void func_8007D37C_16543C(VehicleInstance *arg0, s16 arg1, s32 arg2) {
	s32 var_v0;
	s32 var_v1;

	var_v0 = arg0->unkE;
	var_v1 = var_v0 - arg1;
	var_v1 = (var_v1 << 16) >> 16;
	if (var_v1 < -0x4000) {
		if (((Unk80157600 *)D_800E6F00)->unk40C != 0xA) {
			func_8007DAA8_165B68((Unk80157600 *)D_800E6F00, 0xA, NULL, 0.0f, 0x10);
			var_v0 = arg0->unkE;
		}
		D_800E732C = (s16)(arg1 - var_v0) / 10;
		var_v0 = arg0->unkE;
		var_v1 = var_v0 - arg1;
		var_v1 = (var_v1 << 16) >> 16;
	} else if (var_v1 >= 0x4001) {
		if (((Unk80157600 *)D_800E6F00)->unk40C != 0xB) {
			func_8007DAA8_165B68((Unk80157600 *)D_800E6F00, 0xB, NULL, 0.0f, 0x10);
			var_v1 = arg0->unkE - arg1;
			var_v1 = (var_v1 << 16) >> 16;
		}
		D_800E732C = var_v1 / 10;
		var_v0 = arg0->unkE;
		var_v1 = var_v0 - arg1;
		var_v1 = (var_v1 << 16) >> 16;
	} else if (!(D_8009E8E0_1869A0[((Unk80157600 *)D_800E6F00)->unk40C].unk0 & 0x100)) {
		D_800E732C = 0x5DC;
		var_v0 = arg0->unkE;
		var_v1 = var_v0 - arg1;
		var_v1 = (var_v1 << 16) >> 16;
	}
	if (-D_800E732C >= var_v1) {
		arg0->unkE = (s16)(var_v0 + D_800E732C);
		return;
	}
	if (var_v1 >= D_800E732C) {
		arg0->unkE = (s16)(var_v0 - D_800E732C);
		return;
	}
	arg0->unkE = arg1;
}
#else
#pragma GLOBAL_ASM("asm/nonmatchings/overlay_gameplay/inside/1648A0/func_8007D37C_16543C.s")
#endif

// AI - Clear movement-in-progress flag
void func_8007D52C_1655EC(void) {
	D_800E6A68 &= ~0x200;
}

#ifdef NON_MATCHING
// AI - Set up search mode with target coordinates and yaw
void func_8007D548_165608(s32 arg0, s32 arg1, s32 arg2, s32 arg3, s32 arg4) {
	func_8007DAA8_165B68(D_800E6F00, 0x11, NULL, 0.0f, 0x10);
	D_800E6A1C = arg0;
	D_800E6A20 = arg1;
	D_800E6A24 = arg2;
	D_800E6A28 = arg3;
	D_800E6A2C = arg4;
	D_800E6A30 = (func_80003824_4424(D_800E6A78.unk4C - (f32) D_800E6A20, D_800E6A78.unk54 - (f32) D_800E6A24) + 0x8000) & 0xFFFF;
	D_800E6A68 |= 0x80;
}
#else
#pragma GLOBAL_ASM("asm/nonmatchings/overlay_gameplay/inside/1648A0/func_8007D548_165608.s")
#endif

// AI - Look up search animation ID for a given object
s32 func_8007D62C_1656EC(Unk8007D62C_Entry *arg0, s32 arg1) {
	s32 result;
	s32 found;

	found = 0;
	while (arg0->unk0 != 0xFF) {
		if (arg1 == arg0->unk0) {
			found = 1;
			result = arg0->unk1;
			break;
		}
		arg0++;
	}

	if (found == 0) {
		// ERROR: could not find search animation for object %d. Using SEARCH_MED.
		osSyncPrintf(D_800A4BCC_18CC8C, arg1);
		result = 0x1A;
	}

	return result;
}

// CURRENT (4604)
#ifdef NON_MATCHING
// AI - Handle search behavior: turn, animate, and detect found state
void func_8007D69C_16575C(VehicleInstance *arg0) {
	typedef struct {
		u8 pad0[0xE];
		s16 unkE;
	} Unk8007D69C_404;

	Unk8007D62C_Entry *searchTable;
	s32 searchAnim;
	s32 curAnim;
	s16 frameHalfSrc;
	s32 pad;

	pad = 0;

	if ((D_800E6A30 & 0xFFFF) != (arg0->unkE & 0xFFFF)) {
		curAnim = ((Unk165E60AnimState *)D_800E6F00)->unk40C;
		if ((curAnim != 0x11) && (curAnim != 0xB) && (curAnim != 0xA)) {
			func_8007DAA8_165B68(D_800E6F00, 0x11, NULL, 0.0f, 0x10);
		}

		func_8007D37C_16543C(arg0, (s16)D_800E6A30, 0);
		D_800E6A68 |= 0x80;
		return;
	}

	if ((D_800E6A68 & 0x80) == 0x80) {
		D_800E6A68 &= ~0x80;
		if (currentLevel == LEVEL_JAVA) {
			goto level_java;
		}
		if (currentLevel == LEVEL_AMERICA) {
			goto level_america;
		}
		if (currentLevel == LEVEL_SIBERIA) {
			goto level_siberia;
		}
		if (currentLevel != LEVEL_COMET) {
			goto level_default;
		}
		searchTable = D_800A08F0_1889B0;
		goto level_done;

	level_siberia:
		osSyncPrintf(D_800A4C14_18CCD4);
		searchTable = D_800A0784_188844;
		switch (D_800E6A2C) {
			case 0:
				searchTable = D_800A0878_188938;
				break;
			case 1:
				searchTable = D_800A0890_188950;
				break;
			case 2:
				searchTable = D_800A08AC_18896C;
				break;
			case 3:
				searchTable = D_800A08C4_188984;
				break;
			case 4:
				searchTable = D_800A08D8_188998;
				break;
		}
		goto level_done;

	level_america:
		osSyncPrintf(D_800A4C30_18CCF0);
		searchTable = D_800A0784_188844;
		switch (D_800E6A2C) {
			case 0:
				searchTable = D_800A080C_1888CC;
				break;
			case 1:
				searchTable = D_800A0820_1888E0;
				break;
			case 2:
				searchTable = D_800A0834_1888F4;
				break;
			case 3:
				searchTable = D_800A0844_188904;
				break;
			case 4:
				searchTable = D_800A0860_188920;
				break;
		}
		goto level_done;

	level_java:
			osSyncPrintf(D_800A4C48_18CD08);
			if (D_800E6A2C == 0) {
				searchTable = D_800A0790_188850;
			} else if (D_800E6A2C == 1) {
				searchTable = D_800A07AC_18886C;
			} else if (D_800E6A2C == 2) {
				searchTable = D_800A07CC_18888C;
			} else if (D_800E6A2C == 3) {
				searchTable = D_800A07EC_1888AC;
			} else {
				searchTable = D_800A0784_188844;
			}
			goto level_done;

	level_default:
			osSyncPrintf(D_800A4C64_18CD24);
			searchTable = D_800A0784_188844;
			switch (D_800E6A2C) {
				case 0:
					searchTable = D_800A06EC_1887AC;
					break;
				case 1:
					searchTable = D_800A070C_1887CC;
					break;
				case 2:
					searchTable = D_800A0724_1887E4;
					break;
				case 3:
					searchTable = D_800A0740_188800;
					break;
				case 4:
					searchTable = D_800A075C_18881C;
					break;
			}

	level_done:

		searchAnim = func_8007D62C_1656EC(searchTable, D_800E6A28);
		osSyncPrintf(D_800A4C80_18CD40, D_800E6A28, D_800E6A2C, D_8009E8DC_18699C[searchAnim].pad20);
		func_8007DAA8_165B68(D_800E6F00, searchAnim, NULL, 0.0f, 0x10);
		D_800E6A68 |= 0x100;
		return;
	}

	curAnim = ((Unk165E60AnimState *)D_800E6F00)->unk40C;
	if ((D_800E6A68 & 0x100) == 0x100) {
		frameHalfSrc = ((Unk8007D69C_404 *)((Unk80157600 *)D_800E6F00)->unk404)->unkE;
		if (((Unk165E60AnimState *)D_800E6F00)->unk18 >= (frameHalfSrc / 2)) {
			osSyncPrintf(D_800A4CAC_18CD6C);
			func_8007B124_1631E4(D_800E6A1C);
			D_800E6A68 &= ~0x100;
			curAnim = ((Unk165E60AnimState *)D_800E6F00)->unk40C;
		}
	}

	if ((curAnim == 0x10) && (D_800E65A8 & 4)) {
		func_8007A618_1626D8();
	}

	if (pad != 0) {}
}
#else
#pragma GLOBAL_ASM("asm/nonmatchings/overlay_gameplay/inside/1648A0/func_8007D69C_16575C.s")
#endif

// AI - Switch to a new animation (blended or direct)
void func_8007DAA8_165B68(void *arg0, s32 arg1, void *arg2, f32 arg3, s32 arg4) {
	s32 temp_v0;
	s32 var_v1;

	temp_v0 = ((Unk80157600 *)arg0)->unk40C;
	var_v1 = 0;
	if (temp_v0 == 0x12 || temp_v0 == 5) {
		var_v1 = 1;
	}
	if (arg2 != 0) {
		var_v1 = 1;
	}
	((Unk80157600 *)arg0)->unk40C = arg1;
	if (D_8009E8DC_18699C[arg1].unk4 & 4) {
		func_8000D71C_E31C(((Unk80157600 *)arg0)->unk404, ((Unk80157600 *)arg0)->unk408, arg0, arg4, D_8009E8DC_18699C[arg1].unk0, D_8009E8DC_18699C[D_8009E8DC_18699C[arg1].unkC].unk0, arg3, var_v1);
	} else {
		func_8000CDFC_D9FC(((Unk80157600 *)arg0)->unk404, arg0, arg4, D_8009E8DC_18699C[arg1].unk0, var_v1);
	}
	((Unk80157600 *)arg0)->unk414 = 0.0f;
	((Unk80157600 *)arg0)->unk418 = 0.0f;
	((Unk80157600 *)arg0)->unk8 = 0.0f;
	((Unk80157600 *)arg0)->unk10 = 0.0f;
}

// AI - Conditionally transition to a new animation (idle/walk/run)
void func_8007DB98_165C58(void *arg0, s32 arg1, s32 arg2, f32 arg3) {
	if (!(D_8009E8E0_1869A0[((Unk80157600 *)arg0)->unk40C].unk0 & 8)) {
		if (arg3 > 0.0f) {
			if (arg2 != ((Unk80157600 *)arg0)->unk40C) {
				func_8007DAA8_165B68(arg0, arg2, NULL, arg3, 0x10);
			}
		} else if (((Unk80157600 *)arg0)->unk40C < 0x12) {
			if ((arg1 == 0x11) && ((s32)vehicleSpecs[vehicleInstances[0].unk1A].hitPoints >> 2) >= (s32)vehicleInstances[0].unk1C) {
				arg1 = 2;
			}
			func_8007DAA8_165B68(arg0, arg1, NULL, 0.0f, 0x10);
		}
	}
}

#ifdef NON_MATCHING
// AI - Handle animation-end callback with yaw and chained anims
void func_8007DC80_165D40(VehicleInstance *arg0, Unk80157600 *arg1, s32 arg2) {
	if (((Unk8007F878_404 *)arg1->unk404)->unkE50 == 0) {
		arg0->unkE += (s32)((f32)D_8009E8DC_18699C[arg1->unk40C].unk10 * 32768.0f / D_800A4D90);
		arg1->unk2 = 0;
		if (D_8009E8DC_18699C[arg1->unk40C].unk4 & 1) {
			func_8007DAA8_165B68(arg1, arg1->unk40C, (void *)D_8009E8DC_18699C[arg1->unk40C].unk8, *(f32*)&arg2, 0x10);
		}
		if (D_8009E8DC_18699C[arg1->unk40C].unk4 & 2) {
			func_8007DAA8_165B68(arg1, D_8009E8DC_18699C[arg1->unk40C].unk8, NULL, *(f32*)&arg2, 0x10);
		}
	}
}
#else
#pragma GLOBAL_ASM("asm/nonmatchings/overlay_gameplay/inside/1648A0/func_8007DC80_165D40.s")
#endif

#ifdef NON_MATCHING
// AI - Main player update FSM: search, cutscene, enter/exit, free control
void func_8007DDA0_165E60(VehicleInstance *arg0, OSContPad *arg1) {
	f32 speedScale;
	s32 anim;
	s32 flags;
	s32 sp6C;
	s32 sp34;
	s32 sp20;

	speedScale = 1.0f;
	flags = D_800E65A8;

	if (flags & 0x4000) {
		s32 hasSearchAnim;

		hasSearchAnim = D_800E6A68 & 0x10;
		if ((hasSearchAnim != 0x10) && (D_80052B34->unk1C <= 0)) {
			func_8007DAA8_165B68(D_800E6F00, D_800A06DC_18879C[D_800E6A6C], NULL, 0.0f, 0x10);
			D_800E6A68 |= 0x10;
			hasSearchAnim = D_800E6A68 & 0x10;
		}

		if (hasSearchAnim == 0x10) {
			func_8000CF4C_DB4C(((Unk80157600 *)D_800E6F00)->unk404, D_800E6F00, 0x10, *(s32 *)&((Unk80157600 *)D_800E6F00)->unk410);
			return;
		}
	} else if (flags & 0x8000) {
		s32 canAdvance;
		s32 stepFrame;
		Unk165E60Route *route;
		Unk165E60Path *path;
		Unk165E60Timeline *timeline;

		D_800E6A34 = func_80079304_1613C4();
		D_800A0924_1889E4 = D_800E6A34;

		if (!(D_800A08FC_1889BC & 0x8000)) {
			D_800A091C_1889DC = 1;
			func_80005AEC_66EC(0, 0, 0, 0x14);
			D_800A0918_1889D8 = 1;
			func_8007D52C_1655EC();
		}

		canAdvance = 1;
		if (D_800A091C_1889DC != 0) {
			canAdvance = func_80005B30_6730();
		}

		if (canAdvance != 0) {
			D_800A091C_1889DC = 0;

			if (D_800A0918_1889D8 != 0) {
				D_800A0918_1889D8 = 0;
				D_800A0910_1889D0 = 0;
				D_800A0908_1889C8 = 0;
				D_800A0900_1889C0 = 0;
				D_800A0904_1889C4 = 0;

				((void (*)(s32, s32))func_80081A18_169AD8)(D_800A0614_1886D4[D_800E6A34].unk14, D_800E6A34);
				func_80081A24_169AE4();
				func_80081E08_169EC8(D_800A090A_1889CA);

				route = &D_800A05FC_1886BC[D_800E6A34];
				path = route->unk14;
				arg0->unkE = (s16)((f64)((f32)path[D_800A0904_1889C4].unk14 * 32768.0f) / D_800A4D98_18CE58[0]);

				D_800E6A78.unk4C = (f32)path[D_800A0904_1889C4].unk0;
				D_800E6A78.unk50 = (f32)path[D_800A0904_1889C4].unk2;
				D_800E6A78.unk54 = (f32)path[D_800A0904_1889C4].unk4;
				D_800E6A38 = path->unk34;
				D_800A090C_1889CC = 0;
				D_800A0908_1889C8++;

				func_8007DAA8_165B68(D_800E6F00, path[D_800A0904_1889C4].unk20, NULL, 0.0f, 0x10);
			}

			if (((Unk8007F878_404 *)D_800E7304)->unkE50 == 0) {
				D_800A0904_1889C4++;
			}

			route = &D_800A05FC_1886BC[D_800E6A34];
			path = route->unk14;
			stepFrame = path[D_800A0904_1889C4].unk20;
			sp20 = stepFrame;
			if (D_800E730C != stepFrame) {
				func_8007DAA8_165B68(D_800E6F00, stepFrame, NULL, 0.0f, 0x10);
				route = &D_800A05FC_1886BC[D_800E6A34];
				path = route->unk14;
			}

			if (path[D_800A0904_1889C4].unk14 != 0x7D0) {
				arg0->unkE = (s16)((f64)((f32)path[D_800A0904_1889C4].unk14 * 32768.0f) / D_800A4DA0_18CE60[0]);
				route = &D_800A05FC_1886BC[D_800E6A34];
			}

			timeline = &route->unk18[D_800A0908_1889C8];
			if (D_800A0900_1889C0 >= timeline->unk3C) {
				if (D_800A0908_1889C8 < 3) {
					func_80081E90_169F50((s16)(D_800A0908_1889C8 - 1), (s16)D_800A0908_1889C8, timeline->unk4A);
					D_800A0908_1889C8++;
					timeline = D_800A0614_1886D4[D_800E6A34].unk0;
				}
			}

			if (D_800A0900_1889C0 == timeline[D_800A0910_1889D0].unk54) {
				D_800A0920_1889E0 = 1;
				func_80005AEC_66EC(0, 0, 0, 0x14);
				D_800A0910_1889D0++;
			}

			sp34 = 0;
			if (D_800A0920_1889E0 != 0) {
				sp34 = func_80005B30_6730();
				if (sp34 != 0) {
					D_800A0920_1889E0 = 0;
				}
			}

			route = &D_800A05FC_1886BC[D_800E6A34];
			path = route->unk14;
			if ((D_800A0900_1889C0 >= path->unk30) && (path->unk32 >= D_800A0900_1889C0)) {
				if (path->unk2C != 0) {
					D_800E6A70 = path->unk2C;
					if (D_800A0900_1889C0 >= path->unk38) {
						f32 speed;

						speed = path->unk3C[D_800A090C_1889CC];
						if (speed != 2000.0f) {
							D_800E6A38 = speed;
							D_800A090C_1889CC++;
						}
					}
				}
			} else {
				D_800E6A70 = 0;
			}

			if (D_800A0900_1889C0 == route->unk4) {
				func_8007B124_1631E4(D_800E6A1C);
				if (D_800E6A34 == 7) {
					func_8007DAA8_165B68(&D_800E6AD8, 0x73, NULL, 0.0f, 0x10);
				}
			}

			if (D_800A0900_1889C0 == route->unk8) {
				((void (*)(s16, s32, s32))func_800153D8_15FD8)(route->unkE, D_800E6A34, D_800A0900_1889C0);
				route = &D_800A05FC_1886BC[D_800E6A34];
			}

			D_800A0900_1889C0++;
			if (D_800A0900_1889C0 == route->unk0) {
				if ((D_800E6A34 == 6) || (D_800E6A34 == 7)) {
					D_800E65A8 |= 0x100;
				} else {
					D_800E65A8 &= ~0x8000;
					func_80081AA8_169B68();
					D_800E6A70 = 0;
					if (D_800E730C != 0x11) {
						func_8007DAA8_165B68(D_800E6F00, 0x11, NULL, 0.0f, 0x10);
					}
				}
			}
		}
	} else if (flags & 4) {
		if (func_8008DDC0_175E80() != 0) {
			func_8007D69C_16575C(arg0);
		}
	} else if (flags & 0x40) {
		func_8007D52C_1655EC();
		anim = 4;
		if (arg1->button & 0x2000) {
			anim = 5;
		}

		if (D_800A0914_1889D4 == 0) {
			D_800A0914_1889D4 = 1;
			func_8007DAA8_165B68(D_800E6F00, anim, NULL, 0.0f, 0x10);
		} else if (((Unk8007F878_404 *)D_800E7304)->unkE50 == 0) {
			D_800E6A68 |= 0x200;
			if (D_800E730C != 0x11) {
				func_8007DAA8_165B68(D_800E6F00, 0x11, NULL, 0.0f, 0x10);
			}
		}
	} else if ((flags & 0x800) || (flags & 0x80)) {
		s16 targetYaw;

		func_8007D52C_1655EC();
		targetYaw = (s16)((func_80003824_4424((f32)(s32)((D_800E6A78.unk4C - 96.0f) - (f32)func_800703D0_158490()),
										 (f32)(s32)D_800E6A78.unk54) + 0x8000) & 0xFFFF);

		if ((u16)targetYaw != (u16)arg0->unkE) {
			if ((D_800E730C != 0x11) && (D_800E730C != 0xB) && (D_800E730C != 0xA)) {
				sp6C = targetYaw;
				func_8007DAA8_165B68(D_800E6F00, 0x11, NULL, 0.0f, 0x10);
				targetYaw = sp6C;
			}
			func_8007D37C_16543C(arg0, targetYaw, 0);
			osSyncPrintf(D_800A4CD0_18CD90);
		} else {
			if (D_800E730C != 0x10) {
				func_8007DAA8_165B68(D_800E6F00, 0x10, NULL, 0.0f, 0x10);
			}
			D_800E65A8 = 0x80;
		}
	} else {
		if (flags & 0x40000) {
			if (D_800E730C != 0x16) {
				func_8007DAA8_165B68(D_800E6F00, 0x16, NULL, 0.0f, 0x10);
			}

			if (((Unk8007F878_404 *)D_800E7304)->unkE50 == 0) {
				func_8007DAA8_165B68(D_800E6F00, 0x11, NULL, 0.0f, 0x10);
				func_8001A068_1AC68();
				D_800E65A8 |= 0x1000;
				D_800E65A8 &= ~0x40000;
			}
		} else if ((flags & ~0x4102) == 1) {
			s32 nextAnim;

			D_800A0914_1889D4 = 0;
			func_8007D52C_1655EC();
			nextAnim = 0xF;

			if (arg1->button & 1) {
				D_800E733C = 0xD;
			} else if (arg1->button & 2) {
				nextAnim = 0xE;
				D_800E733C = 0xD;
			} else {
				nextAnim = 0;
			}

			if (D_800E733C >= 0xE) {
				D_800E733C = 0xD;
			}

			speedScale = (f32)((f64)D_800E733C / 13.0);
			if (speedScale < 0.0f) {
				speedScale = 0.0f;
			}

			anim = D_800E730C;
			if (!(D_8009E8E0_1869A0[anim].unk0 & 0x100)) {
				func_8007DB98_165C58(D_800E6F00, 0x11, nextAnim, speedScale);
				anim = D_800E730C;
			}

			if (anim == 0x11) {
				D_800E7328++;
			} else {
				D_800E7328 = 0;
			}
		} else {
			D_800E6A68 |= 0x200;
			if (D_800E730C != 0x11) {
				func_8007DAA8_165B68(D_800E6F00, 0x11, NULL, 0.0f, 0x10);
			}
		}
	}

	anim = D_800E730C;
	if ((anim == 2) && ((currentLevel != 4) || (buildingInteriorToLoadId != 0x20) || (func_8000726C_7E6C((u64)2) != 0))) {
		vehicleInstances[0].unk1C++;
	}

	func_8007DC80_165D40(arg0, (Unk80157600 *)D_800E6F00, speedScale);
	if (D_8009E8E0_1869A0[D_800E730C].unk0 & 4) {
		func_8000D8DC_E4DC((Unk8007F878_404 *)D_800E7304, (Unk8007F878_404 *)D_800E7308, (AnimChannelState *)D_800E6F00, 0x10, speedScale, D_800E7310);
	} else {
		func_8000CF4C_DB4C((void *)D_800E7304, D_800E6F00, 0x10, *(s32 *)&D_800E7310);
	}

	if ((((Unk165E60AnimState *)D_800E6F00)->unk40C == 0) && ((((Unk165E60AnimState *)D_800E6F00)->unk18 == 3) || (((Unk165E60AnimState *)D_800E6F00)->unk18 == 8)) && (((Unk165E60AnimState *)D_800E6F00)->unk1C == 1.0f)) {
		func_800153D8_15FD8(0x96);
		func_80014A3C_1563C(D_800E6F00, 0x97, 0, 0, (f32)(((f64)(func_800038E0_44E0() & 1) * D_800A4DA8_18CE68[0]) + D_800A4DB0_18CE70[0]));
	}

	D_800A08FC_1889BC = D_800E65A8;
}
#else
#pragma GLOBAL_ASM("asm/nonmatchings/overlay_gameplay/inside/1648A0/func_8007DDA0_165E60.s")
#endif

#ifdef NON_MATCHING
// AI - Draw shadow/floor marker quad beneath the player
void func_8007EB1C_166BDC(void *arg0) {
	s16 sp2E;
	s16 sp2C;
	s16 sp2A;
	s16 *temp_t8;
	s16 *temp_t8_2;
	s16 *temp_t8_3;
	s16 temp_a2;
	s16 temp_a3;
	s16 temp_t0;
	s16 temp_t1;
	s8 temp_v0;
	void *temp_t2;
	void *temp_v1;
	void *temp_v1_10;
	void *temp_v1_11;
	void *temp_v1_12;
	void *temp_v1_13;
	void *temp_v1_14;
	void *temp_v1_15;
	void *temp_v1_16;
	void *temp_v1_17;
	void *temp_v1_18;
	void *temp_v1_19;
	void *temp_v1_20;
	void *temp_v1_2;
	void *temp_v1_3;
	void *temp_v1_4;
	void *temp_v1_5;
	void *temp_v1_6;
	void *temp_v1_7;
	void *temp_v1_8;
	void *temp_v1_9;

	sp2E = (s16) (s32) ((f64) (arg0->unk4C - 96.0f) + 0.5);
	sp2C = (s16) (s32) (arg0->unk50 + 2.0f);
	sp2A = (s16) (s32) ((f64) (arg0->unk54 - 96.0f) + 0.5);
	temp_v0 = func_800717A8_159868();
	temp_a2 = sp2E - 0x14;
	D_8005BB34->unk0 = temp_a2;
	D_8005BB34->unk2 = sp2C;
	temp_a3 = sp2A - 0x14;
	D_8005BB34->unk4 = temp_a3;
	D_8005BB34->unk6 = 0;
	D_8005BB34->unk8 = 0x800;
	D_8005BB34->unkA = 0x800;
	D_8005BB34->unkC = 0;
	D_8005BB34->unkD = 0;
	D_8005BB34->unkE = 0;
	D_8005BB34->unkF = temp_v0;
	temp_t8 = D_8005BB34 + 0x10;
	D_8005BB34 = temp_t8;
	temp_t0 = sp2E + 0x14;
	*temp_t8 = temp_t0;
	D_8005BB34->unk2 = sp2C;
	D_8005BB34->unk4 = temp_a3;
	D_8005BB34->unk6 = 0;
	D_8005BB34->unk8 = 0;
	D_8005BB34->unkA = 0x800;
	D_8005BB34->unkC = 0;
	D_8005BB34->unkD = 0;
	D_8005BB34->unkE = 0;
	D_8005BB34->unkF = temp_v0;
	temp_t8_2 = D_8005BB34 + 0x10;
	D_8005BB34 = temp_t8_2;
	*temp_t8_2 = temp_t0;
	D_8005BB34->unk2 = sp2C;
	temp_t1 = sp2A + 0x14;
	D_8005BB34->unk4 = temp_t1;
	D_8005BB34->unk6 = 0;
	D_8005BB34->unk8 = 0;
	D_8005BB34->unkA = 0;
	D_8005BB34->unkC = 0;
	D_8005BB34->unkD = 0;
	D_8005BB34->unkE = 0;
	D_8005BB34->unkF = temp_v0;
	temp_t8_3 = D_8005BB34 + 0x10;
	D_8005BB34 = temp_t8_3;
	*temp_t8_3 = temp_a2;
	D_8005BB34->unk2 = sp2C;
	D_8005BB34->unk4 = temp_t1;
	D_8005BB34->unk6 = 0;
	D_8005BB34->unk8 = 0x800;
	D_8005BB34->unkA = 0;
	D_8005BB34->unkC = 0;
	D_8005BB34->unkD = 0;
	D_8005BB34->unkE = 0;
	D_8005BB34->unkF = temp_v0;
	D_8005BB34 += 0x10;
	gDPPipeSync(D_8005BB2C++);
	gDPSetCycleType(D_8005BB2C++, G_CYC_1CYCLE);
	gSPClearGeometryMode(D_8005BB2C++, G_CULL_BOTH | G_FOG);
	gDPSetRenderMode(D_8005BB2C++, G_RM_AA_ZB_XLU_SURF, G_RM_AA_ZB_XLU_SURF2);
	gDPSetCombineLERP(D_8005BB2C++, 1, 0, SHADE, 0, TEXEL0, 0, SHADE, 0, 1, 0, SHADE, 0, TEXEL0, 0, SHADE, 0);
	gSPTexture(D_8005BB2C++, qu016(0.5), qu016(0.5), 0, G_TX_RENDERTILE, G_ON);
	gDPSetTextureLUT(D_8005BB2C++, G_TT_NONE);
	gDPLoadSync(D_8005BB2C++);
	gDPSetTextureImage(D_8005BB2C++, G_IM_FMT_I, G_IM_SIZ_8b, 1, &D_8009CE60_184F20);
	gDPSetTile(D_8005BB2C++, G_IM_FMT_I, G_IM_SIZ_8b, 2, 0x050, 1, 0, G_TX_WRAP, 5, G_TX_NOLOD, G_TX_WRAP, 5, G_TX_NOLOD);
	gDPLoadSync(D_8005BB2C++);
	gDPLoadBlock(D_8005BB2C++, 1, 0, 0, 0x1FF, 0x200);
	gDPPipeSync(D_8005BB2C++);
	gDPSetTile(D_8005BB2C++, G_IM_FMT_I, G_IM_SIZ_8b, 2, 0x050, 0, 0, G_TX_WRAP, 5, G_TX_NOLOD, G_TX_WRAP, 5, G_TX_NOLOD);
	gDPSetTileSize(D_8005BB2C++, 0, 0, 0, qu102(31), qu102(31));
	gSPVertex(D_8005BB2C++, K0_TO_PHYS(D_8005BB34 - 0x40), 4, 0);
	gSP1Quadrangle(D_8005BB2C++, 0, 1, 2, 3, 0);
	gDPPipeSync(D_8005BB2C++);
	gSPSetGeometryMode(D_8005BB2C++, G_CULL_BACK);
	gDPSetRenderMode(D_8005BB2C++, G_RM_AA_ZB_OPA_SURF, G_RM_AA_ZB_OPA_SURF2);
	gDPSetTextureLUT(D_8005BB2C++, G_TT_RGBA16);
}
#else
#pragma GLOBAL_ASM("asm/nonmatchings/overlay_gameplay/inside/1648A0/func_8007EB1C_166BDC.s")
#endif

#ifdef NON_MATCHING
// AI - Render player character model with full matrix setup and damage flash
void func_8007EFD4_167094(VehicleInstance *arg0) {
	s32 spBC;
	s32 spB8;
	s32 spB4;
	s16 spB0;
	s16 spAE;
	s16 spAC;
	s16 spA8;
	s16 spA6;
	s16 spA4;
	s16 spA0;
	s16 sp9E;
	s16 sp9C;
	u8 sp84[24];
	u8 sp6C[24];
	s32 *temp_v0;
	s32 *temp_v0_10;
	s32 *temp_v0_11;
	s32 *temp_v0_12;
	s32 *temp_v0_13;
	s32 *temp_v0_14;
	s32 *temp_v0_2;
	s32 *temp_v0_3;
	s32 *temp_v0_4;
	s32 *temp_v0_5;
	s32 *temp_v0_6;
	s32 *temp_v0_7;
	s32 *temp_v0_8;
	s32 *temp_v0_9;
	s32 temp_a3;
	s32 temp_a3_2;
	s32 temp_a3_3;
	s32 temp_a3_4;
	s32 temp_a3_5;
	s32 temp_a3_6;
	s32 temp_f10;
	s32 temp_f18;
	s32 temp_f6;
	u16 temp_t2;

	*(u32*)&sp84[0x0] = *(u32*)&D_800A092C[0x0];
	*(u32*)&sp84[0x4] = *(u32*)&D_800A092C[0x4];
	*(u32*)&sp84[0xC] = *(u32*)&D_800A092C[0xC];
	*(u32*)&sp84[0x8] = *(u32*)&D_800A092C[0x8];
	*(u32*)&sp84[0x10] = *(u32*)&D_800A092C[0x10];
	*(u32*)&sp84[0x14] = *(u32*)&D_800A092C[0x14];
	*(u32*)&sp6C[0x4] = *(u32*)&D_800A0944[0x4];
	*(u32*)&sp6C[0x0] = *(u32*)&D_800A0944[0x0];
	*(u32*)&sp6C[0x8] = *(u32*)&D_800A0944[0x8];
	*(u32*)&sp6C[0xC] = *(u32*)&D_800A0944[0xC];
	*(u32*)&sp6C[0x14] = *(u32*)&D_800A0944[0x14];
	*(u32*)&sp6C[0x10] = *(u32*)&D_800A0944[0x10];
	gSPMatrix(D_8005BB2C++, K0_TO_PHYS(&D_80031160), G_MTX_NOPUSH | G_MTX_LOAD | G_MTX_MODELVIEW);
	gSPDisplayList(D_8005BB2C++, &D_80031200);
	if (((u8*)D_80052B34)[0x20] & 0x2000) {
		gDPSetFogColor(D_8005BB2C++, 0xFF, 0xFF, 0xFF, 0xFF);
		gSPFogPosition(D_8005BB2C++, 0, 100);
		osSyncPrintf(&D_800A4CE0);
	} else {
		gSPFogPosition(D_8005BB2C++, 995, 1000);
	}
	spAC = (s16) (s32) ((f64) (arg0->unk4C - 96.0f) + 0.5);
	spAE = (s16) (s32) ((f64) arg0->unk50 + 0.5);
	spB0 = (s16) (s32) ((f64) (arg0->unk54 - 96.0f) + 0.5);
	sp9E = 0;
	sp9C = 0x4000 - arg0->unkE;
	spA0 = 0;
	spA4 = 0x40;
	spA6 = 0x40;
	spA8 = 0x40;
	func_800039D0_45D0(&spAC, &sp9C, &spA4, D_8005BB38);
	gSPMatrix(D_8005BB2C++, K0_TO_PHYS(D_8005BB38++), G_MTX_NOPUSH | G_MTX_LOAD | G_MTX_MODELVIEW);
	spB4 = 0;
	spBC = 0;
	sp9C = *(s16*)&D_800E6F00[0x0] * 8;
	sp9E = *(s16*)&D_800E6F00[0x4] * 8;
	spA0 = *(s16*)&D_800E6F00[0x2] * 8;
	spB8 = (s32) (*(f32*)&D_800E6F00[0xC] * 65536.0f);
	func_8000C81C_D41C(&spB4, &sp9C, 0, D_8005BB38);
	gSPMatrix(D_8005BB2C++, K0_TO_PHYS(D_8005BB38++), G_MTX_NOPUSH | G_MTX_MUL | G_MTX_MODELVIEW);
	gSPSegment(D_8005BB2C++, 0x07, K0_TO_PHYS(D_8005BB38));
	gSPSegment(D_8005BB2C++, 0x06, func_80012000_12C00(*(s32*)(&D_8009D260_185320 + (D_800E6A70 * 4))));
	func_8000CC3C_D83C(&D_800E6F00, 0x10);
	switch (*(s32*)&D_800E6F00[0x40C]) {
	case 4:
		if ((*(s16*)&D_800E6F00[0x18] >= 7) && (D_800A095C < 6)) {
			temp_a3 = D_8005BB38;
			D_8005BB38 = temp_a3 + 0x40;
			temp_f10 = (s32) ((*(f32*)&sp84[D_800A095C * 4]) * 256.0f);
			spA6 = (s16) temp_f10;
			spA4 = (s16) temp_f10;
			spA8 = (s16) temp_f10;
			func_800039D0_45D0(NULL, NULL, &spA4, temp_a3);
			D_800A095C += 1;
			if (spA4 == 0) {
				D_800E6A70 = 0;
			}
		} else {
			temp_a3_2 = D_8005BB38;
			D_8005BB38 = temp_a3_2 + 0x40;
			func_800039D0_45D0(NULL, NULL, NULL, temp_a3_2);
		}
		break;
	case 5:
		if ((*(s16*)&D_800E6F00[0x18] >= 0xE) && (D_800A095C < 6)) {
			temp_a3_3 = D_8005BB38;
			D_8005BB38 = temp_a3_3 + 0x40;
			temp_f6 = (s32) ((*(f32*)&sp84[D_800A095C * 4]) * 256.0f);
			spA6 = (s16) temp_f6;
			spA4 = (s16) temp_f6;
			spA8 = (s16) temp_f6;
			func_800039D0_45D0(NULL, NULL, &spA4, temp_a3_3);
			D_800A095C += 1;
			if (spA4 == 0) {
				D_800E6A70 = 0;
			}
		} else {
			temp_a3_4 = D_8005BB38;
			D_8005BB38 = temp_a3_4 + 0x40;
			func_800039D0_45D0(NULL, NULL, NULL, temp_a3_4);
			D_800A095C = 0;
		}
		break;
	default:
		if (D_800E65A8 & 0x8000) {
			temp_a3_5 = D_8005BB38;
			D_8005BB38 = temp_a3_5 + 0x40;
			temp_f18 = (s32) (256.0f * D_800E6A38);
			spA6 = (s16) temp_f18;
			spA4 = (s16) temp_f18;
			spA8 = (s16) temp_f18;
			func_800039D0_45D0(NULL, NULL, &spA4, temp_a3_5);
		} else {
			temp_a3_6 = D_8005BB38;
			spA6 = 0;
			spA4 = 0;
			D_8005BB38 = temp_a3_6 + 0x40;
			spA8 = 0;
			func_800039D0_45D0(NULL, NULL, &spA4, temp_a3_6);
		}
		break;
	}
	gSPDisplayList(D_8005BB2C++, K0_TO_PHYS(&D_10031E0));
	gSPDisplayList(D_8005BB2C++, &D_80031230);
	gSPPopMatrix(D_8005BB2C++, G_MTX_MODELVIEW);
	gSPPopMatrix(D_8005BB2C++, G_MTX_MODELVIEW);
	gSPPopMatrix(D_8005BB2C++, G_MTX_MODELVIEW);
	temp_t2 = *(u16*)&((u8*)D_80052B34)[0x20];
	if (temp_t2 & 0x2000) {
		*(u16*)&((u8*)D_80052B34)[0x20] = (u16) (temp_t2 & 0xDFFF);
	}
	gSPMatrix(D_8005BB2C++, K0_TO_PHYS(&D_80031120), G_MTX_NOPUSH | G_MTX_LOAD | G_MTX_MODELVIEW);
}
#else
#pragma GLOBAL_ASM("asm/nonmatchings/overlay_gameplay/inside/1648A0/func_8007EFD4_167094.s")
#endif

#ifdef NON_MATCHING
// AI - Initialize NPC entity and its animation
void func_8007F668_167728(u8 arg0, u8 arg1) {
	s32 sp24;

	sp24 = arg0;
	D_800E6AD8.unk426 = sp24 - 1;
	D_800E6AD8.unk425 = arg1;
	osSyncPrintf(D_800A4CE8, sp24);
	D_800E6AD8.unk404 = func_8000C6F4_D2F4();
	D_800E6AD8.unk408 = func_8000C6F4_D2F4();
	D_800E6AD8.unk410 = 1.0f;
	func_8000C790_D390(&D_800E6AD8,
		*(s32 *)(D_8009E4C8_186588 + sp24 * 0xD0 + arg1 * 0x10 - 0xCC),
		*(D_8009E4C8_186588 + sp24 * 0xD0 + arg1 * 0x10 - 0xC4));
	((Unk8007F878_404 *)D_800E6AD8.unk404)->unkE50 = 0;
}
#else
#pragma GLOBAL_ASM("asm/nonmatchings/overlay_gameplay/inside/1648A0/func_8007F668_167728.s")
#endif

#ifdef NON_MATCHING
// AI - Free NPC animation memory
void func_8007F724_1677E4(void) {
	Unk80157600 *ptr;

	ptr = (Unk80157600 *) &D_800E6AD8;
	if (ptr->unk404 != NULL) {
		func_8000C764_D364((s32) ptr->unk404);
		ptr = (Unk80157600 *) &D_800E6AD8;
		func_8000C764_D364((s32) ptr->unk408);
		ptr = (Unk80157600 *) &D_800E6AD8;
		ptr->unk408 = NULL;
		ptr->unk404 = NULL;
	}
}
#else
#pragma GLOBAL_ASM("asm/nonmatchings/overlay_gameplay/inside/1648A0/func_8007F724_1677E4.s")
#endif

// AI - Update NPC animation state each frame
void func_8007F778_167838(void) {
	u8 temp_v1;
	u8 temp_t0;
	u8 *temp_v0;

	if ((Unk8007F878_404 *)D_800E6AD8.unk404 != NULL) {
		temp_v1 = D_800E6AD8.unk426;
		temp_t0 = D_800E6AD8.unk425;
		if (((Unk8007F878_404 *)D_800E6AD8.unk404)->unkE50 == 0) {
			if (!((currentLevel == LEVEL_COMET) && (temp_v1 == 4) && (temp_t0 == 0) && (D_800E65A8 & 0x100))) {
				temp_v0 = &D_8009E4C8_186588[temp_v1 * 0xD0 + temp_t0 * 0x10];
				func_8007DAA8_165B68(&D_800E6AD8, *(s32*)(temp_v0 + 8), NULL, 0.0f, temp_v0[0xC]);
			}
		}
		func_8000CF4C_DB4C((Unk8007F878_404 *)D_800E6AD8.unk404, &D_800E6AD8,
			D_8009E4D4_186594[temp_v1 * 0xD0 + temp_t0 * 0x10],
			*(s32*)&D_800E6AD8.unk410);
	}
}

#ifdef NON_MATCHING
// AI - Render NPC while animation is still playing
void func_8007F878_167938(void) {
	Unk8007F878_D6AD8 *ptr;
	Unk8007F878_404 *temp;

	ptr = &D_800E6AD8;
	if (ptr->unk404 == NULL) {
		return;
	}

	temp = (Unk8007F878_404 *) ptr->unk404;
	if ((temp->unkE50 == 0) || (ptr->unk18 == 0)) {
		return;
	}

	func_8000CF4C_DB4C(ptr->unk404, ptr, D_8009E4D4_186594[ptr->unk426 * 0xD0 + ptr->unk425 * 0x10], ptr->unk410);
}
#else
#pragma GLOBAL_ASM("asm/nonmatchings/overlay_gameplay/inside/1648A0/func_8007F878_167938.s")
#endif

#ifdef NON_MATCHING
// AI - Render NPC model with full matrix transforms
void func_8007F8F4_1679B4(s16 arg0, s16 arg1, s16 arg2, s16 arg3) {
	s32 sp64;
	s32 sp60;
	s32 sp5C;
	s16 sp58;
	s16 sp56;
	s16 sp54;
	s16 sp50;
	s16 sp4E;
	s16 sp4C;
	u8 sp4B;
	u8 sp4A;
	s32 sp44;
	s32 sp40;
	s32 sp3C;
	void *sp20;
	void *temp_t1;

	sp5C = arg0 << 0x10;
	sp4B = D_800E6AD8.unk426;
	sp4C = arg3;
	sp60 = arg1 << 0x10;
	sp64 = arg2 << 0x10;
	sp4E = 0;
	sp50 = 0;
	sp54 = 0x40;
	sp56 = 0x40;
	sp58 = 0x40;
	sp4A = D_800E6AD8.unk425;
	func_8000C81C_D41C(&sp5C, &sp4C, &sp54, D_8005BB38);
	gSPMatrix(D_8005BB2C++, K0_TO_PHYS(D_8005BB38++), G_MTX_PUSH | G_MTX_MUL | G_MTX_MODELVIEW);
	if ((D_800E6AD8.unk426 == 4) && (D_800E6AD8.unk425 == 0)) {
		sp3C = (s32) (D_800E6AD8.unk8 * 65536.0f);
		sp40 = (s32) (D_800E6AD8.unkC * 65536.0f);
		sp44 = (s32) (D_800E6AD8.unk10 * 65536.0f);
	} else {
		sp40 = 0;
		sp3C = (s32) (D_800E6AD8.unk8 * 65536.0f);
		sp44 = (s32) (D_800E6AD8.unk10 * 65536.0f);
	}
	sp4C = D_800E6AD8.unk2 * 8;
	sp4E = D_800E6AD8.unk4 * 8;
	sp50 = D_800E6AD8.unk0 * 8;
	func_8000C81C_D41C(&sp3C, &sp4C, NULL, D_8005BB38);
	gSPMatrix(D_8005BB2C++, K0_TO_PHYS(D_8005BB38++), G_MTX_NOPUSH | G_MTX_MUL | G_MTX_MODELVIEW);
	gSPSegment(D_8005BB2C++, 0x07, K0_TO_PHYS(D_8005BB38));
	temp_t1 = (sp4B * 0xD0) + (sp4A * 0x10) + &D_8009E4C8_186588;
	sp20 = temp_t1;
	func_8000CC3C_D83C(&D_800E6AD8, temp_t1->unkC);
	gSPDisplayList(D_8005BB2C++, K0_TO_PHYS(temp_t1->unk0));
	gSPPopMatrix(D_8005BB2C++, G_MTX_MODELVIEW);
	gSPPopMatrix(D_8005BB2C++, G_MTX_MODELVIEW);
}
#else
#pragma GLOBAL_ASM("asm/nonmatchings/overlay_gameplay/inside/1648A0/func_8007F8F4_1679B4.s")
#endif
