#include <ultra64.h>
#include "common.h"

// Room data & level tables (ROM 0x176060 - 0x184F20)
Gfx *D_8008DFA0_176060[66] = {
	(Gfx *)0x01000000,
	(Gfx *)0x00000000,
	(Gfx *)0x00000000,
	(Gfx *)0x01000000,
	(Gfx *)0x00000000,
	(Gfx *)0x0F006140,
	(Gfx *)0x01000000,
	(Gfx *)0x00000001,
	(Gfx *)0x0F006E78,
	(Gfx *)0x01000000,
	(Gfx *)0x00000001,
	(Gfx *)0x00000000,
	(Gfx *)0x0F00DF98,
	(Gfx *)0x00000000,
	(Gfx *)0x00000000,
	(Gfx *)0x00000000,
	(Gfx *)0x00000000,
	(Gfx *)0x0F01DCC0,
	(Gfx *)0x0F01D7E0,
	(Gfx *)0x0F00F700,
	(Gfx *)0x00000000,
	(Gfx *)0x0F013D38,
	(Gfx *)0x00000000,
	(Gfx *)0x0F00E6B0,
	(Gfx *)0x00000000,
	(Gfx *)0x0F01EA70,
	(Gfx *)0x0F00D590,
	(Gfx *)0x0F01E588,
	(Gfx *)0x0F01E358,
	(Gfx *)0x0F01E1C8,
	(Gfx *)0x00000000,
	(Gfx *)0x00000000,
	(Gfx *)0x00000000,
	(Gfx *)0x00000000,
	(Gfx *)0x0F00C6F0,
	(Gfx *)0x0F00CA38,
	(Gfx *)0x00000000,
	(Gfx *)0x0F01B130,
	(Gfx *)0x0F007F50,
	(Gfx *)0x0F009198,
	(Gfx *)0x0F00A998,
	(Gfx *)0x0F00BD58,
	(Gfx *)0x00000000,
	(Gfx *)0x00000000,
	(Gfx *)0x00000000,
	(Gfx *)0x00000000,
	(Gfx *)0x00000000,
	(Gfx *)0x0F01DF50,
	(Gfx *)0x0F00C6F0,
	(Gfx *)0x0F00C148,
	(Gfx *)0x0F010EA8,
	(Gfx *)0x00000000,
	(Gfx *)0x00000000,
	(Gfx *)0x00000000,
	(Gfx *)0x00000000,
	(Gfx *)0x00000000,
	(Gfx *)0x00000000,
	(Gfx *)0x00000000,
	(Gfx *)0x00000000,
	(Gfx *)0x00000000,
	(Gfx *)0x00000000,
	(Gfx *)0x00000000,
	(Gfx *)0x00000000,
	(Gfx *)0x00000000,
	(Gfx *)0x00000000,
	(Gfx *)0x00000000
};

Unk80070F7CObj D_8008E0A8_176168[25][32] = {
	{	// ---- level 0 ----
		{
			{0x09,0x02,0xC1,0x80,0x00,0x00,0x00,0x00,0x00,0x00,0x00,0x00,0x00,0x01},
			0x0000, 0x0015, 0x0000, 0x00CF, 0x0000, 0x0050, 0x0014, {0x01,0x00}, 0x0000,
			0.0f, {0x00,0x00}, 0x0000, 0x0000, 0x0000, 0x0000, 0x0000, 0x0000,
			{0x00,0x00,0x00,0x50,0x00,0x00,0x00,0x00,0x00,0x00,0x00,0x00,0x00,0x00},
			0x201000EC, 0x00000008
		},
		{
			{0x05,0x00,0xF5,0x20,0x00,0x00,0x00,0x00,0x00,0x00,0x00,0x00,0xFF,0xFF},
			0x0000, 0x0000, 0x0000, -1, 0x0000, 0x0028, 0x0005, {0x23,0x00}, 0x0000,
			0.0f, {0x00,0x00}, 0x0000, 0x0000, 0x0000, 0x0000, 0x0000, 0x0000,
			{0x00,0x00,0x00,0x28,0x00,0x00,0x00,0x00,0x00,0x00,0x00,0x00,0x00,0x00},
			0x02000022, 0x00000000
		},
		{
			{0x05,0x00,0xF6,0xC8,0x00,0x00,0x00,0x00,0x00,0x00,0x00,0x00,0xFF,0xFF},
			0x0000, 0x0000, 0x0000, 0x016C, 0x0000, 0x0060, 0x000F, {0x01,0x00}, 0x0000,
			0.0f, {0x00,0x00}, 0x0000, 0x0000, 0x0000, 0x0000, 0x0000, 0x0000,
			{0x00,0x00,0x00,0x46,0x00,0x00,0x00,0x00,0x00,0x00,0x00,0x00,0x00,0x00},
			0x02000024, 0x00000000
		},
		{
			{0x00,0x00,0x00,0x00,0x00,0x00,0x00,0x00,0x00,0x00,0x00,0x00,0xFF,0xFF},
			0x0000, 0x0000, 0x0000, -1, 0x0000, 0x0000, 0x0000, {0x00,0x00}, 0x0000,
			0.0f, {0x00,0x00}, 0x0000, 0x0000, 0x0000, 0x0000, 0x0000, 0x0000,
			{0x00,0x00,0x00,0x00,0x00,0x00,0x00,0x00,0x00,0x00,0x00,0x00,0x00,0x00},
			0x00000000, 0x00000000
		},
		{
			{0x05,0x00,0xF6,0x08,0x00,0x00,0x00,0x00,0x00,0x00,0x00,0x00,0x00,0x05},
			0x0000, 0x0023, 0x0000, 0x0139, 0x0000, 0x0014, 0x0014, {0x01,0x00}, 0x0000,
			0.0f, {0x00,0xB4}, 0x0000, 0x0000, 0x0000, 0x0000, 0x0000, 0x0000,
			{0x00,0x00,0x00,0x00,0x00,0x00,0x00,0x00,0x00,0x00,0x00,0x00,0x00,0x00},
			0x00000020, 0x00000000
		},
		{
			{0x05,0x00,0xF5,0xF8,0x00,0x00,0x00,0x00,0x00,0x00,0x00,0x00,0xFF,0xFF},
			0x0000, 0x0000, 0x0000, -1, 0x0000, 0x0028, 0x0028, {0x01,0x00}, 0x0000,
			0.0f, {0x00,0x00}, 0x0000, 0x0000, 0x0000, 0x0000, 0x0000, 0x0000,
			{0x00,0x00,0x00,0x00,0x00,0x00,0x00,0x00,0x00,0x00,0x00,0x00,0x00,0x00},
			0x00000020, 0x00000000
		},
		{
			{0x09,0x02,0xC2,0x30,0x00,0x00,0x00,0x00,0x00,0x00,0x00,0x00,0xFF,0xFF},
			0x0000, 0x0000, 0x0000, -1, 0x0000, 0x000F, 0x000F, {0x01,0x00}, 0x0000,
			0.0f, {0x01,0x68}, 0x0000, 0x0000, 0x0000, 0x0000, 0x0000, 0x0000,
			{0x00,0x00,0x00,0x00,0x00,0x00,0x00,0x00,0x00,0x00,0x00,0x00,0x00,0x00},
			0x00000020, 0x00000000
		},
		{
			{0x05,0x00,0xF5,0x68,0x00,0x00,0x00,0x00,0x00,0x00,0x00,0x00,0x00,0x02},
			0x0000, 0x000F, 0x0000, 0x0133, 0x0000, 0x000A, 0x000A, {0x23,0x00}, 0x0000,
			0.0f, {0x01,0x68}, 0x0000, 0x0000, 0x0000, 0x0000, 0x0000, 0x0000,
			{0x00,0x00,0x00,0x00,0x00,0x00,0x00,0x00,0x00,0x00,0x00,0x00,0x00,0x00},
			0x200000FA, 0x00000000
		},
		{
			{0x00,0x00,0x00,0x00,0x00,0x00,0x00,0x00,0x00,0x00,0x00,0x00,0xFF,0xFF},
			0x0000, 0x0000, 0x0000, -1, 0x0000, 0x0000, 0x0000, {0x00,0x00}, 0x0000,
			0.0f, {0x00,0x00}, 0x0000, 0x0000, 0x0000, 0x0000, 0x0000, 0x0000,
			{0x00,0x00,0x00,0x00,0x00,0x00,0x00,0x00,0x00,0x00,0x00,0x00,0x00,0x00},
			0x00000000, 0x00000000
		},
		{
			{0x05,0x00,0xF6,0xB8,0x00,0x00,0x00,0x00,0x00,0x00,0x00,0x00,0xFF,0xFF},
			0x0000, 0x0000, 0x0000, -1, 0x0000, 0x005C, 0x0022, {0x01,0x00}, 0x0000,
			0.0f, {0x01,0x68}, 0x0000, 0x0000, 0x0000, 0x0000, 0x0000, 0x0000,
			{0x00,0x00,0x00,0x00,0x00,0x00,0x00,0x00,0x00,0x00,0x00,0x00,0x00,0x00},
			0x00000020, 0x00000000
		},
		{
			{0x09,0x02,0xC2,0x60,0x00,0x00,0x00,0x00,0x00,0x00,0x00,0x00,0xFF,0xFF},
			0x0000, 0x0000, 0x0000, 0x012F, 0x0000, 0x0014, 0x0014, {0x01,0x00}, 0x0024,
			5.0f, {0x00,0x00}, 0x0000, -90, -28, 0x0000, 0x00AA, 0x0031,
			{0x00,0x00,0x00,0x14,0x00,0x00,0x00,0x00,0x00,0x00,0x00,0x00,0x00,0x00},
			0x02008324, 0x00000000
		},
		{
			{0x05,0x00,0xF6,0x38,0x00,0x00,0x00,0x00,0x00,0x00,0x00,0x00,0xFF,0xFF},
			0x0000, 0x0000, 0x0000, -1, 0x0000, 0x0006, 0x0006, {0x01,0x00}, 0x0000,
			0.0f, {0x00,0x00}, 0x0000, 0x0000, 0x0000, 0x0000, 0x0000, 0x0000,
			{0x00,0x00,0x00,0x00,0x00,0x00,0x00,0x00,0x00,0x00,0x00,0x00,0x00,0x00},
			0x00000020, 0x00000000
		},
		{
			{0x05,0x00,0xF6,0x48,0x00,0x00,0x00,0x00,0x00,0x00,0x00,0x00,0xFF,0xFF},
			0x0000, 0x0000, 0x0000, -1, 0x0000, 0x0042, 0x001C, {0x01,0x00}, 0x0000,
			0.0f, {0x00,0x00}, 0x0000, 0x0000, 0x0000, 0x0000, 0x0000, 0x0000,
			{0x00,0x00,0x00,0x00,0x00,0x00,0x00,0x00,0x00,0x00,0x00,0x00,0x00,0x00},
			0x00000020, 0x00000000
		},
		{
			{0x05,0x00,0xF6,0x78,0x00,0x00,0x00,0x00,0x00,0x00,0x00,0x00,0xFF,0xFF},
			0x0000, 0x0000, 0x0000, 0x016C, 0x0000, 0x0038, 0x000A, {0x01,0x00}, 0x0000,
			0.0f, {0x00,0x00}, 0x0000, 0x0000, 0x0000, 0x0000, 0x0000, 0x0000,
			{0x00,0x00,0x00,0x28,0x00,0x00,0x00,0x00,0x00,0x00,0x00,0x00,0x00,0x00},
			0x02000024, 0x00000000
		},
		{
			{0x05,0x00,0xF6,0x88,0x00,0x00,0x00,0x00,0x00,0x00,0x00,0x00,0xFF,0xFF},
			0x0000, 0x0000, 0x0000, -1, 0x0000, 0x002E, 0x001A, {0x01,0x00}, 0x001E,
			3.0f, {0x00,0x00}, 0x0000, 0x0000, 0x0000, 0x0051, 0x0098, 0x0029,
			{0x00,0x00,0x00,0x2E,0x00,0x14,0x00,0x19,0x05,0x1C,0x00,0x00,0x00,0x00},
			0x00000120, 0x00000000
		},
		{
			{0x05,0x00,0xF5,0xD0,0x00,0x00,0x00,0x00,0x00,0x00,0x00,0x00,0xFF,0xFF},
			0x0000, 0x0000, 0x0000, 0x012C, 0x0000, 0x0022, 0x001A, {0x01,0x00}, 0x0019,
			2.0f, {0x00,0x00}, 0x0000, 0x0000, 0x0000, 0x0000, 0x007F, 0x0009,
			{0x00,0x00,0x00,0x22,0x00,0x00,0x00,0x0A,0x22,0x14,0x00,0x00,0x00,0x00},
			0x0040C124, 0x00000000
		},
		{
			{0x05,0x00,0xF5,0x40,0x00,0x00,0x00,0x00,0x00,0x00,0x00,0x00,0xFF,0xFF},
			0x0000, 0x0000, 0x0000, 0x013B, 0x0000, 0x0028, 0x0020, {0x01,0x00}, 0x0014,
			-3.0f, {0x00,0x00}, 0x0000, 0x0000, 0x0000, 0x0000, 0x004A, -61,
			{0x00,0x00,0x00,0x28,0x00,0x00,0x00,0x00,0x00,0x00,0x00,0x00,0x00,0x00},
			0x00008324, 0x00000000
		},
		{
			{0x09,0x02,0xC1,0xA0,0x00,0x00,0x00,0x00,0x00,0x00,0x00,0x00,0xFF,0xFF},
			0x0000, 0x0000, 0x0000, -1, 0x0000, 0x002E, 0x000A, {0x28,0x00}, 0x0000,
			0.0f, {0x00,0x00}, 0x0000, 0x0000, 0x0000, 0x0000, 0x0000, 0x0000,
			{0x00,0x00,0x00,0x2E,0x00,0x00,0x00,0x00,0x00,0x00,0x00,0x00,0x00,0x00},
			0x00000020, 0x00000000
		},
		{
			{0x05,0x00,0xF5,0x78,0x00,0x00,0x00,0x00,0x00,0x00,0x00,0x00,0xFF,0xFF},
			0x0000, 0x0000, 0x0000, -1, 0x0000, 0x001E, 0x001E, {0x01,0x00}, 0x002D,
			-2.0f, {0x00,0x5A}, 0x0000, 0x0000, 0x0000, -35, 0x004C, 0x0041,
			{0x00,0x00,0x00,0x00,0xFF,0xF6,0x00,0x18,0x01,0x0F,0x00,0x00,0x00,0x00},
			0x00000120, 0x00000000
		},
		{
			{0x09,0x02,0xC2,0x00,0x00,0x00,0x00,0x00,0x00,0x00,0x00,0x00,0x00,0x06},
			0x0000, 0x004A, 0x0000, 0x0133, 0x0000, 0x000F, 0x000F, {0x01,0x00}, 0x0000,
			0.0f, {0x01,0x68}, 0x0000, 0x0000, 0x0000, 0x0000, 0x0000, 0x0000,
			{0x00,0x00,0x00,0x00,0x00,0x00,0x00,0x00,0x00,0x00,0x00,0x00,0x00,0x00},
			0x2000006A, 0x00000000
		},
		{
			{0x00,0x00,0x00,0x00,0x00,0x00,0x00,0x00,0x00,0x00,0x00,0x00,0xFF,0xFF},
			0x0000, 0x0000, 0x0000, -1, 0x0000, 0x0000, 0x0000, {0x00,0x00}, 0x0000,
			0.0f, {0x00,0x00}, 0x0000, 0x0000, 0x0000, 0x0000, 0x0000, 0x0000,
			{0x00,0x00,0x00,0x00,0x00,0x00,0x00,0x00,0x00,0x00,0x00,0x00,0x00,0x00},
			0x00000000, 0x00000000
		},
		{
			{0x00,0x00,0x00,0x00,0x00,0x00,0x00,0x00,0x00,0x00,0x00,0x00,0xFF,0xFF},
			0x0000, 0x0000, 0x0000, -1, 0x0000, 0x0000, 0x0000, {0x00,0x00}, 0x0000,
			0.0f, {0x00,0x00}, 0x0000, 0x0000, 0x0000, 0x0000, 0x0000, 0x0000,
			{0x00,0x00,0x00,0x00,0x00,0x00,0x00,0x00,0x00,0x00,0x00,0x00,0x00,0x00},
			0x00000000, 0x00000000
		},
		{
			{0x05,0x00,0xF6,0x98,0x00,0x00,0x00,0x00,0x00,0x00,0x00,0x00,0xFF,0xFF},
			0x0000, 0x0000, 0x0000, -1, 0x0000, 0x0046, 0x0022, {0x01,0x00}, 0x0000,
			0.0f, {0x00,0x00}, 0x0000, 0x0000, 0x0000, 0x0000, 0x0000, 0x0000,
			{0x00,0x00,0x00,0x00,0x00,0x00,0x00,0x00,0x00,0x00,0x00,0x00,0x00,0x00},
			0x00000020, 0x00000000
		},
		{
			{0x05,0x00,0xF6,0x58,0x00,0x00,0x00,0x00,0x00,0x00,0x00,0x00,0x00,0x03},
			0x0000, 0x001A, 0x0000, 0x0133, 0x0000, 0x000C, 0x000C, {0x23,0x00}, 0x0000,
			0.0f, {0x01,0x68}, 0x0000, 0x0000, 0x0000, 0x0000, 0x0000, 0x0000,
			{0x00,0x00,0x00,0x00,0x00,0x00,0x00,0x00,0x00,0x00,0x00,0x00,0x00,0x00},
			0x200000FA, 0x00000001
		},
		{
			{0x09,0x02,0xC2,0xD0,0x00,0x00,0x00,0x00,0x00,0x00,0x00,0x00,0xFF,0xFF},
			0x0000, 0x0000, 0x0000, -1, 0x0000, 0x000A, 0x000A, {0x23,0x00}, 0x0000,
			0.0f, {0x00,0x00}, 0x0000, 0x0000, 0x0000, 0x0000, 0x0000, 0x0000,
			{0x00,0x00,0x00,0x00,0x00,0x00,0x00,0x00,0x00,0x00,0x00,0x00,0x00,0x00},
			0x00000020, 0x00000000
		},
		{
			{0x05,0x00,0xF6,0xA8,0x00,0x00,0x00,0x00,0x00,0x00,0x00,0x00,0x00,0x05},
			0x0000, 0x001E, 0x0000, 0x0139, 0x0000, 0x001C, 0x001C, {0x01,0x00}, 0x0000,
			0.0f, {0x01,0x68}, 0x0000, 0x0000, 0x0000, 0x0000, 0x0000, 0x0000,
			{0x00,0x00,0x00,0x00,0x00,0x00,0x00,0x00,0x00,0x00,0x00,0x00,0x00,0x00},
			0x00000022, 0x00000000
		},
		{
			{0x05,0x00,0xF5,0xA8,0x00,0x00,0x00,0x00,0x00,0x00,0x00,0x00,0x00,0x04},
			0x0000, 0x0000, 0x0000, 0x013F, 0x0000, 0x000A, 0x0006, {0x28,0x00}, 0x0014,
			6.0f, {0x01,0x68}, 0x0000, 0x0000, 0x0000, 0x0000, 0x0027, -14,
			{0x00,0x00,0x00,0x00,0x00,0x00,0x00,0x00,0x00,0x00,0x00,0x00,0x00,0x00},
			0x00800322, 0x00000000
		},
		{
			{0x00,0x00,0x00,0x00,0x00,0x00,0x00,0x00,0x00,0x00,0x00,0x00,0xFF,0xFF},
			0x0000, 0x0000, 0x0000, -1, 0x0000, 0x0000, 0x0000, {0x00,0x00}, 0x0000,
			0.0f, {0x00,0x00}, 0x0000, 0x0000, 0x0000, 0x0000, 0x0000, 0x0000,
			{0x00,0x00,0x00,0x00,0x00,0x00,0x00,0x00,0x00,0x00,0x00,0x00,0x00,0x00},
			0x00000000, 0x00000000
		},
		{
			{0x05,0x00,0xF5,0x98,0x00,0x00,0x00,0x00,0x00,0x00,0x00,0x00,0xFF,0xFF},
			0x0000, 0x0000, 0x0000, 0x013A, 0x0000, 0x0006, 0x0006, {0x28,0x00}, 0x0000,
			0.0f, {0x01,0x68}, 0x0000, 0x0000, 0x0000, 0x0000, 0x0000, 0x0000,
			{0x00,0x00,0x00,0x00,0x00,0x00,0x00,0x00,0x00,0x00,0x00,0x00,0x00,0x00},
			0x0000002A, 0x00000000
		},
		{
			{0x00,0x00,0x00,0x00,0x00,0x00,0x00,0x00,0x00,0x00,0x00,0x00,0xFF,0xFF},
			0x0000, 0x0000, 0x0000, -1, 0x0000, 0x0000, 0x0000, {0x00,0x00}, 0x0000,
			0.0f, {0x00,0x00}, 0x0000, 0x0000, 0x0000, 0x0000, 0x0000, 0x0000,
			{0x00,0x00,0x00,0x00,0x00,0x00,0x00,0x00,0x00,0x00,0x00,0x00,0x00,0x00},
			0x00000000, 0x00000000
		},
		{
			{0x09,0x00,0x26,0xC0,0x00,0x00,0x00,0x00,0x00,0x00,0x00,0x00,0xFF,0xFF},
			0x0000, 0x0000, 0x0000, -1, 0x0000, 0x0060, 0x0008, {0x00,0x00}, 0x0023,
			2.0f, {0x00,0x00}, 0x0000, 0x0000, 0x0000, 0x0000, 0x0000, 0x0000,
			{0x00,0x00,0x00,0x00,0x00,0x00,0x00,0x00,0x00,0x00,0x00,0x00,0x00,0x00},
			0x00002020, 0x00000000
		},
		{
			{0x00,0x00,0x00,0x00,0x00,0x00,0x00,0x00,0x00,0x00,0x00,0x00,0xFF,0xFF},
			0x0000, 0x0000, 0x0000, -1, 0x0000, 0x000F, 0x000F, {0x01,0x00}, 0x0000,
			0.0f, {0x01,0x68}, 0x0000, 0x0000, 0x0000, 0x0000, 0x0000, 0x0000,
			{0x00,0x00,0x00,0x28,0x00,0x00,0x00,0x00,0x00,0x00,0x00,0x00,0x00,0x00},
			0x00000024, 0x00000000
		}
	},
	{	// ---- level 1 ----
		{
			{0x00,0x00,0x00,0x00,0x00,0x00,0x00,0x00,0x00,0x00,0x00,0x00,0xFF,0xFF},
			0x0000, 0x0000, 0x0000, -1, 0x0000, 0x0000, 0x0000, {0x00,0x00}, 0x0000,
			0.0f, {0x00,0x00}, 0x0000, 0x0000, 0x0000, 0x0000, 0x0000, 0x0000,
			{0x00,0x00,0x00,0x00,0x00,0x00,0x00,0x00,0x00,0x00,0x00,0x00,0x00,0x00},
			0x00000000, 0x00000000
		},
		{
			{0x05,0x00,0xF6,0x68,0x00,0x00,0x00,0x00,0x00,0x00,0x00,0x00,0x00,0x01},
			0x0000, 0x000A, 0x0000, 0x00CF, 0x0000, 0x0042, 0x0024, {0x01,0x00}, 0x0000,
			0.0f, {0x00,0x00}, 0x0000, 0x0000, 0x0000, 0x0000, 0x0000, 0x0000,
			{0x00,0x00,0x00,0x42,0x00,0x00,0x00,0x00,0x00,0x00,0x00,0x00,0x00,0x00},
			0x201000EC, 0x00000008
		},
		{
			{0x05,0x00,0xF5,0x88,0x00,0x00,0x00,0x00,0x00,0x00,0x00,0x00,0xFF,0xFF},
			0x0000, 0x0000, 0x0000, -1, 0x0000, 0x0046, 0x001E, {0x01,0x00}, 0x002D,
			-2.0f, {0x00,0x00}, 0x0000, 0x0000, 0x0000, -120, 0x0053, 0x0033,
			{0xFF,0xEE,0x00,0x15,0xFF,0xDF,0x00,0x14,0x05,0x15,0x00,0x00,0x00,0x00},
			0x00000120, 0x00000000
		},
		{
			{0x05,0x00,0xF6,0x18,0x00,0x00,0x00,0x00,0x00,0x00,0x00,0x00,0xFF,0xFF},
			0x0000, 0x0000, 0x0000, -1, 0x0000, 0x0016, 0x001F, {0x01,0x00}, 0x0000,
			0.0f, {0x01,0x68}, 0x0000, 0x0000, 0x0000, 0x0000, 0x0000, 0x0000,
			{0x00,0x00,0x00,0x00,0x00,0x00,0x00,0x00,0x00,0x00,0x00,0x00,0x00,0x00},
			0x00000020, 0x00000000
		},
		{
			{0x05,0x00,0xF6,0x08,0x00,0x00,0x00,0x00,0x00,0x00,0x00,0x00,0x00,0x05},
			0x0000, 0x0023, 0x0000, 0x0139, 0x0000, 0x0014, 0x0014, {0x01,0x00}, 0x0000,
			0.0f, {0x00,0xB4}, 0x0000, 0x0000, 0x0000, 0x0000, 0x0000, 0x0000,
			{0x00,0x00,0x00,0x00,0x00,0x00,0x00,0x00,0x00,0x00,0x00,0x00,0x00,0x00},
			0x00000020, 0x00000000
		},
		{
			{0x05,0x00,0xF5,0xF8,0x00,0x00,0x00,0x00,0x00,0x00,0x00,0x00,0xFF,0xFF},
			0x0000, 0x0000, 0x0000, -1, 0x0000, 0x0028, 0x0028, {0x01,0x00}, 0x0000,
			0.0f, {0x00,0x00}, 0x0000, 0x0000, 0x0000, 0x0000, 0x0000, 0x0000,
			{0x00,0x00,0x00,0x00,0x00,0x00,0x00,0x00,0x00,0x00,0x00,0x00,0x00,0x00},
			0x00000020, 0x00000000
		},
		{
			{0x09,0x02,0xC2,0x30,0x00,0x00,0x00,0x00,0x00,0x00,0x00,0x00,0xFF,0xFF},
			0x0000, 0x0000, 0x0000, -1, 0x0000, 0x000F, 0x000F, {0x01,0x00}, 0x0000,
			0.0f, {0x01,0x68}, 0x0000, 0x0000, 0x0000, 0x0000, 0x0000, 0x0000,
			{0x00,0x00,0x00,0x00,0x00,0x00,0x00,0x00,0x00,0x00,0x00,0x00,0x00,0x00},
			0x00000020, 0x00000000
		},
		{
			{0x05,0x00,0xF5,0x68,0x00,0x00,0x00,0x00,0x00,0x00,0x00,0x00,0x00,0x02},
			0x0000, 0x000F, 0x0000, 0x0133, 0x0000, 0x000A, 0x000A, {0x23,0x00}, 0x0000,
			0.0f, {0x01,0x68}, 0x0000, 0x0000, 0x0000, 0x0000, 0x0000, 0x0000,
			{0x00,0x00,0x00,0x00,0x00,0x00,0x00,0x00,0x00,0x00,0x00,0x00,0x00,0x00},
			0x200000FA, 0x00000000
		},
		{
			{0x00,0x00,0x00,0x00,0x00,0x00,0x00,0x00,0x00,0x00,0x00,0x00,0xFF,0xFF},
			0x0000, 0x0000, 0x0000, -1, 0x0000, 0x0000, 0x0000, {0x00,0x00}, 0x0000,
			0.0f, {0x00,0x00}, 0x0000, 0x0000, 0x0000, 0x0000, 0x0000, 0x0000,
			{0x00,0x00,0x00,0x00,0x00,0x00,0x00,0x00,0x00,0x00,0x00,0x00,0x00,0x00},
			0x00000000, 0x00000000
		},
		{
			{0x05,0x00,0xF6,0xB8,0x00,0x00,0x00,0x00,0x00,0x00,0x00,0x00,0xFF,0xFF},
			0x0000, 0x0000, 0x0000, -1, 0x0000, 0x005C, 0x0022, {0x01,0x00}, 0x0000,
			0.0f, {0x01,0x68}, 0x0000, 0x0000, 0x0000, 0x0000, 0x0000, 0x0000,
			{0x00,0x00,0x00,0x00,0x00,0x00,0x00,0x00,0x00,0x00,0x00,0x00,0x00,0x00},
			0x00000020, 0x00000000
		},
		{
			{0x09,0x02,0xC2,0xB0,0x00,0x00,0x00,0x00,0x00,0x00,0x00,0x00,0xFF,0xFF},
			0x0000, 0x0000, 0x0000, -1, 0x0000, 0x005A, 0x003C, {0x01,0x00}, 0x0000,
			0.0f, {0x01,0x68}, 0x0000, 0x0000, 0x0000, 0x0000, 0x0000, 0x0000,
			{0x00,0x00,0x00,0x00,0x00,0x00,0x00,0x00,0x00,0x00,0x00,0x00,0x00,0x00},
			0x00000020, 0x00000000
		},
		{
			{0x05,0x00,0xF6,0x38,0x00,0x00,0x00,0x00,0x00,0x00,0x00,0x00,0xFF,0xFF},
			0x0000, 0x0000, 0x0000, -1, 0x0000, 0x0006, 0x0006, {0x01,0x00}, 0x0000,
			0.0f, {0x00,0x00}, 0x0000, 0x0000, 0x0000, 0x0000, 0x0000, 0x0000,
			{0x00,0x00,0x00,0x00,0x00,0x00,0x00,0x00,0x00,0x00,0x00,0x00,0x00,0x00},
			0x00000020, 0x00000000
		},
		{
			{0x05,0x00,0xF6,0x48,0x00,0x00,0x00,0x00,0x00,0x00,0x00,0x00,0xFF,0xFF},
			0x0000, 0x0000, 0x0000, -1, 0x0000, 0x0042, 0x001C, {0x01,0x00}, 0x0000,
			0.0f, {0x00,0x00}, 0x0000, 0x0000, 0x0000, 0x0000, 0x0000, 0x0000,
			{0x00,0x00,0x00,0x00,0x00,0x00,0x00,0x00,0x00,0x00,0x00,0x00,0x00,0x00},
			0x00000020, 0x00000000
		},
		{
			{0x05,0x00,0xF6,0x78,0x00,0x00,0x00,0x00,0x00,0x00,0x00,0x00,0xFF,0xFF},
			0x0000, 0x0000, 0x0000, 0x016C, 0x0000, 0x0038, 0x000A, {0x01,0x00}, 0x0000,
			0.0f, {0x00,0x00}, 0x0000, 0x0000, 0x0000, 0x0000, 0x0000, 0x0000,
			{0x00,0x00,0x00,0x28,0x00,0x00,0x00,0x00,0x00,0x00,0x00,0x00,0x00,0x00},
			0x02000024, 0x00000000
		},
		{
			{0x05,0x00,0xF6,0x88,0x00,0x00,0x00,0x00,0x00,0x00,0x00,0x00,0xFF,0xFF},
			0x0000, 0x0000, 0x0000, -1, 0x0000, 0x002E, 0x001A, {0x01,0x00}, 0x001E,
			3.0f, {0x00,0x00}, 0x0000, 0x0000, 0x0000, 0x0051, 0x0098, 0x0029,
			{0x00,0x00,0x00,0x2E,0x00,0x14,0x00,0x19,0x05,0x1C,0x00,0x00,0x00,0x00},
			0x00000120, 0x00000000
		},
		{
			{0x05,0x00,0xF5,0xD0,0x00,0x00,0x00,0x00,0x00,0x00,0x00,0x00,0xFF,0xFF},
			0x0000, 0x0000, 0x0000, 0x012C, 0x0000, 0x0022, 0x001A, {0x01,0x00}, 0x0019,
			2.0f, {0x00,0x00}, 0x0000, 0x0000, 0x0000, 0x0000, 0x007F, 0x0009,
			{0x00,0x00,0x00,0x22,0x00,0x00,0x00,0x0A,0x22,0x14,0x00,0x00,0x00,0x00},
			0x0040C124, 0x00000000
		},
		{
			{0x05,0x00,0xF5,0x40,0x00,0x00,0x00,0x00,0x00,0x00,0x00,0x00,0xFF,0xFF},
			0x0000, 0x0000, 0x0000, 0x013B, 0x0000, 0x0028, 0x0020, {0x01,0x00}, 0x0014,
			-3.0f, {0x00,0x00}, 0x0000, 0x0000, 0x0000, 0x0000, 0x004A, -61,
			{0x00,0x00,0x00,0x28,0x00,0x00,0x00,0x00,0x00,0x00,0x00,0x00,0x00,0x00},
			0x00008324, 0x00000000
		},
		{
			{0x09,0x02,0xC1,0xA0,0x00,0x00,0x00,0x00,0x00,0x00,0x00,0x00,0xFF,0xFF},
			0x0000, 0x0000, 0x0000, -1, 0x0000, 0x002E, 0x000A, {0x28,0x00}, 0x0000,
			0.0f, {0x00,0x00}, 0x0000, 0x0000, 0x0000, 0x0000, 0x0000, 0x0000,
			{0x00,0x00,0x00,0x2E,0x00,0x00,0x00,0x00,0x00,0x00,0x00,0x00,0x00,0x00},
			0x00000020, 0x00000000
		},
		{
			{0x05,0x00,0xF5,0x78,0x00,0x00,0x00,0x00,0x00,0x00,0x00,0x00,0xFF,0xFF},
			0x0000, 0x0000, 0x0000, -1, 0x0000, 0x001E, 0x001E, {0x01,0x00}, 0x002D,
			-2.0f, {0x00,0x5A}, 0x0000, 0x0000, 0x0000, -35, 0x004C, 0x0041,
			{0x00,0x00,0x00,0x00,0xFF,0xF6,0x00,0x18,0x01,0x0F,0x00,0x00,0x00,0x00},
			0x00000120, 0x00000000
		},
		{
			{0x00,0x00,0x00,0x00,0x00,0x00,0x00,0x00,0x00,0x00,0x00,0x00,0xFF,0xFF},
			0x0000, 0x0000, 0x0000, -1, 0x0000, 0x0000, 0x0000, {0x00,0x00}, 0x0000,
			0.0f, {0x00,0x00}, 0x0000, 0x0000, 0x0000, 0x0000, 0x0000, 0x0000,
			{0x00,0x00,0x00,0x00,0x00,0x00,0x00,0x00,0x00,0x00,0x00,0x00,0x00,0x00},
			0x00000000, 0x00000000
		},
		{
			{0x00,0x00,0x00,0x00,0x00,0x00,0x00,0x00,0x00,0x00,0x00,0x00,0xFF,0xFF},
			0x0000, 0x0000, 0x0000, -1, 0x0000, 0x0000, 0x0000, {0x00,0x00}, 0x0000,
			0.0f, {0x00,0x00}, 0x0000, 0x0000, 0x0000, 0x0000, 0x0000, 0x0000,
			{0x00,0x00,0x00,0x00,0x00,0x00,0x00,0x00,0x00,0x00,0x00,0x00,0x00,0x00},
			0x00000000, 0x00000000
		},
		{
			{0x09,0x02,0xC1,0x90,0x00,0x00,0x00,0x00,0x00,0x00,0x00,0x00,0xFF,0xFF},
			0x0000, 0x0000, 0x0000, -1, 0x0000, 0x005A, 0x0024, {0x01,0x00}, 0x0000,
			0.0f, {0x00,0x00}, 0x0000, 0x0000, 0x0000, 0x0000, 0x0000, 0x0000,
			{0x00,0x00,0x00,0x5A,0x00,0x00,0x00,0x00,0x00,0x00,0x00,0x00,0x00,0x00},
			0x00000020, 0x00000000
		},
		{
			{0x05,0x00,0xF6,0x98,0x00,0x00,0x00,0x00,0x00,0x00,0x00,0x00,0xFF,0xFF},
			0x0000, 0x0000, 0x0000, -1, 0x0000, 0x0046, 0x0022, {0x01,0x00}, 0x0000,
			0.0f, {0x00,0x00}, 0x0000, 0x0000, 0x0000, 0x0000, 0x0000, 0x0000,
			{0x00,0x00,0x00,0x00,0x00,0x00,0x00,0x00,0x00,0x00,0x00,0x00,0x00,0x00},
			0x00000020, 0x00000000
		},
		{
			{0x05,0x00,0xF6,0x58,0x00,0x00,0x00,0x00,0x00,0x00,0x00,0x00,0x00,0x03},
			0x0000, 0x001A, 0x0000, 0x0133, 0x0000, 0x000C, 0x000C, {0x23,0x00}, 0x0000,
			0.0f, {0x01,0x68}, 0x0000, 0x0000, 0x0000, 0x0000, 0x0000, 0x0000,
			{0x00,0x00,0x00,0x00,0x00,0x00,0x00,0x00,0x00,0x00,0x00,0x00,0x00,0x00},
			0x200000FA, 0x00000001
		},
		{
			{0x09,0x02,0xC2,0xD0,0x00,0x00,0x00,0x00,0x00,0x00,0x00,0x00,0xFF,0xFF},
			0x0000, 0x0000, 0x0000, -1, 0x0000, 0x000A, 0x000A, {0x23,0x00}, 0x0000,
			0.0f, {0x00,0x00}, 0x0000, 0x0000, 0x0000, 0x0000, 0x0000, 0x0000,
			{0x00,0x00,0x00,0x00,0x00,0x00,0x00,0x00,0x00,0x00,0x00,0x00,0x00,0x00},
			0x00000020, 0x00000000
		},
		{
			{0x05,0x00,0xF6,0xA8,0x00,0x00,0x00,0x00,0x00,0x00,0x00,0x00,0x00,0x05},
			0x0000, 0x001E, 0x0000, 0x0139, 0x0000, 0x001C, 0x001C, {0x01,0x00}, 0x0000,
			0.0f, {0x01,0x68}, 0x0000, 0x0000, 0x0000, 0x0000, 0x0000, 0x0000,
			{0x00,0x00,0x00,0x00,0x00,0x00,0x00,0x00,0x00,0x00,0x00,0x00,0x00,0x00},
			0x00000022, 0x00000000
		},
		{
			{0x05,0x00,0xF5,0xA8,0x00,0x00,0x00,0x00,0x00,0x00,0x00,0x00,0x00,0x04},
			0x0000, 0x0000, 0x0000, 0x013F, 0x0000, 0x000A, 0x0006, {0x28,0x00}, 0x0014,
			6.0f, {0x01,0x68}, 0x0000, 0x0000, 0x0000, 0x0000, 0x0027, -14,
			{0x00,0x00,0x00,0x00,0x00,0x00,0x00,0x00,0x00,0x00,0x00,0x00,0x00,0x00},
			0x00800322, 0x00000000
		},
		{
			{0x00,0x00,0x00,0x00,0x00,0x00,0x00,0x00,0x00,0x00,0x00,0x00,0xFF,0xFF},
			0x0000, 0x0000, 0x0000, -1, 0x0000, 0x0000, 0x0000, {0x00,0x00}, 0x0000,
			0.0f, {0x00,0x00}, 0x0000, 0x0000, 0x0000, 0x0000, 0x0000, 0x0000,
			{0x00,0x00,0x00,0x00,0x00,0x00,0x00,0x00,0x00,0x00,0x00,0x00,0x00,0x00},
			0x00000000, 0x00000000
		},
		{
			{0x05,0x00,0xF5,0x98,0x00,0x00,0x00,0x00,0x00,0x00,0x00,0x00,0xFF,0xFF},
			0x0000, 0x0000, 0x0000, 0x013A, 0x0000, 0x0006, 0x0006, {0x28,0x00}, 0x0000,
			0.0f, {0x01,0x68}, 0x0000, 0x0000, 0x0000, 0x0000, 0x0000, 0x0000,
			{0x00,0x00,0x00,0x00,0x00,0x00,0x00,0x00,0x00,0x00,0x00,0x00,0x00,0x00},
			0x0000002A, 0x00000000
		},
		{
			{0x00,0x00,0x00,0x00,0x00,0x00,0x00,0x00,0x00,0x00,0x00,0x00,0xFF,0xFF},
			0x0000, 0x0000, 0x0000, -1, 0x0000, 0x0000, 0x0000, {0x00,0x00}, 0x0000,
			0.0f, {0x00,0x00}, 0x0000, 0x0000, 0x0000, 0x0000, 0x0000, 0x0000,
			{0x00,0x00,0x00,0x00,0x00,0x00,0x00,0x00,0x00,0x00,0x00,0x00,0x00,0x00},
			0x00000000, 0x00000000
		},
		{
			{0x09,0x00,0x53,0x48,0x00,0x00,0x00,0x00,0x00,0x00,0x00,0x00,0xFF,0xFF},
			0x0000, 0x0000, 0x0000, -1, 0x0000, 0x0060, 0x0008, {0x00,0x00}, 0x0023,
			2.0f, {0x00,0x00}, 0x0000, 0x0000, 0x0000, 0x0000, 0x0000, 0x0000,
			{0x00,0x00,0x00,0x00,0x00,0x00,0x00,0x00,0x00,0x00,0x00,0x00,0x00,0x00},
			0x00002020, 0x00000000
		},
		{
			{0x00,0x00,0x00,0x00,0x00,0x00,0x00,0x00,0x00,0x00,0x00,0x00,0xFF,0xFF},
			0x0000, 0x0000, 0x0000, -1, 0x0000, 0x000F, 0x000F, {0x01,0x00}, 0x0000,
			0.0f, {0x01,0x68}, 0x0000, 0x0000, 0x0000, 0x0000, 0x0000, 0x0000,
			{0x00,0x00,0x00,0x28,0x00,0x00,0x00,0x00,0x00,0x00,0x00,0x00,0x00,0x00},
			0x00008024, 0x00000000
		}
	},
	{	// ---- level 2 ----
		{
			{0x09,0x02,0xC1,0x80,0x00,0x00,0x00,0x00,0x00,0x00,0x00,0x00,0x00,0x01},
			0x0000, 0x0015, 0x0000, 0x00CF, 0x0000, 0x0050, 0x0014, {0x01,0x00}, 0x0000,
			0.0f, {0x00,0x00}, 0x0000, 0x0000, 0x0000, 0x0000, 0x0000, 0x0000,
			{0x00,0x00,0x00,0x50,0x00,0x00,0x00,0x00,0x00,0x00,0x00,0x00,0x00,0x00},
			0x201000EC, 0x00000008
		},
		{
			{0x05,0x00,0xF6,0x68,0x00,0x00,0x00,0x00,0x00,0x00,0x00,0x00,0x00,0x01},
			0x0000, 0x000A, 0x0000, 0x00CF, 0x0000, 0x0042, 0x0024, {0x01,0x00}, 0x0000,
			0.0f, {0x00,0x00}, 0x0000, 0x0000, 0x0000, 0x0000, 0x0000, 0x0000,
			{0x00,0x00,0x00,0x42,0x00,0x00,0x00,0x00,0x00,0x00,0x00,0x00,0x00,0x00},
			0x201000EC, 0x00000008
		},
		{
			{0x05,0x00,0xF5,0x88,0x00,0x00,0x00,0x00,0x00,0x00,0x00,0x00,0xFF,0xFF},
			0x0000, 0x0000, 0x0000, -1, 0x0000, 0x0046, 0x001E, {0x01,0x00}, 0x002D,
			-2.0f, {0x00,0x00}, 0x0000, 0x0000, 0x0000, -120, 0x0053, 0x0033,
			{0xFF,0xEE,0x00,0x15,0xFF,0xDF,0x00,0x14,0x05,0x15,0x00,0x00,0x00,0x00},
			0x00000120, 0x00000000
		},
		{
			{0x05,0x00,0xF6,0x18,0x00,0x00,0x00,0x00,0x00,0x00,0x00,0x00,0xFF,0xFF},
			0x0000, 0x0000, 0x0000, -1, 0x0000, 0x0016, 0x001F, {0x01,0x00}, 0x0000,
			0.0f, {0x01,0x68}, 0x0000, 0x0000, 0x0000, 0x0000, 0x0000, 0x0000,
			{0x00,0x00,0x00,0x00,0x00,0x00,0x00,0x00,0x00,0x00,0x00,0x00,0x00,0x00},
			0x00000020, 0x00000000
		},
		{
			{0x05,0x00,0xF6,0x08,0x00,0x00,0x00,0x00,0x00,0x00,0x00,0x00,0x00,0x05},
			0x0000, 0x0023, 0x0000, 0x0139, 0x0000, 0x0014, 0x0014, {0x01,0x00}, 0x0000,
			0.0f, {0x00,0xB4}, 0x0000, 0x0000, 0x0000, 0x0000, 0x0000, 0x0000,
			{0x00,0x00,0x00,0x00,0x00,0x00,0x00,0x00,0x00,0x00,0x00,0x00,0x00,0x00},
			0x00000020, 0x00000000
		},
		{
			{0x05,0x00,0xF5,0xF8,0x00,0x00,0x00,0x00,0x00,0x00,0x00,0x00,0xFF,0xFF},
			0x0000, 0x0000, 0x0000, -1, 0x0000, 0x0028, 0x0028, {0x01,0x00}, 0x0000,
			0.0f, {0x00,0x00}, 0x0000, 0x0000, 0x0000, 0x0000, 0x0000, 0x0000,
			{0x00,0x00,0x00,0x00,0x00,0x00,0x00,0x00,0x00,0x00,0x00,0x00,0x00,0x00},
			0x00000020, 0x00000000
		},
		{
			{0x09,0x02,0xC2,0x30,0x00,0x00,0x00,0x00,0x00,0x00,0x00,0x00,0xFF,0xFF},
			0x0000, 0x0000, 0x0000, -1, 0x0000, 0x000F, 0x000F, {0x01,0x00}, 0x0000,
			0.0f, {0x01,0x68}, 0x0000, 0x0000, 0x0000, 0x0000, 0x0000, 0x0000,
			{0x00,0x00,0x00,0x00,0x00,0x00,0x00,0x00,0x00,0x00,0x00,0x00,0x00,0x00},
			0x00000020, 0x00000000
		},
		{
			{0x05,0x00,0xF5,0x68,0x00,0x00,0x00,0x00,0x00,0x00,0x00,0x00,0x00,0x02},
			0x0000, 0x000F, 0x0000, 0x0133, 0x0000, 0x000A, 0x000A, {0x23,0x00}, 0x0000,
			0.0f, {0x01,0x68}, 0x0000, 0x0000, 0x0000, 0x0000, 0x0000, 0x0000,
			{0x00,0x00,0x00,0x00,0x00,0x00,0x00,0x00,0x00,0x00,0x00,0x00,0x00,0x00},
			0x200000FA, 0x00000000
		},
		{
			{0x00,0x00,0x00,0x00,0x00,0x00,0x00,0x00,0x00,0x00,0x00,0x00,0xFF,0xFF},
			0x0000, 0x0000, 0x0000, -1, 0x0000, 0x0000, 0x0000, {0x00,0x00}, 0x0000,
			0.0f, {0x00,0x00}, 0x0000, 0x0000, 0x0000, 0x0000, 0x0000, 0x0000,
			{0x00,0x00,0x00,0x00,0x00,0x00,0x00,0x00,0x00,0x00,0x00,0x00,0x00,0x00},
			0x00000000, 0x00000000
		},
		{
			{0x05,0x00,0xF6,0xB8,0x00,0x00,0x00,0x00,0x00,0x00,0x00,0x00,0xFF,0xFF},
			0x0000, 0x0000, 0x0000, -1, 0x0000, 0x005C, 0x0022, {0x01,0x00}, 0x0000,
			0.0f, {0x01,0x68}, 0x0000, 0x0000, 0x0000, 0x0000, 0x0000, 0x0000,
			{0x00,0x00,0x00,0x00,0x00,0x00,0x00,0x00,0x00,0x00,0x00,0x00,0x00,0x00},
			0x00000020, 0x00000000
		},
		{
			{0x09,0x02,0xC2,0xB0,0x00,0x00,0x00,0x00,0x00,0x00,0x00,0x00,0xFF,0xFF},
			0x0000, 0x0000, 0x0000, -1, 0x0000, 0x005A, 0x003C, {0x01,0x00}, 0x0000,
			0.0f, {0x01,0x68}, 0x0000, 0x0000, 0x0000, 0x0000, 0x0000, 0x0000,
			{0x00,0x00,0x00,0x00,0x00,0x00,0x00,0x00,0x00,0x00,0x00,0x00,0x00,0x00},
			0x00000020, 0x00000000
		},
		{
			{0x05,0x00,0xF6,0x38,0x00,0x00,0x00,0x00,0x00,0x00,0x00,0x00,0xFF,0xFF},
			0x0000, 0x0000, 0x0000, -1, 0x0000, 0x0006, 0x0006, {0x01,0x00}, 0x0000,
			0.0f, {0x00,0x00}, 0x0000, 0x0000, 0x0000, 0x0000, 0x0000, 0x0000,
			{0x00,0x00,0x00,0x00,0x00,0x00,0x00,0x00,0x00,0x00,0x00,0x00,0x00,0x00},
			0x00000020, 0x00000000
		},
		{
			{0x05,0x00,0xF6,0x48,0x00,0x00,0x00,0x00,0x00,0x00,0x00,0x00,0xFF,0xFF},
			0x0000, 0x0000, 0x0000, -1, 0x0000, 0x0042, 0x001C, {0x01,0x00}, 0x0000,
			0.0f, {0x00,0x00}, 0x0000, 0x0000, 0x0000, 0x0000, 0x0000, 0x0000,
			{0x00,0x00,0x00,0x00,0x00,0x00,0x00,0x00,0x00,0x00,0x00,0x00,0x00,0x00},
			0x00000020, 0x00000000
		},
		{
			{0x05,0x00,0xF6,0x78,0x00,0x00,0x00,0x00,0x00,0x00,0x00,0x00,0xFF,0xFF},
			0x0000, 0x0000, 0x0000, 0x016C, 0x0000, 0x0038, 0x000A, {0x01,0x00}, 0x0000,
			0.0f, {0x00,0x00}, 0x0000, 0x0000, 0x0000, 0x0000, 0x0000, 0x0000,
			{0x00,0x00,0x00,0x28,0x00,0x00,0x00,0x00,0x00,0x00,0x00,0x00,0x00,0x00},
			0x02000024, 0x00000000
		},
		{
			{0x05,0x00,0xF6,0x88,0x00,0x00,0x00,0x00,0x00,0x00,0x00,0x00,0xFF,0xFF},
			0x0000, 0x0000, 0x0000, -1, 0x0000, 0x002E, 0x001A, {0x01,0x00}, 0x001E,
			3.0f, {0x00,0x00}, 0x0000, 0x0000, 0x0000, 0x0051, 0x0098, 0x0029,
			{0x00,0x00,0x00,0x2E,0x00,0x14,0x00,0x19,0x05,0x1C,0x00,0x00,0x00,0x00},
			0x00000120, 0x00000000
		},
		{
			{0x05,0x00,0xF5,0xD0,0x00,0x00,0x00,0x00,0x00,0x00,0x00,0x00,0xFF,0xFF},
			0x0000, 0x0000, 0x0000, 0x012C, 0x0000, 0x0022, 0x001A, {0x01,0x00}, 0x0019,
			2.0f, {0x00,0x00}, 0x0000, 0x0000, 0x0000, 0x0000, 0x007F, 0x0009,
			{0x00,0x00,0x00,0x22,0x00,0x00,0x00,0x0A,0x22,0x14,0x00,0x00,0x00,0x00},
			0x0040C124, 0x00000000
		},
		{
			{0x05,0x00,0xF5,0x40,0x00,0x00,0x00,0x00,0x00,0x00,0x00,0x00,0xFF,0xFF},
			0x0000, 0x0000, 0x0000, 0x013B, 0x0000, 0x0028, 0x0020, {0x01,0x00}, 0x0014,
			-3.0f, {0x00,0x00}, 0x0000, 0x0000, 0x0000, 0x0000, 0x004A, -61,
			{0x00,0x00,0x00,0x28,0x00,0x00,0x00,0x00,0x00,0x00,0x00,0x00,0x00,0x00},
			0x00008324, 0x00000000
		},
		{
			{0x09,0x02,0xC1,0xA0,0x00,0x00,0x00,0x00,0x00,0x00,0x00,0x00,0xFF,0xFF},
			0x0000, 0x0000, 0x0000, -1, 0x0000, 0x002E, 0x000A, {0x28,0x00}, 0x0000,
			0.0f, {0x00,0x00}, 0x0000, 0x0000, 0x0000, 0x0000, 0x0000, 0x0000,
			{0x00,0x00,0x00,0x2E,0x00,0x00,0x00,0x00,0x00,0x00,0x00,0x00,0x00,0x00},
			0x00000020, 0x00000000
		},
		{
			{0x09,0x02,0xC1,0xE0,0x00,0x00,0x00,0x00,0x00,0x00,0x00,0x00,0xFF,0xFF},
			0x0000, 0x0000, 0x0000, -1, 0x0000, 0x0050, 0x0028, {0x01,0x00}, 0x0000,
			0.0f, {0x01,0x68}, 0x0000, 0x0000, 0x0000, 0x0000, 0x0000, 0x0000,
			{0x00,0x00,0x00,0x00,0x00,0x00,0x00,0x00,0x00,0x00,0x00,0x00,0x00,0x00},
			0x00000020, 0x00000000
		},
		{
			{0x09,0x02,0xC1,0x50,0x00,0x00,0x00,0x00,0x00,0x00,0x00,0x00,0xFF,0xFF},
			0x0000, 0x0000, 0x0000, -1, 0x0000, 0x0028, 0x0028, {0x01,0x00}, 0x0000,
			0.0f, {0x00,0x00}, 0x0000, 0x0000, 0x0000, 0x0000, 0x0000, 0x0000,
			{0x00,0x00,0x00,0x00,0x00,0x00,0x00,0x00,0x00,0x00,0x00,0x00,0x00,0x00},
			0x00000020, 0x00000000
		},
		{
			{0x00,0x00,0x00,0x00,0x00,0x00,0x00,0x00,0x00,0x00,0x00,0x00,0xFF,0xFF},
			0x0000, 0x0000, 0x0000, -1, 0x0000, 0x0000, 0x0000, {0x00,0x00}, 0x0000,
			0.0f, {0x00,0x00}, 0x0000, 0x0000, 0x0000, 0x0000, 0x0000, 0x0000,
			{0x00,0x00,0x00,0x00,0x00,0x00,0x00,0x00,0x00,0x00,0x00,0x00,0x00,0x00},
			0x00000000, 0x00000000
		},
		{
			{0x09,0x02,0xC1,0xF0,0x00,0x00,0x00,0x00,0x00,0x00,0x00,0x00,0xFF,0xFF},
			0x0000, 0x0000, 0x0000, 0x012D, 0x0050, 0x0028, 0x001E, {0x23,0x00}, 0x0000,
			0.0f, {0x01,0x68}, 0x0000, 0x0000, 0x0000, 0x0000, 0x0000, 0x0000,
			{0x00,0x00,0x00,0x00,0x00,0x00,0x00,0x00,0x00,0x00,0x00,0x00,0x00,0x00},
			0x00300022, 0x00000002
		},
		{
			{0x05,0x00,0xF6,0x98,0x00,0x00,0x00,0x00,0x00,0x00,0x00,0x00,0xFF,0xFF},
			0x0000, 0x0000, 0x0000, -1, 0x0000, 0x0046, 0x0022, {0x01,0x00}, 0x0000,
			0.0f, {0x00,0x00}, 0x0000, 0x0000, 0x0000, 0x0000, 0x0000, 0x0000,
			{0x00,0x00,0x00,0x00,0x00,0x00,0x00,0x00,0x00,0x00,0x00,0x00,0x00,0x00},
			0x00000020, 0x00000000
		},
		{
			{0x05,0x00,0xF6,0x58,0x00,0x00,0x00,0x00,0x00,0x00,0x00,0x00,0x00,0x03},
			0x0000, 0x001A, 0x0000, 0x0133, 0x0000, 0x000C, 0x000C, {0x23,0x00}, 0x0000,
			0.0f, {0x01,0x68}, 0x0000, 0x0000, 0x0000, 0x0000, 0x0000, 0x0000,
			{0x00,0x00,0x00,0x00,0x00,0x00,0x00,0x00,0x00,0x00,0x00,0x00,0x00,0x00},
			0x200000FA, 0x00000001
		},
		{
			{0x09,0x02,0xC2,0xD0,0x00,0x00,0x00,0x00,0x00,0x00,0x00,0x00,0xFF,0xFF},
			0x0000, 0x0000, 0x0000, -1, 0x0000, 0x000A, 0x000A, {0x23,0x00}, 0x0000,
			0.0f, {0x00,0x00}, 0x0000, 0x0000, 0x0000, 0x0000, 0x0000, 0x0000,
			{0x00,0x00,0x00,0x00,0x00,0x00,0x00,0x00,0x00,0x00,0x00,0x00,0x00,0x00},
			0x00000020, 0x00000000
		},
		{
			{0x05,0x00,0xF6,0xA8,0x00,0x00,0x00,0x00,0x00,0x00,0x00,0x00,0x00,0x05},
			0x0000, 0x001E, 0x0000, 0x0139, 0x0000, 0x001C, 0x001C, {0x01,0x00}, 0x0000,
			0.0f, {0x01,0x68}, 0x0000, 0x0000, 0x0000, 0x0000, 0x0000, 0x0000,
			{0x00,0x00,0x00,0x00,0x00,0x00,0x00,0x00,0x00,0x00,0x00,0x00,0x00,0x00},
			0x00000022, 0x00000000
		},
		{
			{0x05,0x00,0xF5,0xA8,0x00,0x00,0x00,0x00,0x00,0x00,0x00,0x00,0x00,0x04},
			0x0000, 0x0000, 0x0000, 0x013F, 0x0000, 0x000A, 0x0006, {0x28,0x00}, 0x0014,
			6.0f, {0x01,0x68}, 0x0000, 0x0000, 0x0000, 0x0000, 0x0027, -14,
			{0x00,0x00,0x00,0x00,0x00,0x00,0x00,0x00,0x00,0x00,0x00,0x00,0x00,0x00},
			0x00800322, 0x00000000
		},
		{
			{0x00,0x00,0x00,0x00,0x00,0x00,0x00,0x00,0x00,0x00,0x00,0x00,0xFF,0xFF},
			0x0000, 0x0000, 0x0000, -1, 0x0000, 0x0000, 0x0000, {0x00,0x00}, 0x0000,
			0.0f, {0x00,0x00}, 0x0000, 0x0000, 0x0000, 0x0000, 0x0000, 0x0000,
			{0x00,0x00,0x00,0x00,0x00,0x00,0x00,0x00,0x00,0x00,0x00,0x00,0x00,0x00},
			0x00000000, 0x00000000
		},
		{
			{0x05,0x00,0xF5,0x98,0x00,0x00,0x00,0x00,0x00,0x00,0x00,0x00,0xFF,0xFF},
			0x0000, 0x0000, 0x0000, 0x013A, 0x0000, 0x0006, 0x0006, {0x28,0x00}, 0x0000,
			0.0f, {0x01,0x68}, 0x0000, 0x0000, 0x0000, 0x0000, 0x0000, 0x0000,
			{0x00,0x00,0x00,0x00,0x00,0x00,0x00,0x00,0x00,0x00,0x00,0x00,0x00,0x00},
			0x0000002A, 0x00000000
		},
		{
			{0x00,0x00,0x00,0x00,0x00,0x00,0x00,0x00,0x00,0x00,0x00,0x00,0xFF,0xFF},
			0x0000, 0x0000, 0x0000, -1, 0x0000, 0x0000, 0x0000, {0x00,0x00}, 0x0000,
			0.0f, {0x00,0x00}, 0x0000, 0x0000, 0x0000, 0x0000, 0x0000, 0x0000,
			{0x00,0x00,0x00,0x00,0x00,0x00,0x00,0x00,0x00,0x00,0x00,0x00,0x00,0x00},
			0x00000000, 0x00000000
		},
		{
			{0x09,0x00,0x81,0x60,0x00,0x00,0x00,0x00,0x00,0x00,0x00,0x00,0xFF,0xFF},
			0x0000, 0x0000, 0x0000, -1, 0x0000, 0x0060, 0x0008, {0x00,0x00}, 0x0023,
			2.0f, {0x00,0x00}, 0x0000, 0x0000, 0x0000, 0x0000, 0x0000, 0x0000,
			{0x00,0x00,0x00,0x00,0x00,0x00,0x00,0x00,0x00,0x00,0x00,0x00,0x00,0x00},
			0x00002020, 0x00000000
		},
		{
			{0x00,0x00,0x00,0x00,0x00,0x00,0x00,0x00,0x00,0x00,0x00,0x00,0xFF,0xFF},
			0x0000, 0x0000, 0x0000, -1, 0x0000, 0x000F, 0x000F, {0x01,0x00}, 0x0000,
			0.0f, {0x01,0x68}, 0x0000, 0x0000, 0x0000, 0x0000, 0x0000, 0x0000,
			{0x00,0x00,0x00,0x28,0x00,0x00,0x00,0x00,0x00,0x00,0x00,0x00,0x00,0x00},
			0x00000024, 0x00000000
		}
	},
	{	// ---- level 3 ----
		{
			{0x09,0x02,0xC2,0xC0,0x00,0x00,0x00,0x00,0x00,0x00,0x00,0x00,0xFF,0xFF},
			0x0000, 0x0000, 0x0000, -1, 0x0000, 0x0024, 0x0014, {0x23,0x00}, 0x0000,
			0.0f, {0x01,0x68}, 0x0000, 0x0000, 0x0000, 0x0000, 0x0000, 0x0000,
			{0x00,0x00,0x00,0x00,0x00,0x00,0x00,0x00,0x00,0x00,0x00,0x00,0x00,0x00},
			0x00000020, 0x00000000
		},
		{
			{0x05,0x00,0xF6,0x68,0x00,0x00,0x00,0x00,0x00,0x00,0x00,0x00,0x00,0x01},
			0x0000, 0x000A, 0x0000, 0x00CF, 0x0000, 0x0042, 0x0024, {0x01,0x00}, 0x0000,
			0.0f, {0x00,0x00}, 0x0000, 0x0000, 0x0000, 0x0000, 0x0000, 0x0000,
			{0x00,0x00,0x00,0x42,0x00,0x00,0x00,0x00,0x00,0x00,0x00,0x00,0x00,0x00},
			0x201000EC, 0x00000008
		},
		{
			{0x05,0x00,0xF5,0x88,0x00,0x00,0x00,0x00,0x00,0x00,0x00,0x00,0xFF,0xFF},
			0x0000, 0x0000, 0x0000, -1, 0x0000, 0x0046, 0x001E, {0x01,0x00}, 0x002D,
			-2.0f, {0x00,0x00}, 0x0000, 0x0000, 0x0000, -120, 0x0053, 0x0033,
			{0xFF,0xEE,0x00,0x15,0xFF,0xDF,0x00,0x14,0x05,0x15,0x00,0x00,0x00,0x00},
			0x00000120, 0x00000000
		},
		{
			{0x05,0x00,0xF6,0x18,0x00,0x00,0x00,0x00,0x00,0x00,0x00,0x00,0xFF,0xFF},
			0x0000, 0x0000, 0x0000, -1, 0x0000, 0x0016, 0x001F, {0x01,0x00}, 0x0000,
			0.0f, {0x01,0x68}, 0x0000, 0x0000, 0x0000, 0x0000, 0x0000, 0x0000,
			{0x00,0x00,0x00,0x00,0x00,0x00,0x00,0x00,0x00,0x00,0x00,0x00,0x00,0x00},
			0x00000020, 0x00000000
		},
		{
			{0x05,0x00,0xF6,0x08,0x00,0x00,0x00,0x00,0x00,0x00,0x00,0x00,0x00,0x05},
			0x0000, 0x0023, 0x0000, 0x0139, 0x0000, 0x0014, 0x0014, {0x01,0x00}, 0x0000,
			0.0f, {0x00,0xB4}, 0x0000, 0x0000, 0x0000, 0x0000, 0x0000, 0x0000,
			{0x00,0x00,0x00,0x00,0x00,0x00,0x00,0x00,0x00,0x00,0x00,0x00,0x00,0x00},
			0x00000020, 0x00000000
		},
		{
			{0x05,0x00,0xF5,0xF8,0x00,0x00,0x00,0x00,0x00,0x00,0x00,0x00,0xFF,0xFF},
			0x0000, 0x0000, 0x0000, -1, 0x0000, 0x0028, 0x0028, {0x01,0x00}, 0x0000,
			0.0f, {0x00,0x00}, 0x0000, 0x0000, 0x0000, 0x0000, 0x0000, 0x0000,
			{0x00,0x00,0x00,0x00,0x00,0x00,0x00,0x00,0x00,0x00,0x00,0x00,0x00,0x00},
			0x00000020, 0x00000000
		},
		{
			{0x09,0x02,0xC2,0x30,0x00,0x00,0x00,0x00,0x00,0x00,0x00,0x00,0xFF,0xFF},
			0x0000, 0x0000, 0x0000, -1, 0x0000, 0x000F, 0x000F, {0x01,0x00}, 0x0000,
			0.0f, {0x01,0x68}, 0x0000, 0x0000, 0x0000, 0x0000, 0x0000, 0x0000,
			{0x00,0x00,0x00,0x00,0x00,0x00,0x00,0x00,0x00,0x00,0x00,0x00,0x00,0x00},
			0x00000020, 0x00000000
		},
		{
			{0x05,0x00,0xF5,0x68,0x00,0x00,0x00,0x00,0x00,0x00,0x00,0x00,0x00,0x02},
			0x0000, 0x000F, 0x0000, 0x0133, 0x0000, 0x000A, 0x000A, {0x23,0x00}, 0x0000,
			0.0f, {0x01,0x68}, 0x0000, 0x0000, 0x0000, 0x0000, 0x0000, 0x0000,
			{0x00,0x00,0x00,0x00,0x00,0x00,0x00,0x00,0x00,0x00,0x00,0x00,0x00,0x00},
			0x200000FA, 0x00000000
		},
		{
			{0x00,0x00,0x00,0x00,0x00,0x00,0x00,0x00,0x00,0x00,0x00,0x00,0xFF,0xFF},
			0x0000, 0x0000, 0x0000, -1, 0x0000, 0x0000, 0x0000, {0x00,0x00}, 0x0000,
			0.0f, {0x00,0x00}, 0x0000, 0x0000, 0x0000, 0x0000, 0x0000, 0x0000,
			{0x00,0x00,0x00,0x00,0x00,0x00,0x00,0x00,0x00,0x00,0x00,0x00,0x00,0x00},
			0x00000000, 0x00000000
		},
		{
			{0x05,0x00,0xF6,0xB8,0x00,0x00,0x00,0x00,0x00,0x00,0x00,0x00,0xFF,0xFF},
			0x0000, 0x0000, 0x0000, -1, 0x0000, 0x005C, 0x0022, {0x01,0x00}, 0x0000,
			0.0f, {0x01,0x68}, 0x0000, 0x0000, 0x0000, 0x0000, 0x0000, 0x0000,
			{0x00,0x00,0x00,0x00,0x00,0x00,0x00,0x00,0x00,0x00,0x00,0x00,0x00,0x00},
			0x00000020, 0x00000000
		},
		{
			{0x09,0x02,0xC2,0x40,0x00,0x00,0x00,0x00,0x00,0x00,0x00,0x00,0xFF,0xFF},
			0x0000, 0x0000, 0x0000, -1, 0x0000, 0x0018, 0x000C, {0x01,0x00}, 0x0000,
			0.0f, {0x01,0x68}, 0x0000, 0x0000, 0x0000, 0x0000, 0x0000, 0x0000,
			{0x00,0x00,0x00,0x00,0x00,0x00,0x00,0x00,0x00,0x00,0x00,0x00,0x00,0x00},
			0x00000020, 0x00000000
		},
		{
			{0x05,0x00,0xF6,0x38,0x00,0x00,0x00,0x00,0x00,0x00,0x00,0x00,0xFF,0xFF},
			0x0000, 0x0000, 0x0000, -1, 0x0000, 0x0006, 0x0006, {0x01,0x00}, 0x0000,
			0.0f, {0x00,0x00}, 0x0000, 0x0000, 0x0000, 0x0000, 0x0000, 0x0000,
			{0x00,0x00,0x00,0x00,0x00,0x00,0x00,0x00,0x00,0x00,0x00,0x00,0x00,0x00},
			0x00000020, 0x00000000
		},
		{
			{0x05,0x00,0xF6,0x48,0x00,0x00,0x00,0x00,0x00,0x00,0x00,0x00,0xFF,0xFF},
			0x0000, 0x0000, 0x0000, -1, 0x0000, 0x0042, 0x001C, {0x01,0x00}, 0x0000,
			0.0f, {0x00,0x00}, 0x0000, 0x0000, 0x0000, 0x0000, 0x0000, 0x0000,
			{0x00,0x00,0x00,0x00,0x00,0x00,0x00,0x00,0x00,0x00,0x00,0x00,0x00,0x00},
			0x00000020, 0x00000000
		},
		{
			{0x05,0x00,0xF6,0x78,0x00,0x00,0x00,0x00,0x00,0x00,0x00,0x00,0xFF,0xFF},
			0x0000, 0x0000, 0x0000, 0x016C, 0x0000, 0x0038, 0x000A, {0x01,0x00}, 0x0000,
			0.0f, {0x00,0x00}, 0x0000, 0x0000, 0x0000, 0x0000, 0x0000, 0x0000,
			{0x00,0x00,0x00,0x28,0x00,0x00,0x00,0x00,0x00,0x00,0x00,0x00,0x00,0x00},
			0x02000024, 0x00000000
		},
		{
			{0x09,0x02,0xC2,0x88,0x00,0x00,0x00,0x00,0x00,0x00,0x00,0x00,0xFF,0xFF},
			0x0000, 0x0000, 0x0000, 0x0138, 0x0000, 0x0090, 0x0090, {0x01,0x00}, 0x0001,
			1.0f, {0x01,0x68}, 0x0000, 0x0000, 0x0000, 0x0000, 0x0000, 0x0000,
			{0x00,0x00,0x00,0x00,0x00,0x00,0x00,0x00,0x00,0x00,0x00,0x00,0x00,0x00},
			0x00148522, 0x00000008
		},
		{
			{0x05,0x00,0xF5,0xD0,0x00,0x00,0x00,0x00,0x00,0x00,0x00,0x00,0xFF,0xFF},
			0x0000, 0x0000, 0x0000, 0x012C, 0x0000, 0x0022, 0x001A, {0x01,0x00}, 0x0019,
			2.0f, {0x00,0x00}, 0x0000, 0x0000, 0x0000, 0x0000, 0x007F, 0x0009,
			{0x00,0x00,0x00,0x22,0x00,0x00,0x00,0x0A,0x22,0x14,0x00,0x00,0x00,0x00},
			0x0040C124, 0x00000000
		},
		{
			{0x05,0x00,0xF5,0x40,0x00,0x00,0x00,0x00,0x00,0x00,0x00,0x00,0xFF,0xFF},
			0x0000, 0x0000, 0x0000, 0x013B, 0x0000, 0x0028, 0x0020, {0x01,0x00}, 0x0014,
			-3.0f, {0x00,0x00}, 0x0000, 0x0000, 0x0000, 0x0000, 0x004A, -61,
			{0x00,0x00,0x00,0x28,0x00,0x00,0x00,0x00,0x00,0x00,0x00,0x00,0x00,0x00},
			0x00008324, 0x00000000
		},
		{
			{0x09,0x02,0xC1,0xA0,0x00,0x00,0x00,0x00,0x00,0x00,0x00,0x00,0xFF,0xFF},
			0x0000, 0x0000, 0x0000, -1, 0x0000, 0x002E, 0x000A, {0x28,0x00}, 0x0000,
			0.0f, {0x00,0x00}, 0x0000, 0x0000, 0x0000, 0x0000, 0x0000, 0x0000,
			{0x00,0x00,0x00,0x2E,0x00,0x00,0x00,0x00,0x00,0x00,0x00,0x00,0x00,0x00},
			0x00000020, 0x00000000
		},
		{
			{0x05,0x00,0xF5,0x78,0x00,0x00,0x00,0x00,0x00,0x00,0x00,0x00,0xFF,0xFF},
			0x0000, 0x0000, 0x0000, -1, 0x0000, 0x001E, 0x001E, {0x01,0x00}, 0x002D,
			-2.0f, {0x00,0x5A}, 0x0000, 0x0000, 0x0000, -35, 0x004C, 0x0041,
			{0x00,0x00,0x00,0x00,0xFF,0xF6,0x00,0x18,0x01,0x0F,0x00,0x00,0x00,0x00},
			0x00000120, 0x00000000
		},
		{
			{0x09,0x02,0xC1,0xD0,0x00,0x00,0x00,0x00,0x00,0x00,0x00,0x00,0xFF,0xFF},
			0x0000, 0x0000, 0x0000, -1, 0x0000, 0x0012, 0x001E, {0x01,0x00}, 0x0000,
			0.0f, {0x01,0x68}, 0x0000, 0x0000, 0x0000, 0x0000, 0x0000, 0x0000,
			{0x00,0x00,0x00,0x00,0x00,0x00,0x00,0x00,0x00,0x00,0x00,0x00,0x00,0x00},
			0x00000020, 0x00000000
		},
		{
			{0x09,0x02,0xC1,0x20,0x00,0x00,0x00,0x00,0x00,0x00,0x00,0x00,0xFF,0xFF},
			0x0000, 0x0000, 0x0000, -1, 0x0000, 0x0060, 0x0060, {0x00,0x00}, 0x0000,
			0.0f, {0x00,0x00}, 0x0000, 0x0000, 0x0000, 0x0000, 0x0000, 0x0000,
			{0x00,0x00,0x00,0x5A,0x00,0x00,0x00,0x00,0x00,0x00,0x00,0x00,0x00,0x00},
			-2147418076, 0x00000004
		},
		{
			{0x09,0x02,0xC2,0x10,0x00,0x00,0x00,0x00,0x00,0x00,0x00,0x00,0xFF,0xFF},
			0x0000, 0x0000, 0x0000, -1, 0x0000, 0x0023, 0x0014, {0x01,0x00}, 0x0000,
			0.0f, {0x01,0x68}, 0x0000, 0x0000, 0x0000, 0x0000, 0x0000, 0x0000,
			{0x00,0x00,0x00,0x00,0x00,0x00,0x00,0x00,0x00,0x00,0x00,0x00,0x00,0x00},
			0x00000020, 0x00000000
		},
		{
			{0x05,0x00,0xF6,0x98,0x00,0x00,0x00,0x00,0x00,0x00,0x00,0x00,0xFF,0xFF},
			0x0000, 0x0000, 0x0000, -1, 0x0000, 0x0046, 0x0022, {0x01,0x00}, 0x0000,
			0.0f, {0x00,0x00}, 0x0000, 0x0000, 0x0000, 0x0000, 0x0000, 0x0000,
			{0x00,0x00,0x00,0x00,0x00,0x00,0x00,0x00,0x00,0x00,0x00,0x00,0x00,0x00},
			0x00000020, 0x00000000
		},
		{
			{0x05,0x00,0xF6,0x58,0x00,0x00,0x00,0x00,0x00,0x00,0x00,0x00,0x00,0x03},
			0x0000, 0x001A, 0x0000, 0x0133, 0x0000, 0x000C, 0x000C, {0x23,0x00}, 0x0000,
			0.0f, {0x01,0x68}, 0x0000, 0x0000, 0x0000, 0x0000, 0x0000, 0x0000,
			{0x00,0x00,0x00,0x00,0x00,0x00,0x00,0x00,0x00,0x00,0x00,0x00,0x00,0x00},
			0x200000FA, 0x00000001
		},
		{
			{0x05,0x00,0xF6,0x28,0x00,0x00,0x00,0x00,0x00,0x00,0x00,0x00,0xFF,0xFF},
			0x0000, 0x0000, 0x0000, -1, 0x0000, 0x005C, 0x0022, {0x01,0x00}, 0x0000,
			0.0f, {0x01,0x68}, 0x0000, 0x0000, 0x0000, 0x0000, 0x0000, 0x0000,
			{0x00,0x00,0x00,0x00,0x00,0x00,0x00,0x00,0x00,0x00,0x00,0x00,0x00,0x00},
			0x00000020, 0x00000000
		},
		{
			{0x05,0x00,0xF6,0xA8,0x00,0x00,0x00,0x00,0x00,0x00,0x00,0x00,0x00,0x05},
			0x0000, 0x001E, 0x0000, 0x0139, 0x0000, 0x001C, 0x001C, {0x01,0x00}, 0x0000,
			0.0f, {0x01,0x68}, 0x0000, 0x0000, 0x0000, 0x0000, 0x0000, 0x0000,
			{0x00,0x00,0x00,0x00,0x00,0x00,0x00,0x00,0x00,0x00,0x00,0x00,0x00,0x00},
			0x00000022, 0x00000000
		},
		{
			{0x05,0x00,0xF5,0xA8,0x00,0x00,0x00,0x00,0x00,0x00,0x00,0x00,0x00,0x04},
			0x0000, 0x0000, 0x0000, 0x013F, 0x0000, 0x000A, 0x0006, {0x28,0x00}, 0x0014,
			6.0f, {0x01,0x68}, 0x0000, 0x0000, 0x0000, 0x0000, 0x0027, -14,
			{0x00,0x00,0x00,0x00,0x00,0x00,0x00,0x00,0x00,0x00,0x00,0x00,0x00,0x00},
			0x00800322, 0x00000000
		},
		{
			{0x00,0x00,0x00,0x00,0x00,0x00,0x00,0x00,0x00,0x00,0x00,0x00,0xFF,0xFF},
			0x0000, 0x0000, 0x0000, -1, 0x0000, 0x0000, 0x0000, {0x00,0x00}, 0x0000,
			0.0f, {0x00,0x00}, 0x0000, 0x0000, 0x0000, 0x0000, 0x0000, 0x0000,
			{0x00,0x00,0x00,0x00,0x00,0x00,0x00,0x00,0x00,0x00,0x00,0x00,0x00,0x00},
			0x00000000, 0x00000000
		},
		{
			{0x05,0x00,0xF5,0x98,0x00,0x00,0x00,0x00,0x00,0x00,0x00,0x00,0xFF,0xFF},
			0x0000, 0x0000, 0x0000, 0x013A, 0x0000, 0x0006, 0x0006, {0x28,0x00}, 0x0000,
			0.0f, {0x01,0x68}, 0x0000, 0x0000, 0x0000, 0x0000, 0x0000, 0x0000,
			{0x00,0x00,0x00,0x00,0x00,0x00,0x00,0x00,0x00,0x00,0x00,0x00,0x00,0x00},
			0x0000002A, 0x00000000
		},
		{
			{0x00,0x00,0x00,0x00,0x00,0x00,0x00,0x00,0x00,0x00,0x00,0x00,0xFF,0xFF},
			0x0000, 0x0000, 0x0000, -1, 0x0000, 0x0000, 0x0000, {0x00,0x00}, 0x0000,
			0.0f, {0x00,0x00}, 0x0000, 0x0000, 0x0000, 0x0000, 0x0000, 0x0000,
			{0x00,0x00,0x00,0x00,0x00,0x00,0x00,0x00,0x00,0x00,0x00,0x00,0x00,0x00},
			0x00000000, 0x00000000
		},
		{
			{0x09,0x00,0xAE,0x08,0x00,0x00,0x00,0x00,0x00,0x00,0x00,0x00,0xFF,0xFF},
			0x0000, 0x0000, 0x0000, -1, 0x0000, 0x0060, 0x0008, {0x00,0x00}, 0x0023,
			2.0f, {0x00,0x00}, 0x0000, 0x0000, 0x0000, 0x0000, 0x0000, 0x0000,
			{0x00,0x00,0x00,0x00,0x00,0x00,0x00,0x00,0x00,0x00,0x00,0x00,0x00,0x00},
			0x00002020, 0x00000000
		},
		{
			{0x00,0x00,0x00,0x00,0x00,0x00,0x00,0x00,0x00,0x00,0x00,0x00,0xFF,0xFF},
			0x0000, 0x0000, 0x0000, -1, 0x0000, 0x000F, 0x000F, {0x01,0x00}, 0x0000,
			0.0f, {0x01,0x68}, 0x0000, 0x0000, 0x0000, 0x0000, 0x0000, 0x0000,
			{0x00,0x00,0x00,0x28,0x00,0x00,0x00,0x00,0x00,0x00,0x00,0x00,0x00,0x00},
			0x00000024, 0x00000000
		}
	},
	{	// ---- level 4 ----
		{
			{0x09,0x02,0xC1,0x80,0x00,0x00,0x00,0x00,0x00,0x00,0x00,0x00,0x00,0x01},
			0x0000, 0x0015, 0x0000, 0x00CF, 0x0000, 0x0050, 0x0014, {0x01,0x00}, 0x0000,
			0.0f, {0x00,0x00}, 0x0000, 0x0000, 0x0000, 0x0000, 0x0000, 0x0000,
			{0x00,0x00,0x00,0x50,0x00,0x00,0x00,0x00,0x00,0x00,0x00,0x00,0x00,0x00},
			0x201000EC, 0x00000008
		},
		{
			{0x05,0x00,0xF5,0x20,0x00,0x00,0x00,0x00,0x00,0x00,0x00,0x00,0xFF,0xFF},
			0x0000, 0x0000, 0x0000, -1, 0x0000, 0x0028, 0x0005, {0x23,0x00}, 0x0000,
			0.0f, {0x00,0x00}, 0x0000, 0x0000, 0x0000, 0x0000, 0x0000, 0x0000,
			{0x00,0x00,0x00,0x28,0x00,0x00,0x00,0x00,0x00,0x00,0x00,0x00,0x00,0x00},
			0x02000022, 0x00000000
		},
		{
			{0x05,0x00,0xF6,0xC8,0x00,0x00,0x00,0x00,0x00,0x00,0x00,0x00,0xFF,0xFF},
			0x0000, 0x0000, 0x0000, 0x016C, 0x0000, 0x0060, 0x000F, {0x01,0x00}, 0x0000,
			0.0f, {0x00,0x00}, 0x0000, 0x0000, 0x0000, 0x0000, 0x0000, 0x0000,
			{0x00,0x00,0x00,0x46,0x00,0x00,0x00,0x00,0x00,0x00,0x00,0x00,0x00,0x00},
			0x02000024, 0x00000000
		},
		{
			{0x09,0x02,0xC3,0x10,0x00,0x00,0x00,0x00,0x00,0x00,0x00,0x00,0xFF,0xFF},
			0x0000, 0x0000, 0x0000, 0x012E, 0x003A, 0x0031, 0x0031, {0x01,0x00}, 0x0000,
			0.0f, {0x00,0x00}, 0x0000, 0x0000, 0x0000, 0x0000, 0x0000, 0x0000,
			{0x00,0x00,0x00,0x19,0x00,0x00,0x00,0x00,0x00,0x00,0x00,0x00,0x00,0x00},
			0x00B08024, 0x00000000
		},
		{
			{0x09,0x02,0xC2,0xE0,0x00,0x00,0x00,0x00,0x00,0x00,0x00,0x00,0xFF,0xFF},
			0x0000, 0x0000, 0x0000, 0x0137, 0x001E, 0x003C, 0x0014, {0x01,0x00}, 0x0000,
			0.0f, {0x01,0x68}, 0x0000, 0x0000, 0x0000, 0x0000, 0x0000, 0x0000,
			{0x00,0x00,0x00,0x00,0x00,0x00,0x00,0x00,0x00,0x00,0x00,0x00,0x00,0x00},
			0x00000022, 0x00000002
		},
		{
			{0x09,0x02,0xC3,0x00,0x00,0x00,0x00,0x00,0x00,0x00,0x00,0x00,0xFF,0xFF},
			0x0000, 0x0000, 0x0000, -1, 0x0000, 0x0014, 0x0014, {0x01,0x00}, 0x0000,
			0.0f, {0x00,0x00}, 0x0000, 0x0000, 0x0000, 0x0000, 0x0000, 0x0000,
			{0x00,0x00,0x00,0x00,0x00,0x00,0x00,0x00,0x00,0x00,0x00,0x00,0x00,0x00},
			0x00000020, 0x00000000
		},
		{
			{0x09,0x02,0xC2,0x30,0x00,0x00,0x00,0x00,0x00,0x00,0x00,0x00,0xFF,0xFF},
			0x0000, 0x0000, 0x0000, -1, 0x0000, 0x000F, 0x000F, {0x01,0x00}, 0x0000,
			0.0f, {0x01,0x68}, 0x0000, 0x0000, 0x0000, 0x0000, 0x0000, 0x0000,
			{0x00,0x00,0x00,0x00,0x00,0x00,0x00,0x00,0x00,0x00,0x00,0x00,0x00,0x00},
			0x00000020, 0x00000000
		},
		{
			{0x05,0x00,0xF5,0x68,0x00,0x00,0x00,0x00,0x00,0x00,0x00,0x00,0x00,0x02},
			0x0000, 0x000F, 0x0000, 0x0133, 0x0000, 0x000A, 0x000A, {0x23,0x00}, 0x0000,
			0.0f, {0x01,0x68}, 0x0000, 0x0000, 0x0000, 0x0000, 0x0000, 0x0000,
			{0x00,0x00,0x00,0x00,0x00,0x00,0x00,0x00,0x00,0x00,0x00,0x00,0x00,0x00},
			0x200000FA, 0x00000000
		},
		{
			{0x09,0x02,0xC3,0x30,0x00,0x00,0x00,0x00,0x00,0x00,0x00,0x00,0xFF,0xFF},
			0x0000, 0x0000, 0x0000, -1, 0x0000, 0x0060, 0x0060, {0x00,0x00}, 0x0000,
			0.0f, {0x00,0x00}, 0x0000, 0x0000, 0x0000, 0x0000, 0x0000, 0x0000,
			{0x00,0x00,0x00,0x5A,0x00,0x00,0x00,0x00,0x00,0x00,0x00,0x00,0x00,0x00},
			-2147418076, 0x00000004
		},
		{
			{0x09,0x02,0xC1,0x10,0x09,0x02,0xC1,0x30,0x00,0x00,0x00,0x00,0xFF,0xFF},
			0x0000, 0x0000, 0x0000, 0x0179, 0x0000, 0x0032, 0x0014, {0x01,0x00}, 0x0000,
			0.0f, {0x00,0x00}, 0x0000, 0x0000, 0x0000, 0x0000, 0x0000, 0x0000,
			{0x00,0x00,0x00,0x00,0x00,0x00,0x00,0x00,0x00,0x00,0x00,0x00,0x00,0x00},
			0x10800022, 0x00000000
		},
		{
			{0x09,0x02,0xC2,0x60,0x00,0x00,0x00,0x00,0x00,0x00,0x00,0x00,0xFF,0xFF},
			0x0000, 0x0000, 0x0000, 0x012F, 0x0000, 0x0014, 0x0014, {0x01,0x00}, 0x0024,
			5.0f, {0x00,0x00}, 0x0000, -90, -28, 0x0000, 0x00AA, 0x0031,
			{0x00,0x00,0x00,0x14,0x00,0x00,0x00,0x00,0x00,0x00,0x00,0x00,0x00,0x00},
			0x02008324, 0x00000000
		},
		{
			{0x09,0x02,0xC2,0xF0,0x00,0x00,0x00,0x00,0x00,0x00,0x00,0x00,0xFF,0xFF},
			0x0000, 0x0000, 0x0000, -1, 0x0000, 0x003E, 0x0014, {0x00,0x00}, 0x0000,
			0.0f, {0x00,0x00}, 0x0000, 0x0000, 0x0000, 0x0000, 0x0000, 0x0000,
			{0x00,0x00,0x00,0x00,0x00,0x00,0x00,0x00,0x00,0x00,0x00,0x00,0x00,0x00},
			0x00000020, 0x00000000
		},
		{
			{0x09,0x02,0xC3,0x20,0x09,0x02,0xC3,0x50,0x00,0x00,0x00,0x00,0xFF,0xFF},
			0x0000, 0x0000, 0x0000, 0x0178, 0x0000, 0x0034, 0x001E, {0x01,0x00}, 0x0000,
			0.0f, {0x00,0x5A}, 0x0000, 0x0000, 0x0000, 0x0032, 0x00DC, 0x005A,
			{0x00,0x00,0x00,0x00,0x00,0x00,0x00,0x00,0x00,0x00,0x00,0x00,0x00,0x00},
			0x08800022, 0x00000000
		},
		{
			{0x05,0x00,0xF6,0x78,0x00,0x00,0x00,0x00,0x00,0x00,0x00,0x00,0xFF,0xFF},
			0x0000, 0x0000, 0x0000, 0x016C, 0x0000, 0x0038, 0x000A, {0x01,0x00}, 0x0000,
			0.0f, {0x00,0x00}, 0x0000, 0x0000, 0x0000, 0x0000, 0x0000, 0x0000,
			{0x00,0x00,0x00,0x28,0x00,0x00,0x00,0x00,0x00,0x00,0x00,0x00,0x00,0x00},
			0x02000024, 0x00000000
		},
		{
			{0x05,0x00,0xF5,0x30,0x00,0x00,0x00,0x00,0x00,0x00,0x00,0x00,0x00,0x01},
			-2, 0x001D, 0x000B, 0x0176, 0x0000, 0x000A, 0x0014, {0x2D,0x00}, 0x0000,
			0.0f, {0x01,0x68}, 0x0000, 0x0000, 0x0000, 0x0000, 0x0000, 0x0000,
			{0x00,0x00,0x00,0x00,0x00,0x00,0x00,0x00,0x00,0x00,0x00,0x00,0x00,0x00},
			0x200000EA, 0x00000000
		},
		{
			{0x09,0x02,0xC3,0x20,0x00,0x00,0x00,0x00,0x00,0x00,0x00,0x00,0xFF,0xFF},
			0x0000, 0x0000, 0x0000, -1, 0x0000, 0x0034, 0x001E, {0x01,0x00}, 0x0000,
			0.0f, {0x00,0x00}, 0x0000, 0x0000, 0x0000, 0x0000, 0x0000, 0x0000,
			{0x00,0x00,0x00,0x00,0x00,0x00,0x00,0x00,0x00,0x00,0x00,0x00,0x00,0x00},
			0x00000020, 0x00000000
		},
		{
			{0x05,0x00,0xF5,0x40,0x00,0x00,0x00,0x00,0x00,0x00,0x00,0x00,0xFF,0xFF},
			0x0000, 0x0000, 0x0000, 0x013B, 0x0000, 0x0028, 0x0020, {0x01,0x00}, 0x0014,
			-3.0f, {0x00,0x00}, 0x0000, 0x0000, 0x0000, 0x0000, 0x004A, -61,
			{0x00,0x00,0x00,0x28,0x00,0x00,0x00,0x00,0x00,0x00,0x00,0x00,0x00,0x00},
			0x00008324, 0x00000000
		},
		{
			{0x00,0x00,0x00,0x00,0x00,0x00,0x00,0x00,0x00,0x00,0x00,0x00,0xFF,0xFF},
			0x0000, 0x0000, 0x0000, -1, 0x0000, 0x0000, 0x0000, {0x00,0x00}, 0x0000,
			0.0f, {0x00,0x00}, 0x0000, 0x0000, 0x0000, 0x0000, 0x0000, 0x0000,
			{0x00,0x00,0x00,0x00,0x00,0x00,0x00,0x00,0x00,0x00,0x00,0x00,0x00,0x00},
			0x00000000, 0x00000000
		},
		{
			{0x05,0x00,0xF5,0x30,0x00,0x00,0x00,0x00,0x00,0x00,0x00,0x00,0xFF,0xFF},
			0x0000, 0x0000, 0x0000, 0x0177, 0x0000, 0x000A, 0x0014, {0x2D,0x00}, 0x0018,
			5.0f, {0x01,0x68}, 0x0000, 0x0000, 0x0000, 0x0000, 0x0000, 0x0000,
			{0x00,0x00,0x00,0x00,0x00,0x00,0x00,0x00,0x00,0x00,0x00,0x00,0x00,0x00},
			0x00800222, 0x00000000
		},
		{
			{0x09,0x02,0xC2,0x00,0x00,0x00,0x00,0x00,0x00,0x00,0x00,0x00,0x00,0x06},
			0x0000, 0x004A, 0x0000, -1, 0x0000, 0x000F, 0x000F, {0x01,0x00}, 0x0000,
			0.0f, {0x01,0x68}, 0x0000, 0x0000, 0x0000, 0x0000, 0x0000, 0x0000,
			{0x00,0x00,0x00,0x00,0x00,0x00,0x00,0x00,0x00,0x00,0x00,0x00,0x00,0x00},
			0x2000006A, 0x00000000
		},
		{
			{0x09,0x02,0xC3,0x40,0x00,0x00,0x00,0x00,0x00,0x00,0x00,0x00,0xFF,0xFF},
			0x0000, 0x0000, 0x0000, -1, 0x0000, 0x0060, 0x0060, {0x00,0x00}, 0x0000,
			0.0f, {0x00,0x00}, 0x0000, 0x0000, 0x0000, 0x0000, 0x0000, 0x0000,
			{0x00,0x00,0x00,0x5A,0x00,0x00,0x00,0x00,0x00,0x00,0x00,0x00,0x00,0x00},
			-2147418076, 0x00000004
		},
		{
			{0x00,0x00,0x00,0x00,0x00,0x00,0x00,0x00,0x00,0x00,0x00,0x00,0xFF,0xFF},
			0x0000, 0x0000, 0x0000, -1, 0x0000, 0x0000, 0x0000, {0x00,0x00}, 0x0000,
			0.0f, {0x00,0x00}, 0x0000, 0x0000, 0x0000, 0x0000, 0x0000, 0x0000,
			{0x00,0x00,0x00,0x00,0x00,0x00,0x00,0x00,0x00,0x00,0x00,0x00,0x00,0x00},
			0x00000000, 0x00000000
		},
		{
			{0x05,0x00,0xF6,0x98,0x00,0x00,0x00,0x00,0x00,0x00,0x00,0x00,0xFF,0xFF},
			0x0000, 0x0000, 0x0000, -1, 0x0000, 0x0046, 0x0022, {0x01,0x00}, 0x0000,
			0.0f, {0x00,0x00}, 0x0000, 0x0000, 0x0000, 0x0000, 0x0000, 0x0000,
			{0x00,0x00,0x00,0x00,0x00,0x00,0x00,0x00,0x00,0x00,0x00,0x00,0x00,0x00},
			0x00000020, 0x00000000
		},
		{
			{0x05,0x00,0xF6,0x58,0x00,0x00,0x00,0x00,0x00,0x00,0x00,0x00,0x00,0x03},
			0x0000, 0x001A, 0x0000, 0x0133, 0x0000, 0x000C, 0x000C, {0x23,0x00}, 0x0000,
			0.0f, {0x01,0x68}, 0x0000, 0x0000, 0x0000, 0x0000, 0x0000, 0x0000,
			{0x00,0x00,0x00,0x00,0x00,0x00,0x00,0x00,0x00,0x00,0x00,0x00,0x00,0x00},
			0x200000FA, 0x00000001
		},
		{
			{0x00,0x00,0x00,0x00,0x00,0x00,0x00,0x00,0x00,0x00,0x00,0x00,0xFF,0xFF},
			0x0000, 0x0000, 0x0000, -1, 0x0000, 0x0000, 0x0000, {0x00,0x00}, 0x0000,
			0.0f, {0x00,0x00}, 0x0000, 0x0000, 0x0000, 0x0000, 0x0000, 0x0000,
			{0x00,0x00,0x00,0x00,0x00,0x00,0x00,0x00,0x00,0x00,0x00,0x00,0x00,0x00},
			0x00000000, 0x00000000
		},
		{
			{0x05,0x00,0xF6,0xA8,0x00,0x00,0x00,0x00,0x00,0x00,0x00,0x00,0x00,0x05},
			0x0000, 0x001E, 0x0000, 0x0139, 0x0000, 0x001C, 0x001C, {0x01,0x00}, 0x0000,
			0.0f, {0x01,0x68}, 0x0000, 0x0000, 0x0000, 0x0000, 0x0000, 0x0000,
			{0x00,0x00,0x00,0x00,0x00,0x00,0x00,0x00,0x00,0x00,0x00,0x00,0x00,0x00},
			0x00000022, 0x00000000
		},
		{
			{0x05,0x00,0xF5,0xA8,0x00,0x00,0x00,0x00,0x00,0x00,0x00,0x00,0x00,0x04},
			0x0000, 0x0000, 0x0000, 0x013F, 0x0000, 0x000A, 0x0006, {0x28,0x00}, 0x0014,
			6.0f, {0x01,0x68}, 0x0000, 0x0000, 0x0000, 0x0000, 0x0027, -14,
			{0x00,0x00,0x00,0x00,0x00,0x00,0x00,0x00,0x00,0x00,0x00,0x00,0x00,0x00},
			0x00800322, 0x00000000
		},
		{
			{0x00,0x00,0x00,0x00,0x00,0x00,0x00,0x00,0x00,0x00,0x00,0x00,0xFF,0xFF},
			0x0000, 0x0000, 0x0000, -1, 0x0000, 0x0000, 0x0000, {0x00,0x00}, 0x0000,
			0.0f, {0x00,0x00}, 0x0000, 0x0000, 0x0000, 0x0000, 0x0000, 0x0000,
			{0x00,0x00,0x00,0x00,0x00,0x00,0x00,0x00,0x00,0x00,0x00,0x00,0x00,0x00},
			0x00000000, 0x00000000
		},
		{
			{0x05,0x00,0xF5,0x98,0x00,0x00,0x00,0x00,0x00,0x00,0x00,0x00,0xFF,0xFF},
			0x0000, 0x0000, 0x0000, 0x013A, 0x0000, 0x0006, 0x0006, {0x28,0x00}, 0x0000,
			0.0f, {0x01,0x68}, 0x0000, 0x0000, 0x0000, 0x0000, 0x0000, 0x0000,
			{0x00,0x00,0x00,0x00,0x00,0x00,0x00,0x00,0x00,0x00,0x00,0x00,0x00,0x00},
			0x0000002A, 0x00000000
		},
		{
			{0x00,0x00,0x00,0x00,0x00,0x00,0x00,0x00,0x00,0x00,0x00,0x00,0xFF,0xFF},
			0x0000, 0x0000, 0x0000, -1, 0x0000, 0x0000, 0x0000, {0x00,0x00}, 0x0000,
			0.0f, {0x00,0x00}, 0x0000, 0x0000, 0x0000, 0x0000, 0x0000, 0x0000,
			{0x00,0x00,0x00,0x00,0x00,0x00,0x00,0x00,0x00,0x00,0x00,0x00,0x00,0x00},
			0x00000000, 0x00000000
		},
		{
			{0x09,0x00,0xCD,0x70,0x00,0x00,0x00,0x00,0x00,0x00,0x00,0x00,0xFF,0xFF},
			0x0000, 0x0000, 0x0000, -1, 0x0000, 0x0060, 0x0008, {0x00,0x00}, 0x0023,
			2.0f, {0x00,0x00}, 0x0000, 0x0000, 0x0000, 0x0000, 0x0000, 0x0000,
			{0x00,0x00,0x00,0x00,0x00,0x00,0x00,0x00,0x00,0x00,0x00,0x00,0x00,0x00},
			0x00002020, 0x00000000
		},
		{
			{0x00,0x00,0x00,0x00,0x00,0x00,0x00,0x00,0x00,0x00,0x00,0x00,0xFF,0xFF},
			0x0000, 0x0000, 0x0000, -1, 0x0000, 0x000F, 0x000F, {0x01,0x00}, 0x0000,
			0.0f, {0x01,0x68}, 0x0000, 0x0000, 0x0000, 0x0000, 0x0000, 0x0000,
			{0x00,0x00,0x00,0x28,0x00,0x00,0x00,0x00,0x00,0x00,0x00,0x00,0x00,0x00},
			0x00000024, 0x00000000
		}
	},
	{	// ---- level 5 ----
		{
			{0x09,0x01,0x70,0xF0,0x00,0x00,0x00,0x00,0x00,0x00,0x00,0x00,0xFF,0xFF},
			0x0000, 0x0000, 0x0000, 0x017E, 0x0000, 0x0041, 0x0025, {0xEF,0x00}, 0x0000,
			0.0f, {0x00,0x00}, 0x0000, 0x0000, 0x0000, 0x0000, 0x0000, 0x0000,
			{0x00,0x00,0x00,0x19,0x00,0x00,0x00,0x00,0x00,0x00,0x00,0x00,0x00,0x00},
			0x02000024, 0x00000000
		},
		{
			{0x09,0x01,0x70,0x90,0x00,0x00,0x00,0x00,0x00,0x00,0x00,0x00,0xFF,0xFF},
			0x0000, 0x0000, 0x0000, -1, 0x0000, 0x0033, 0x0036, {0x1E,0x00}, 0x0032,
			0.1f, {0x01,0x68}, 0x0000, 0x0000, 0x0000, 0x0000, 0x0000, 0x0000,
			{0x00,0x00,0x00,0x19,0x00,0x00,0x00,0x00,0x00,0x00,0x00,0x00,0x00,0x00},
			0x00082020, 0x00000000
		},
		{
			{0x09,0x01,0x70,0xB0,0x00,0x00,0x00,0x00,0x00,0x00,0x00,0x00,0xFF,0xFF},
			0x0000, 0x0000, 0x0000, -1, 0x0000, 0x003C, 0x003C, {0x01,0x00}, 0x0000,
			0.0f, {0x01,0x68}, 0x0000, 0x0000, 0x0000, 0x0000, 0x0000, 0x0000,
			{0x00,0x00,0x00,0x3C,0x00,0x00,0x00,0x00,0x00,0x00,0x00,0x00,0x00,0x00},
			0x02000022, 0x00000000
		},
		{
			{0x09,0x01,0x70,0xC0,0x00,0x00,0x00,0x00,0x00,0x00,0x00,0x00,0xFF,0xFF},
			0x0000, 0x0000, 0x0000, -1, 0x0000, 0x0019, 0x0019, {0x01,0x00}, 0x0000,
			0.0f, {0x00,0x00}, 0x0000, 0x0000, 0x0000, 0x0000, 0x0000, 0x0000,
			{0x00,0x00,0x00,0x19,0x00,0x00,0x00,0x00,0x00,0x00,0x00,0x00,0x00,0x00},
			0x00000020, 0x00000000
		},
		{
			{0x09,0x01,0x70,0xD0,0x00,0x00,0x00,0x00,0x00,0x00,0x00,0x00,0xFF,0xFF},
			0x0000, 0x0000, 0x0000, -1, 0x0000, 0x001E, 0x0027, {0x01,0x00}, 0x0028,
			0.05f, {0x00,0x00}, 0x0000, 0x0000, 0x0000, 0x0000, 0x0000, 0x0000,
			{0x00,0x00,0x00,0x19,0x00,0x00,0x00,0x00,0x00,0x00,0x00,0x00,0x00,0x00},
			0x00082020, 0x00000000
		},
		{
			{0x09,0x01,0x70,0xE0,0x00,0x00,0x00,0x00,0x00,0x00,0x00,0x00,0xFF,0xFF},
			0x0000, 0x0000, 0x0000, 0x017E, 0x0000, 0x0027, 0x002A, {0x07,0x00}, 0x0041,
			0.025f, {0x00,0x00}, 0x0000, 0x0000, 0x0000, 0x0000, 0x0000, 0x0000,
			{0x00,0x00,0x00,0x19,0x00,0x00,0x00,0x00,0x00,0x00,0x00,0x00,0x00,0x00},
			0x02000024, 0x00000000
		},
		{
			{0x00,0x00,0x00,0x00,0x00,0x00,0x00,0x00,0x00,0x00,0x00,0x00,0xFF,0xFF},
			0x0000, 0x0000, 0x0000, -1, 0x0000, 0x0000, 0x0000, {0x00,0x00}, 0x0000,
			0.0f, {0x00,0x00}, 0x0000, 0x0000, 0x0000, 0x0000, 0x0000, 0x0000,
			{0x00,0x00,0x00,0x00,0x00,0x00,0x00,0x00,0x00,0x00,0x00,0x00,0x00,0x00},
			0x00000000, 0x00000000
		},
		{
			{0x00,0x00,0x00,0x00,0x00,0x00,0x00,0x00,0x00,0x00,0x00,0x00,0xFF,0xFF},
			0x0000, 0x0000, 0x0000, -1, 0x0000, 0x0000, 0x0000, {0x00,0x00}, 0x0000,
			0.0f, {0x00,0x00}, 0x0000, 0x0000, 0x0000, 0x0000, 0x0000, 0x0000,
			{0x00,0x00,0x00,0x00,0x00,0x00,0x00,0x00,0x00,0x00,0x00,0x00,0x00,0x00},
			0x00000000, 0x00000000
		},
		{
			{0x00,0x00,0x00,0x00,0x00,0x00,0x00,0x00,0x00,0x00,0x00,0x00,0xFF,0xFF},
			0x0000, 0x0000, 0x0000, -1, 0x0000, 0x0000, 0x0000, {0x00,0x00}, 0x0000,
			0.0f, {0x00,0x00}, 0x0000, 0x0000, 0x0000, 0x0000, 0x0000, 0x0000,
			{0x00,0x00,0x00,0x00,0x00,0x00,0x00,0x00,0x00,0x00,0x00,0x00,0x00,0x00},
			0x00000000, 0x00000000
		},
		{
			{0x00,0x00,0x00,0x00,0x00,0x00,0x00,0x00,0x00,0x00,0x00,0x00,0xFF,0xFF},
			0x0000, 0x0000, 0x0000, -1, 0x0000, 0x0000, 0x0000, {0x00,0x00}, 0x0000,
			0.0f, {0x00,0x00}, 0x0000, 0x0000, 0x0000, 0x0000, 0x0000, 0x0000,
			{0x00,0x00,0x00,0x00,0x00,0x00,0x00,0x00,0x00,0x00,0x00,0x00,0x00,0x00},
			0x00000000, 0x00000000
		},
		{
			{0x00,0x00,0x00,0x00,0x00,0x00,0x00,0x00,0x00,0x00,0x00,0x00,0xFF,0xFF},
			0x0000, 0x0000, 0x0000, -1, 0x0000, 0x0000, 0x0000, {0x00,0x00}, 0x0000,
			0.0f, {0x00,0x00}, 0x0000, 0x0000, 0x0000, 0x0000, 0x0000, 0x0000,
			{0x00,0x00,0x00,0x00,0x00,0x00,0x00,0x00,0x00,0x00,0x00,0x00,0x00,0x00},
			0x00000000, 0x00000000
		},
		{
			{0x00,0x00,0x00,0x00,0x00,0x00,0x00,0x00,0x00,0x00,0x00,0x00,0xFF,0xFF},
			0x0000, 0x0000, 0x0000, -1, 0x0000, 0x0000, 0x0000, {0x00,0x00}, 0x0000,
			0.0f, {0x00,0x00}, 0x0000, 0x0000, 0x0000, 0x0000, 0x0000, 0x0000,
			{0x00,0x00,0x00,0x00,0x00,0x00,0x00,0x00,0x00,0x00,0x00,0x00,0x00,0x00},
			0x00000000, 0x00000000
		},
		{
			{0x00,0x00,0x00,0x00,0x00,0x00,0x00,0x00,0x00,0x00,0x00,0x00,0xFF,0xFF},
			0x0000, 0x0000, 0x0000, -1, 0x0000, 0x0000, 0x0000, {0x00,0x00}, 0x0000,
			0.0f, {0x00,0x00}, 0x0000, 0x0000, 0x0000, 0x0000, 0x0000, 0x0000,
			{0x00,0x00,0x00,0x00,0x00,0x00,0x00,0x00,0x00,0x00,0x00,0x00,0x00,0x00},
			0x00000000, 0x00000000
		},
		{
			{0x00,0x00,0x00,0x00,0x00,0x00,0x00,0x00,0x00,0x00,0x00,0x00,0xFF,0xFF},
			0x0000, 0x0000, 0x0000, -1, 0x0000, 0x0000, 0x0000, {0x00,0x00}, 0x0000,
			0.0f, {0x00,0x00}, 0x0000, 0x0000, 0x0000, 0x0000, 0x0000, 0x0000,
			{0x00,0x00,0x00,0x00,0x00,0x00,0x00,0x00,0x00,0x00,0x00,0x00,0x00,0x00},
			0x00000000, 0x00000000
		},
		{
			{0x00,0x00,0x00,0x00,0x00,0x00,0x00,0x00,0x00,0x00,0x00,0x00,0xFF,0xFF},
			0x0000, 0x0000, 0x0000, -1, 0x0000, 0x0000, 0x0000, {0x00,0x00}, 0x0000,
			0.0f, {0x00,0x00}, 0x0000, 0x0000, 0x0000, 0x0000, 0x0000, 0x0000,
			{0x00,0x00,0x00,0x00,0x00,0x00,0x00,0x00,0x00,0x00,0x00,0x00,0x00,0x00},
			0x00000000, 0x00000000
		},
		{
			{0x00,0x00,0x00,0x00,0x00,0x00,0x00,0x00,0x00,0x00,0x00,0x00,0xFF,0xFF},
			0x0000, 0x0000, 0x0000, -1, 0x0000, 0x0000, 0x0000, {0x00,0x00}, 0x0000,
			0.0f, {0x00,0x00}, 0x0000, 0x0000, 0x0000, 0x0000, 0x0000, 0x0000,
			{0x00,0x00,0x00,0x00,0x00,0x00,0x00,0x00,0x00,0x00,0x00,0x00,0x00,0x00},
			0x00000000, 0x00000000
		},
		{
			{0x00,0x00,0x00,0x00,0x00,0x00,0x00,0x00,0x00,0x00,0x00,0x00,0xFF,0xFF},
			0x0000, 0x0000, 0x0000, -1, 0x0000, 0x0000, 0x0000, {0x00,0x00}, 0x0000,
			0.0f, {0x00,0x00}, 0x0000, 0x0000, 0x0000, 0x0000, 0x0000, 0x0000,
			{0x00,0x00,0x00,0x00,0x00,0x00,0x00,0x00,0x00,0x00,0x00,0x00,0x00,0x00},
			0x00000000, 0x00000000
		},
		{
			{0x00,0x00,0x00,0x00,0x00,0x00,0x00,0x00,0x00,0x00,0x00,0x00,0xFF,0xFF},
			0x0000, 0x0000, 0x0000, -1, 0x0000, 0x0000, 0x0000, {0x00,0x00}, 0x0000,
			0.0f, {0x00,0x00}, 0x0000, 0x0000, 0x0000, 0x0000, 0x0000, 0x0000,
			{0x00,0x00,0x00,0x00,0x00,0x00,0x00,0x00,0x00,0x00,0x00,0x00,0x00,0x00},
			0x00000000, 0x00000000
		},
		{
			{0x00,0x00,0x00,0x00,0x00,0x00,0x00,0x00,0x00,0x00,0x00,0x00,0xFF,0xFF},
			0x0000, 0x0000, 0x0000, -1, 0x0000, 0x0000, 0x0000, {0x00,0x00}, 0x0000,
			0.0f, {0x00,0x00}, 0x0000, 0x0000, 0x0000, 0x0000, 0x0000, 0x0000,
			{0x00,0x00,0x00,0x00,0x00,0x00,0x00,0x00,0x00,0x00,0x00,0x00,0x00,0x00},
			0x00000000, 0x00000000
		},
		{
			{0x00,0x00,0x00,0x00,0x00,0x00,0x00,0x00,0x00,0x00,0x00,0x00,0xFF,0xFF},
			0x0000, 0x0000, 0x0000, -1, 0x0000, 0x0000, 0x0000, {0x00,0x00}, 0x0000,
			0.0f, {0x00,0x00}, 0x0000, 0x0000, 0x0000, 0x0000, 0x0000, 0x0000,
			{0x00,0x00,0x00,0x00,0x00,0x00,0x00,0x00,0x00,0x00,0x00,0x00,0x00,0x00},
			0x00000000, 0x00000000
		},
		{
			{0x00,0x00,0x00,0x00,0x00,0x00,0x00,0x00,0x00,0x00,0x00,0x00,0xFF,0xFF},
			0x0000, 0x0000, 0x0000, -1, 0x0000, 0x0000, 0x0000, {0x00,0x00}, 0x0000,
			0.0f, {0x00,0x00}, 0x0000, 0x0000, 0x0000, 0x0000, 0x0000, 0x0000,
			{0x00,0x00,0x00,0x00,0x00,0x00,0x00,0x00,0x00,0x00,0x00,0x00,0x00,0x00},
			0x00000000, 0x00000000
		},
		{
			{0x00,0x00,0x00,0x00,0x00,0x00,0x00,0x00,0x00,0x00,0x00,0x00,0xFF,0xFF},
			0x0000, 0x0000, 0x0000, -1, 0x0000, 0x0000, 0x0000, {0x00,0x00}, 0x0000,
			0.0f, {0x00,0x00}, 0x0000, 0x0000, 0x0000, 0x0000, 0x0000, 0x0000,
			{0x00,0x00,0x00,0x00,0x00,0x00,0x00,0x00,0x00,0x00,0x00,0x00,0x00,0x00},
			0x00000000, 0x00000000
		},
		{
			{0x00,0x00,0x00,0x00,0x00,0x00,0x00,0x00,0x00,0x00,0x00,0x00,0xFF,0xFF},
			0x0000, 0x0000, 0x0000, -1, 0x0000, 0x0000, 0x0000, {0x00,0x00}, 0x0000,
			0.0f, {0x00,0x00}, 0x0000, 0x0000, 0x0000, 0x0000, 0x0000, 0x0000,
			{0x00,0x00,0x00,0x00,0x00,0x00,0x00,0x00,0x00,0x00,0x00,0x00,0x00,0x00},
			0x00000000, 0x00000000
		},
		{
			{0x00,0x00,0x00,0x00,0x00,0x00,0x00,0x00,0x00,0x00,0x00,0x00,0xFF,0xFF},
			0x0000, 0x0000, 0x0000, -1, 0x0000, 0x0000, 0x0000, {0x00,0x00}, 0x0000,
			0.0f, {0x00,0x00}, 0x0000, 0x0000, 0x0000, 0x0000, 0x0000, 0x0000,
			{0x00,0x00,0x00,0x00,0x00,0x00,0x00,0x00,0x00,0x00,0x00,0x00,0x00,0x00},
			0x00000000, 0x00000000
		},
		{
			{0x00,0x00,0x00,0x00,0x00,0x00,0x00,0x00,0x00,0x00,0x00,0x00,0xFF,0xFF},
			0x0000, 0x0000, 0x0000, -1, 0x0000, 0x0000, 0x0000, {0x00,0x00}, 0x0000,
			0.0f, {0x00,0x00}, 0x0000, 0x0000, 0x0000, 0x0000, 0x0000, 0x0000,
			{0x00,0x00,0x00,0x00,0x00,0x00,0x00,0x00,0x00,0x00,0x00,0x00,0x00,0x00},
			0x00000000, 0x00000000
		},
		{
			{0x00,0x00,0x00,0x00,0x00,0x00,0x00,0x00,0x00,0x00,0x00,0x00,0xFF,0xFF},
			0x0000, 0x0000, 0x0000, -1, 0x0000, 0x0000, 0x0000, {0x00,0x00}, 0x0000,
			0.0f, {0x00,0x00}, 0x0000, 0x0000, 0x0000, 0x0000, 0x0000, 0x0000,
			{0x00,0x00,0x00,0x00,0x00,0x00,0x00,0x00,0x00,0x00,0x00,0x00,0x00,0x00},
			0x00000000, 0x00000000
		},
		{
			{0x00,0x00,0x00,0x00,0x00,0x00,0x00,0x00,0x00,0x00,0x00,0x00,0xFF,0xFF},
			0x0000, 0x0000, 0x0000, -1, 0x0000, 0x0000, 0x0000, {0x00,0x00}, 0x0000,
			0.0f, {0x00,0x00}, 0x0000, 0x0000, 0x0000, 0x0000, 0x0000, 0x0000,
			{0x00,0x00,0x00,0x00,0x00,0x00,0x00,0x00,0x00,0x00,0x00,0x00,0x00,0x00},
			0x00000000, 0x00000000
		},
		{
			{0x00,0x00,0x00,0x00,0x00,0x00,0x00,0x00,0x00,0x00,0x00,0x00,0xFF,0xFF},
			0x0000, 0x0000, 0x0000, -1, 0x0000, 0x0000, 0x0000, {0x00,0x00}, 0x0000,
			0.0f, {0x00,0x00}, 0x0000, 0x0000, 0x0000, 0x0000, 0x0000, 0x0000,
			{0x00,0x00,0x00,0x00,0x00,0x00,0x00,0x00,0x00,0x00,0x00,0x00,0x00,0x00},
			0x00000000, 0x00000000
		},
		{
			{0x00,0x00,0x00,0x00,0x00,0x00,0x00,0x00,0x00,0x00,0x00,0x00,0xFF,0xFF},
			0x0000, 0x0000, 0x0000, -1, 0x0000, 0x0000, 0x0000, {0x00,0x00}, 0x0000,
			0.0f, {0x00,0x00}, 0x0000, 0x0000, 0x0000, 0x0000, 0x0000, 0x0000,
			{0x00,0x00,0x00,0x00,0x00,0x00,0x00,0x00,0x00,0x00,0x00,0x00,0x00,0x00},
			0x00000000, 0x00000000
		},
		{
			{0x00,0x00,0x00,0x00,0x00,0x00,0x00,0x00,0x00,0x00,0x00,0x00,0xFF,0xFF},
			0x0000, 0x0000, 0x0000, -1, 0x0000, 0x0000, 0x0000, {0x00,0x00}, 0x0000,
			0.0f, {0x00,0x00}, 0x0000, 0x0000, 0x0000, 0x0000, 0x0000, 0x0000,
			{0x00,0x00,0x00,0x00,0x00,0x00,0x00,0x00,0x00,0x00,0x00,0x00,0x00,0x00},
			0x00000000, 0x00000000
		},
		{
			{0x00,0x00,0x00,0x00,0x00,0x00,0x00,0x00,0x00,0x00,0x00,0x00,0xFF,0xFF},
			0x0000, 0x0000, 0x0000, -1, 0x0000, 0x0000, 0x0000, {0x00,0x00}, 0x0000,
			0.0f, {0x00,0x00}, 0x0000, 0x0000, 0x0000, 0x0000, 0x0000, 0x0000,
			{0x00,0x00,0x00,0x00,0x00,0x00,0x00,0x00,0x00,0x00,0x00,0x00,0x00,0x00},
			0x00000000, 0x00000000
		},
		{
			{0x00,0x00,0x00,0x00,0x00,0x00,0x00,0x00,0x00,0x00,0x00,0x00,0xFF,0xFF},
			0x0000, 0x0000, 0x0000, -1, 0x0000, 0x000F, 0x000F, {0x01,0x00}, 0x0000,
			0.0f, {0x01,0x68}, 0x0000, 0x0000, 0x0000, 0x0000, 0x0000, 0x0000,
			{0x00,0x00,0x00,0x00,0x00,0x00,0x00,0x00,0x00,0x00,0x00,0x00,0x00,0x00},
			0x00000022, 0x00000000
		}
	},
	{	// ---- level 6 ----
		{
			{0x05,0x00,0xF6,0x68,0x00,0x00,0x00,0x00,0x00,0x00,0x00,0x00,0x00,0x01},
			0x0000, 0x000A, 0x0000, 0x00CF, 0x0000, 0x0042, 0x0024, {0x01,0x00}, 0x0000,
			0.0f, {0x00,0x00}, 0x0000, 0x0000, 0x0000, 0x0000, 0x0000, 0x0000,
			{0x00,0x00,0x00,0x42,0x00,0x00,0x00,0x00,0x00,0x00,0x00,0x00,0x00,0x00},
			0x201000EC, 0x00000008
		},
		{
			{0x05,0x00,0xF6,0x08,0x00,0x00,0x00,0x00,0x00,0x00,0x00,0x00,0x00,0x05},
			0x0000, 0x0023, 0x0000, -1, 0x0000, 0x0014, 0x0014, {0x01,0x00}, 0x0000,
			0.0f, {0x00,0xB4}, 0x0000, 0x0000, 0x0000, 0x0000, 0x0000, 0x0000,
			{0x00,0x00,0x00,0x00,0x00,0x00,0x00,0x00,0x00,0x00,0x00,0x00,0x00,0x00},
			0x00000020, 0x00000000
		},
		{
			{0x05,0x00,0xF6,0x18,0x00,0x00,0x00,0x00,0x00,0x00,0x00,0x00,0xFF,0xFF},
			0x0000, 0x0000, 0x0000, -1, 0x0000, 0x0016, 0x001F, {0x01,0x00}, 0x0000,
			0.0f, {0x01,0x68}, 0x0000, 0x0000, 0x0000, 0x0000, 0x0000, 0x0000,
			{0x00,0x00,0x00,0x00,0x00,0x00,0x00,0x00,0x00,0x00,0x00,0x00,0x00,0x00},
			0x00000020, 0x00000000
		},
		{
			{0x05,0x00,0xF5,0x20,0x00,0x00,0x00,0x00,0x00,0x00,0x00,0x00,0xFF,0xFF},
			0x0000, 0x0000, 0x0000, -1, 0x0000, 0x0028, 0x0005, {0x23,0x00}, 0x0000,
			0.0f, {0x00,0x00}, 0x0000, 0x0000, 0x0000, 0x0000, 0x0000, 0x0000,
			{0x00,0x00,0x00,0x28,0x00,0x00,0x00,0x00,0x00,0x00,0x00,0x00,0x00,0x00},
			0x02000022, 0x00000000
		},
		{
			{0x05,0x00,0xF5,0x88,0x00,0x00,0x00,0x00,0x00,0x00,0x00,0x00,0xFF,0xFF},
			0x0000, 0x0000, 0x0000, -1, 0x0000, 0x0046, 0x001E, {0x01,0x00}, 0x002D,
			-2.0f, {0x00,0x00}, 0x0000, 0x0000, 0x0000, -120, 0x0053, 0x0033,
			{0xFF,0xEE,0x00,0x15,0xFF,0xDF,0x00,0x14,0x05,0x15,0x00,0x00,0x00,0x00},
			0x00000120, 0x00000000
		},
		{
			{0x05,0x00,0xF6,0xB8,0x00,0x00,0x00,0x00,0x00,0x00,0x00,0x00,0xFF,0xFF},
			0x0000, 0x0000, 0x0000, -1, 0x0000, 0x005C, 0x0022, {0x01,0x00}, 0x0000,
			0.0f, {0x01,0x68}, 0x0000, 0x0000, 0x0000, 0x0000, 0x0000, 0x0000,
			{0x00,0x00,0x00,0x00,0x00,0x00,0x00,0x00,0x00,0x00,0x00,0x00,0x00,0x00},
			0x00000020, 0x00000000
		},
		{
			{0x05,0x00,0xF6,0x28,0x00,0x00,0x00,0x00,0x00,0x00,0x00,0x00,0xFF,0xFF},
			0x0000, 0x0000, 0x0000, -1, 0x0000, 0x005C, 0x0022, {0x01,0x00}, 0x0000,
			0.0f, {0x01,0x68}, 0x0000, 0x0000, 0x0000, 0x0000, 0x0000, 0x0000,
			{0x00,0x00,0x00,0x00,0x00,0x00,0x00,0x00,0x00,0x00,0x00,0x00,0x00,0x00},
			0x00000020, 0x00000000
		},
		{
			{0x05,0x00,0xF6,0x58,0x00,0x00,0x00,0x00,0x00,0x00,0x00,0x00,0x00,0x03},
			0x0000, 0x001A, 0x0000, 0x0133, 0x0000, 0x000C, 0x000C, {0x23,0x00}, 0x0000,
			0.0f, {0x01,0x68}, 0x0000, 0x0000, 0x0000, 0x0000, 0x0000, 0x0000,
			{0x00,0x00,0x00,0x00,0x00,0x00,0x00,0x00,0x00,0x00,0x00,0x00,0x00,0x00},
			0x200000FA, 0x00000001
		},
		{
			{0x05,0x00,0xF5,0x68,0x00,0x00,0x00,0x00,0x00,0x00,0x00,0x00,0x00,0x02},
			0x0000, 0x000F, 0x0000, 0x0133, 0x0000, 0x000A, 0x000A, {0x23,0x00}, 0x0000,
			0.0f, {0x01,0x68}, 0x0000, 0x0000, 0x0000, 0x0000, 0x0000, 0x0000,
			{0x00,0x00,0x00,0x00,0x00,0x00,0x00,0x00,0x00,0x00,0x00,0x00,0x00,0x00},
			0x200000FA, 0x00000000
		},
		{
			{0x05,0x00,0xF6,0x78,0x00,0x00,0x00,0x00,0x00,0x00,0x00,0x00,0xFF,0xFF},
			0x0000, 0x0000, 0x0000, 0x016C, 0x0000, 0x0038, 0x000A, {0x01,0x00}, 0x0000,
			0.0f, {0x00,0x00}, 0x0000, 0x0000, 0x0000, 0x0000, 0x0000, 0x0000,
			{0x00,0x00,0x00,0x28,0x00,0x00,0x00,0x00,0x00,0x00,0x00,0x00,0x00,0x00},
			0x02000024, 0x00000000
		},
		{
			{0x05,0x00,0xF6,0xC8,0x00,0x00,0x00,0x00,0x00,0x00,0x00,0x00,0xFF,0xFF},
			0x0000, 0x0000, 0x0000, 0x016C, 0x0000, 0x0060, 0x000F, {0x01,0x00}, 0x0000,
			0.0f, {0x00,0x00}, 0x0000, 0x0000, 0x0000, 0x0000, 0x0000, 0x0000,
			{0x00,0x00,0x00,0x46,0x00,0x00,0x00,0x00,0x00,0x00,0x00,0x00,0x00,0x00},
			0x02000024, 0x00000000
		},
		{
			{0x05,0x00,0xF6,0x88,0x00,0x00,0x00,0x00,0x00,0x00,0x00,0x00,0xFF,0xFF},
			0x0000, 0x0000, 0x0000, -1, 0x0000, 0x002E, 0x001A, {0x01,0x00}, 0x001E,
			3.0f, {0x00,0x00}, 0x0000, 0x0000, 0x0000, 0x0051, 0x0098, 0x0029,
			{0x00,0x00,0x00,0x2E,0x00,0x14,0x00,0x19,0x05,0x1C,0x00,0x00,0x00,0x00},
			0x00000120, 0x00000000
		},
		{
			{0x05,0x00,0xF5,0xD0,0x00,0x00,0x00,0x00,0x00,0x00,0x00,0x00,0xFF,0xFF},
			0x0000, 0x0000, 0x0000, 0x012C, 0x0000, 0x0022, 0x001A, {0x01,0x00}, 0x0019,
			2.0f, {0x00,0x00}, 0x0000, 0x0000, 0x0000, 0x0000, 0x007F, 0x0009,
			{0x00,0x00,0x00,0x22,0x00,0x00,0x00,0x0A,0x22,0x14,0x00,0x00,0x00,0x00},
			0x0040C124, 0x00000000
		},
		{
			{0x05,0x00,0xF5,0x40,0x00,0x00,0x00,0x00,0x00,0x00,0x00,0x00,0xFF,0xFF},
			0x0000, 0x0000, 0x0000, 0x013B, 0x0000, 0x0028, 0x0020, {0x01,0x00}, 0x0014,
			-3.0f, {0x00,0x00}, 0x0000, 0x0000, 0x0000, 0x0000, 0x004A, -61,
			{0x00,0x00,0x00,0x28,0x00,0x00,0x00,0x00,0x00,0x00,0x00,0x00,0x00,0x00},
			0x00008324, 0x00000000
		},
		{
			{0x05,0x00,0xF6,0xA8,0x00,0x00,0x00,0x00,0x00,0x00,0x00,0x00,0x00,0x05},
			0x0000, 0x001E, 0x0000, 0x0139, 0x0000, 0x001C, 0x001C, {0x01,0x00}, 0x0000,
			0.0f, {0x01,0x68}, 0x0000, 0x0000, 0x0000, 0x0000, 0x0000, 0x0000,
			{0x00,0x00,0x00,0x00,0x00,0x00,0x00,0x00,0x00,0x00,0x00,0x00,0x00,0x00},
			0x00000022, 0x00000000
		},
		{
			{0x05,0x00,0xF6,0x98,0x00,0x00,0x00,0x00,0x00,0x00,0x00,0x00,0xFF,0xFF},
			0x0000, 0x0000, 0x0000, -1, 0x0000, 0x0046, 0x0022, {0x01,0x00}, 0x0000,
			0.0f, {0x00,0x00}, 0x0000, 0x0000, 0x0000, 0x0000, 0x0000, 0x0000,
			{0x00,0x00,0x00,0x00,0x00,0x00,0x00,0x00,0x00,0x00,0x00,0x00,0x00,0x00},
			0x00000020, 0x00000000
		},
		{
			{0x05,0x00,0xF6,0x48,0x00,0x00,0x00,0x00,0x00,0x00,0x00,0x00,0xFF,0xFF},
			0x0000, 0x0000, 0x0000, -1, 0x0000, 0x0042, 0x001C, {0x01,0x00}, 0x0000,
			0.0f, {0x00,0x00}, 0x0000, 0x0000, 0x0000, 0x0000, 0x0000, 0x0000,
			{0x00,0x00,0x00,0x00,0x00,0x00,0x00,0x00,0x00,0x00,0x00,0x00,0x00,0x00},
			0x00000020, 0x00000000
		},
		{
			{0x05,0x00,0xF6,0x38,0x00,0x00,0x00,0x00,0x00,0x00,0x00,0x00,0xFF,0xFF},
			0x0000, 0x0000, 0x0000, -1, 0x0000, 0x0006, 0x0006, {0x01,0x00}, 0x0000,
			0.0f, {0x00,0x00}, 0x0000, 0x0000, 0x0000, 0x0000, 0x0000, 0x0000,
			{0x00,0x00,0x00,0x00,0x00,0x00,0x00,0x00,0x00,0x00,0x00,0x00,0x00,0x00},
			0x00000020, 0x00000000
		},
		{
			{0x0A,0x02,0x57,0x40,0x0A,0x02,0x57,0xB0,0x00,0x00,0x00,0x00,0xFF,0xFF},
			0x0000, 0x0000, 0x0000, -1, 0x0000, 0x002A, 0x002A, {0x01,0x00}, 0x0000,
			0.0f, {0x01,0x68}, 0x0000, 0x0000, 0x0000, 0x0000, 0x00C6, 0x0000,
			{0x00,0x00,0x00,0x00,0x00,0x00,0x00,0x00,0x00,0x00,0x00,0x00,0x00,0x00},
			0x04800022, 0x00000000
		},
		{
			{0x0A,0x02,0x57,0x40,0x00,0x00,0x00,0x00,0x00,0x00,0x00,0x00,0xFF,0xFF},
			0x0000, 0x0000, 0x0000, -1, 0x0000, 0x002A, 0x002A, {0x01,0x00}, 0x0000,
			0.0f, {0x00,0x00}, 0x0000, 0x0000, 0x0000, 0x0000, 0x0000, 0x0000,
			{0x00,0x00,0x00,0x00,0x00,0x00,0x00,0x00,0x00,0x00,0x00,0x00,0x00,0x00},
			0x00000020, 0x00000000
		},
		{
			{0x0A,0x02,0x56,0x78,0x00,0x00,0x00,0x00,0x00,0x00,0x00,0x00,0x00,0x01},
			0x0000, 0x0000, 0x0000, 0x00CF, 0x0000, 0x0044, 0x002D, {0x01,0x00}, 0x0000,
			0.0f, {0x01,0x68}, 0x0000, 0x0000, 0x0000, 0x0000, 0x0000, 0x0000,
			{0x00,0x00,0x00,0x00,0x00,0x00,0x00,0x00,0x00,0x00,0x00,0x00,0x00,0x00},
			0x60100020, 0x00000000
		},
		{
			{0x0A,0x02,0x56,0x30,0x00,0x00,0x00,0x00,0x00,0x00,0x00,0x00,0x00,0x01},
			0x0000, 0x0000, 0x0000, -1, 0x0000, 0x005A, 0x002D, {0x01,0x00}, 0x0001,
			-3.0f, {0x01,0x68}, 0x0000, 0x0000, 0x0000, 0x0000, 0x00A1, 0x0000,
			{0x00,0x00,0x00,0x00,0x00,0x00,0x00,0x00,0x00,0x00,0x00,0x00,0x00,0x00},
			0x60140320, 0x00000000
		},
		{
			{0x0A,0x02,0x57,0xC0,0x00,0x00,0x00,0x00,0x00,0x00,0x00,0x00,0xFF,0xFF},
			0x0000, 0x0000, 0x0000, -1, 0x0000, 0x0063, 0x0023, {0x01,0x00}, 0x0000,
			0.0f, {0x01,0x68}, 0x0000, 0x0000, 0x0000, 0x0000, 0x0000, 0x0000,
			{0x00,0x00,0x00,0x00,0x00,0x00,0x00,0x00,0x00,0x00,0x00,0x00,0x00,0x00},
			0x00000020, 0x00000000
		},
		{
			{0x0A,0x02,0x58,0x28,0x00,0x00,0x00,0x00,0x00,0x00,0x00,0x00,0xFF,0xFF},
			0x0000, 0x0000, 0x0000, 0x013B, 0x0000, 0x0035, 0x0014, {0x01,0x00}, 0x0014,
			-3.0f, {0x00,0x00}, 0x0000, 0x0000, 0x0000, 0x0000, 0x0055, -54,
			{0x00,0x00,0x00,0x35,0x00,0x00,0x00,0x00,0x00,0x00,0x00,0x00,0x00,0x00},
			0x00008324, 0x00000000
		},
		{
			{0x0A,0x02,0x56,0x98,0x00,0x00,0x00,0x00,0x00,0x00,0x00,0x00,0xFF,0xFF},
			0x0000, 0x0000, 0x0000, -1, 0x0000, 0x004E, 0x0028, {0x01,0x00}, 0x0000,
			0.0f, {0x00,0x00}, 0x0000, 0x0000, 0x0000, 0x0000, 0x0000, 0x0000,
			{0x00,0x00,0x00,0x00,0x00,0x00,0x00,0x00,0x00,0x00,0x00,0x00,0x00,0x00},
			0x00000020, 0x00000000
		},
		{
			{0x0A,0x02,0x55,0xD0,0x00,0x00,0x00,0x00,0x00,0x00,0x00,0x00,0xFF,0xFF},
			0x0000, 0x0000, 0x0000, -1, 0x0000, 0x0022, 0x0014, {0x01,0x00}, 0x001E,
			1.0f, {0x00,0x00}, 0x0000, 0x0000, 0x0000, 0x0000, 0x0000, 0x0000,
			{0x00,0x00,0x00,0x00,0x00,0x00,0x00,0x00,0x00,0x00,0x00,0x00,0x00,0x00},
			0x00000020, 0x00000000
		},
		{
			{0x0A,0x02,0x55,0xE0,0x00,0x00,0x00,0x00,0x00,0x00,0x00,0x00,0xFF,0xFF},
			0x0000, 0x0000, 0x0000, -1, 0x0000, 0x0060, 0x0060, {0x00,0x00}, 0x0000,
			0.0f, {0x00,0x00}, 0x0000, 0x0000, 0x0000, 0x0000, 0x0000, 0x0000,
			{0x00,0x00,0x00,0x1E,0x00,0x00,0x00,0x00,0x00,0x00,0x00,0x00,0x00,0x00},
			-2147418076, 0x00000004
		},
		{
			{0x0A,0x02,0x55,0xF0,0x0A,0x02,0x56,0x00,0x00,0x00,0x00,0x00,0xFF,0xFF},
			0x0000, 0x0000, 0x0000, 0x017A, 0x0000, 0x0044, 0x001D, {0x28,0x00}, 0x0000,
			0.0f, {0x00,0x00}, 0x0000, 0x0000, 0x0000, 0x0000, 0x0000, 0x0014,
			{0x00,0x00,0x00,0x44,0x00,0x00,0x00,0x00,0x00,0x00,0x00,0x00,0x00,0x00},
			0x08800024, 0x00000000
		},
		{
			{0x05,0x00,0xF5,0x98,0x00,0x00,0x00,0x00,0x00,0x00,0x00,0x00,0xFF,0xFF},
			0x0000, 0x0000, 0x0000, 0x013A, 0x0000, 0x0006, 0x0006, {0x28,0x00}, 0x0000,
			0.0f, {0x01,0x68}, 0x0000, 0x0000, 0x0000, 0x0000, 0x0000, 0x0000,
			{0x00,0x00,0x00,0x00,0x00,0x00,0x00,0x00,0x00,0x00,0x00,0x00,0x00,0x00},
			0x0000002A, 0x00000000
		},
		{
			{0x00,0x00,0x00,0x00,0x00,0x00,0x00,0x00,0x00,0x00,0x00,0x00,0xFF,0xFF},
			0x0000, 0x0000, 0x0000, -1, 0x0000, 0x0000, 0x0000, {0x00,0x00}, 0x0000,
			0.0f, {0x00,0x00}, 0x0000, 0x0000, 0x0000, 0x0000, 0x0000, 0x0000,
			{0x00,0x00,0x00,0x00,0x00,0x00,0x00,0x00,0x00,0x00,0x00,0x00,0x00,0x00},
			0x00000000, 0x00000000
		},
		{
			{0x0A,0x00,0x24,0xE8,0x00,0x00,0x00,0x00,0x00,0x00,0x00,0x00,0xFF,0xFF},
			0x0000, 0x0000, 0x0000, -1, 0x0000, 0x0060, 0x0008, {0x00,0x00}, 0x0023,
			2.0f, {0x00,0x00}, 0x0000, 0x0000, 0x0000, 0x0000, 0x0000, 0x0000,
			{0x00,0x00,0x00,0x00,0x00,0x00,0x00,0x00,0x00,0x00,0x00,0x00,0x00,0x00},
			0x00002020, 0x00000000
		},
		{
			{0x00,0x00,0x00,0x00,0x00,0x00,0x00,0x00,0x00,0x00,0x00,0x00,0xFF,0xFF},
			0x0000, 0x0000, 0x0000, -1, 0x0000, 0x000F, 0x000F, {0x01,0x00}, 0x0000,
			0.0f, {0x01,0x68}, 0x0000, 0x0000, 0x0000, 0x0000, 0x0000, 0x0000,
			{0x00,0x00,0x00,0x28,0x00,0x00,0x00,0x00,0x00,0x00,0x00,0x00,0x00,0x00},
			0x00000024, 0x00000000
		}
	},
	{	// ---- level 7 ----
		{
			{0x05,0x00,0xF6,0x68,0x00,0x00,0x00,0x00,0x00,0x00,0x00,0x00,0x00,0x01},
			0x0000, 0x000A, 0x0000, 0x00CF, 0x0000, 0x0042, 0x0024, {0x01,0x00}, 0x0000,
			0.0f, {0x00,0x00}, 0x0000, 0x0000, 0x0000, 0x0000, 0x0000, 0x0000,
			{0x00,0x00,0x00,0x42,0x00,0x00,0x00,0x00,0x00,0x00,0x00,0x00,0x00,0x00},
			0x201000EC, 0x00000008
		},
		{
			{0x05,0x00,0xF6,0x08,0x00,0x00,0x00,0x00,0x00,0x00,0x00,0x00,0x00,0x05},
			0x0000, 0x0023, 0x0000, -1, 0x0000, 0x0014, 0x0014, {0x01,0x00}, 0x0000,
			0.0f, {0x00,0xB4}, 0x0000, 0x0000, 0x0000, 0x0000, 0x0000, 0x0000,
			{0x00,0x00,0x00,0x00,0x00,0x00,0x00,0x00,0x00,0x00,0x00,0x00,0x00,0x00},
			0x00000020, 0x00000000
		},
		{
			{0x05,0x00,0xF6,0x18,0x00,0x00,0x00,0x00,0x00,0x00,0x00,0x00,0xFF,0xFF},
			0x0000, 0x0000, 0x0000, -1, 0x0000, 0x0016, 0x001F, {0x01,0x00}, 0x0000,
			0.0f, {0x01,0x68}, 0x0000, 0x0000, 0x0000, 0x0000, 0x0000, 0x0000,
			{0x00,0x00,0x00,0x00,0x00,0x00,0x00,0x00,0x00,0x00,0x00,0x00,0x00,0x00},
			0x00000020, 0x00000000
		},
		{
			{0x05,0x00,0xF5,0x20,0x00,0x00,0x00,0x00,0x00,0x00,0x00,0x00,0xFF,0xFF},
			0x0000, 0x0000, 0x0000, -1, 0x0000, 0x0028, 0x0005, {0x23,0x00}, 0x0000,
			0.0f, {0x00,0x00}, 0x0000, 0x0000, 0x0000, 0x0000, 0x0000, 0x0000,
			{0x00,0x00,0x00,0x28,0x00,0x00,0x00,0x00,0x00,0x00,0x00,0x00,0x00,0x00},
			0x02000022, 0x00000000
		},
		{
			{0x05,0x00,0xF5,0x88,0x00,0x00,0x00,0x00,0x00,0x00,0x00,0x00,0xFF,0xFF},
			0x0000, 0x0000, 0x0000, -1, 0x0000, 0x0046, 0x001E, {0x01,0x00}, 0x002D,
			-2.0f, {0x00,0x00}, 0x0000, 0x0000, 0x0000, -120, 0x0053, 0x0033,
			{0xFF,0xEE,0x00,0x15,0xFF,0xDF,0x00,0x14,0x05,0x15,0x00,0x00,0x00,0x00},
			0x00000120, 0x00000000
		},
		{
			{0x05,0x00,0xF6,0xB8,0x00,0x00,0x00,0x00,0x00,0x00,0x00,0x00,0xFF,0xFF},
			0x0000, 0x0000, 0x0000, -1, 0x0000, 0x005C, 0x0022, {0x01,0x00}, 0x0000,
			0.0f, {0x01,0x68}, 0x0000, 0x0000, 0x0000, 0x0000, 0x0000, 0x0000,
			{0x00,0x00,0x00,0x00,0x00,0x00,0x00,0x00,0x00,0x00,0x00,0x00,0x00,0x00},
			0x00000020, 0x00000000
		},
		{
			{0x05,0x00,0xF6,0x28,0x00,0x00,0x00,0x00,0x00,0x00,0x00,0x00,0xFF,0xFF},
			0x0000, 0x0000, 0x0000, -1, 0x0000, 0x005C, 0x0022, {0x01,0x00}, 0x0000,
			0.0f, {0x01,0x68}, 0x0000, 0x0000, 0x0000, 0x0000, 0x0000, 0x0000,
			{0x00,0x00,0x00,0x00,0x00,0x00,0x00,0x00,0x00,0x00,0x00,0x00,0x00,0x00},
			0x00000020, 0x00000000
		},
		{
			{0x05,0x00,0xF6,0x58,0x00,0x00,0x00,0x00,0x00,0x00,0x00,0x00,0x00,0x03},
			0x0000, 0x001A, 0x0000, 0x0133, 0x0000, 0x000C, 0x000C, {0x23,0x00}, 0x0000,
			0.0f, {0x01,0x68}, 0x0000, 0x0000, 0x0000, 0x0000, 0x0000, 0x0000,
			{0x00,0x00,0x00,0x00,0x00,0x00,0x00,0x00,0x00,0x00,0x00,0x00,0x00,0x00},
			0x200000FA, 0x00000001
		},
		{
			{0x05,0x00,0xF5,0x68,0x00,0x00,0x00,0x00,0x00,0x00,0x00,0x00,0x00,0x02},
			0x0000, 0x000F, 0x0000, 0x0133, 0x0000, 0x000A, 0x000A, {0x23,0x00}, 0x0000,
			0.0f, {0x01,0x68}, 0x0000, 0x0000, 0x0000, 0x0000, 0x0000, 0x0000,
			{0x00,0x00,0x00,0x00,0x00,0x00,0x00,0x00,0x00,0x00,0x00,0x00,0x00,0x00},
			0x200000FA, 0x00000000
		},
		{
			{0x05,0x00,0xF6,0x78,0x00,0x00,0x00,0x00,0x00,0x00,0x00,0x00,0xFF,0xFF},
			0x0000, 0x0000, 0x0000, 0x016C, 0x0000, 0x0038, 0x000A, {0x01,0x00}, 0x0000,
			0.0f, {0x00,0x00}, 0x0000, 0x0000, 0x0000, 0x0000, 0x0000, 0x0000,
			{0x00,0x00,0x00,0x28,0x00,0x00,0x00,0x00,0x00,0x00,0x00,0x00,0x00,0x00},
			0x02000024, 0x00000000
		},
		{
			{0x05,0x00,0xF6,0xC8,0x00,0x00,0x00,0x00,0x00,0x00,0x00,0x00,0xFF,0xFF},
			0x0000, 0x0000, 0x0000, 0x016C, 0x0000, 0x0060, 0x000F, {0x01,0x00}, 0x0000,
			0.0f, {0x00,0x00}, 0x0000, 0x0000, 0x0000, 0x0000, 0x0000, 0x0000,
			{0x00,0x00,0x00,0x46,0x00,0x00,0x00,0x00,0x00,0x00,0x00,0x00,0x00,0x00},
			0x02000024, 0x00000000
		},
		{
			{0x05,0x00,0xF6,0x88,0x00,0x00,0x00,0x00,0x00,0x00,0x00,0x00,0xFF,0xFF},
			0x0000, 0x0000, 0x0000, -1, 0x0000, 0x002E, 0x001A, {0x01,0x00}, 0x001E,
			3.0f, {0x00,0x00}, 0x0000, 0x0000, 0x0000, 0x0051, 0x0098, 0x0029,
			{0x00,0x00,0x00,0x2E,0x00,0x14,0x00,0x19,0x05,0x1C,0x00,0x00,0x00,0x00},
			0x00000120, 0x00000000
		},
		{
			{0x05,0x00,0xF5,0xD0,0x00,0x00,0x00,0x00,0x00,0x00,0x00,0x00,0xFF,0xFF},
			0x0000, 0x0000, 0x0000, 0x012C, 0x0000, 0x0022, 0x001A, {0x01,0x00}, 0x0019,
			2.0f, {0x00,0x00}, 0x0000, 0x0000, 0x0000, 0x0000, 0x007F, 0x0009,
			{0x00,0x00,0x00,0x22,0x00,0x00,0x00,0x0A,0x22,0x14,0x00,0x00,0x00,0x00},
			0x0040C124, 0x00000000
		},
		{
			{0x05,0x00,0xF5,0x40,0x00,0x00,0x00,0x00,0x00,0x00,0x00,0x00,0xFF,0xFF},
			0x0000, 0x0000, 0x0000, 0x013B, 0x0000, 0x0028, 0x0020, {0x01,0x00}, 0x0014,
			-3.0f, {0x00,0x00}, 0x0000, 0x0000, 0x0000, 0x0000, 0x004A, -61,
			{0x00,0x00,0x00,0x28,0x00,0x00,0x00,0x00,0x00,0x00,0x00,0x00,0x00,0x00},
			0x00008324, 0x00000000
		},
		{
			{0x05,0x00,0xF6,0xA8,0x00,0x00,0x00,0x00,0x00,0x00,0x00,0x00,0x00,0x05},
			0x0000, 0x001E, 0x0000, 0x0139, 0x0000, 0x001C, 0x001C, {0x01,0x00}, 0x0000,
			0.0f, {0x01,0x68}, 0x0000, 0x0000, 0x0000, 0x0000, 0x0000, 0x0000,
			{0x00,0x00,0x00,0x00,0x00,0x00,0x00,0x00,0x00,0x00,0x00,0x00,0x00,0x00},
			0x00000022, 0x00000000
		},
		{
			{0x05,0x00,0xF6,0x98,0x00,0x00,0x00,0x00,0x00,0x00,0x00,0x00,0xFF,0xFF},
			0x0000, 0x0000, 0x0000, -1, 0x0000, 0x0046, 0x0022, {0x01,0x00}, 0x0000,
			0.0f, {0x00,0x00}, 0x0000, 0x0000, 0x0000, 0x0000, 0x0000, 0x0000,
			{0x00,0x00,0x00,0x00,0x00,0x00,0x00,0x00,0x00,0x00,0x00,0x00,0x00,0x00},
			0x00000020, 0x00000000
		},
		{
			{0x05,0x00,0xF6,0x48,0x00,0x00,0x00,0x00,0x00,0x00,0x00,0x00,0xFF,0xFF},
			0x0000, 0x0000, 0x0000, -1, 0x0000, 0x0042, 0x001C, {0x01,0x00}, 0x0000,
			0.0f, {0x00,0x00}, 0x0000, 0x0000, 0x0000, 0x0000, 0x0000, 0x0000,
			{0x00,0x00,0x00,0x00,0x00,0x00,0x00,0x00,0x00,0x00,0x00,0x00,0x00,0x00},
			0x00000020, 0x00000000
		},
		{
			{0x05,0x00,0xF6,0x38,0x00,0x00,0x00,0x00,0x00,0x00,0x00,0x00,0xFF,0xFF},
			0x0000, 0x0000, 0x0000, -1, 0x0000, 0x0006, 0x0006, {0x01,0x00}, 0x0000,
			0.0f, {0x00,0x00}, 0x0000, 0x0000, 0x0000, 0x0000, 0x0000, 0x0000,
			{0x00,0x00,0x00,0x00,0x00,0x00,0x00,0x00,0x00,0x00,0x00,0x00,0x00,0x00},
			0x00000020, 0x00000000
		},
		{
			{0x0A,0x02,0x57,0xD0,0x00,0x00,0x00,0x00,0x00,0x00,0x00,0x00,0xFF,0xFF},
			0x0000, 0x0000, 0x0000, -1, 0x0000, 0x0024, 0x000A, {0x28,0x00}, 0x0000,
			0.0f, {0x00,0x00}, 0x0000, 0x0000, 0x0000, 0x0000, 0x0000, 0x0000,
			{0x00,0x00,0x00,0x00,0x00,0x00,0x00,0x00,0x00,0x00,0x00,0x00,0x00,0x00},
			0x00000020, 0x00000000
		},
		{
			{0x0A,0x02,0x57,0x60,0x00,0x00,0x00,0x00,0x00,0x00,0x00,0x00,0xFF,0xFF},
			0x0000, 0x0000, 0x0000, 0x012C, 0x0000, 0x0054, 0x0024, {0x01,0x00}, 0x0019,
			2.0f, {0x00,0x00}, 0x0000, 0x0000, 0x0000, 0x0062, 0x007C, 0x001F,
			{0x00,0x0A,0x00,0x24,0x00,0x11,0x00,0x16,0x1E,0x1E,0x00,0x00,0x00,0x00},
			0x00000120, 0x00000000
		},
		{
			{0x0A,0x02,0x58,0x50,0x00,0x00,0x00,0x00,0x00,0x00,0x00,0x00,0xFF,0xFF},
			0x0000, 0x0000, 0x0000, -1, 0x0000, 0x0028, 0x001E, {0x01,0x00}, 0x0000,
			0.0f, {0x00,0x00}, 0x0000, 0x0000, 0x0000, 0x0000, 0x0000, 0x0000,
			{0x00,0x00,0x00,0x00,0x00,0x00,0x00,0x00,0x00,0x00,0x00,0x00,0x00,0x00},
			0x00000020, 0x00000000
		},
		{
			{0x0A,0x02,0x58,0x18,0x00,0x00,0x00,0x00,0x00,0x00,0x00,0x00,0xFF,0xFF},
			0x0000, 0x0000, 0x0000, -1, 0x0000, 0x001A, 0x001A, {0x01,0x00}, 0x0000,
			0.0f, {0x00,0x00}, 0x0000, 0x0000, 0x0000, 0x0000, 0x0000, 0x0000,
			{0x00,0x00,0x00,0x00,0x00,0x00,0x00,0x00,0x00,0x00,0x00,0x00,0x00,0x00},
			0x00000020, 0x00000000
		},
		{
			{0x0A,0x02,0x57,0x50,0x00,0x00,0x00,0x00,0x00,0x00,0x00,0x00,0xFF,0xFF},
			0x0000, 0x0000, 0x0000, -1, 0x0000, 0x0044, 0x000A, {0x23,0x00}, 0x0000,
			0.0f, {0x00,0x00}, 0x0000, 0x0000, 0x0000, 0x0000, 0x0000, 0x0000,
			{0x00,0x00,0x00,0x00,0x00,0x00,0x00,0x00,0x00,0x00,0x00,0x00,0x00,0x00},
			0x00000020, 0x00000000
		},
		{
			{0x0A,0x02,0x58,0x28,0x00,0x00,0x00,0x00,0x00,0x00,0x00,0x00,0xFF,0xFF},
			0x0000, 0x0000, 0x0000, 0x013B, 0x0000, 0x0035, 0x0014, {0x01,0x00}, 0x0014,
			-3.0f, {0x00,0x00}, 0x0000, 0x0000, 0x0000, 0x0000, 0x0055, -54,
			{0x00,0x00,0x00,0x35,0x00,0x00,0x00,0x00,0x00,0x00,0x00,0x00,0x00,0x00},
			0x00008324, 0x00000000
		},
		{
			{0x0A,0x02,0x56,0x58,0x00,0x00,0x00,0x00,0x00,0x00,0x00,0x00,0xFF,0xFF},
			0x0000, 0x0000, 0x0000, -1, 0x0000, 0x000A, 0x000A, {0x23,0x00}, 0x0000,
			0.0f, {0x00,0x00}, 0x0000, 0x0000, 0x0000, 0x0000, 0x0000, 0x0000,
			{0x00,0x00,0x00,0x00,0x00,0x00,0x00,0x00,0x00,0x00,0x00,0x00,0x00,0x00},
			0x00000020, 0x00000000
		},
		{
			{0x0A,0x02,0x56,0xB8,0x00,0x00,0x00,0x00,0x00,0x00,0x00,0x00,0xFF,0xFF},
			0x0000, 0x0000, 0x0000, -1, 0x0000, 0x0055, 0x001A, {0x23,0x00}, 0x0000,
			0.0f, {0x00,0x00}, 0x0000, 0x0000, 0x0000, 0x0000, 0x0000, 0x0000,
			{0x00,0x00,0x00,0x00,0x00,0x00,0x00,0x00,0x00,0x00,0x00,0x00,0x00,0x00},
			0x00000020, 0x00000000
		},
		{
			{0x0A,0x02,0x56,0xD8,0x00,0x00,0x00,0x00,0x00,0x00,0x00,0x00,0xFF,0xFF},
			0x0000, 0x0000, 0x0000, -1, 0x0000, 0x0060, 0x0060, {0x00,0x00}, 0x0000,
			0.0f, {0x00,0x00}, 0x0000, 0x0000, 0x0000, 0x0000, 0x0000, 0x0000,
			{0x00,0x00,0x00,0x5A,0x00,0x00,0x00,0x00,0x00,0x00,0x00,0x00,0x00,0x00},
			-2147418076, 0x00000004
		},
		{
			{0x0A,0x02,0x56,0xC8,0x00,0x00,0x00,0x00,0x00,0x00,0x00,0x00,0xFF,0xFF},
			0x0000, 0x0000, 0x0000, -1, 0x0000, 0x0060, 0x0060, {0x00,0x00}, 0x0000,
			0.0f, {0x00,0x00}, 0x0000, 0x0000, 0x0000, 0x0000, 0x0000, 0x0000,
			{0x00,0x00,0x00,0x5A,0x00,0x00,0x00,0x00,0x00,0x00,0x00,0x00,0x00,0x00},
			-2147418076, 0x00000004
		},
		{
			{0x05,0x00,0xF5,0x98,0x00,0x00,0x00,0x00,0x00,0x00,0x00,0x00,0xFF,0xFF},
			0x0000, 0x0000, 0x0000, 0x013A, 0x0000, 0x0006, 0x0006, {0x28,0x00}, 0x0000,
			0.0f, {0x01,0x68}, 0x0000, 0x0000, 0x0000, 0x0000, 0x0000, 0x0000,
			{0x00,0x00,0x00,0x00,0x00,0x00,0x00,0x00,0x00,0x00,0x00,0x00,0x00,0x00},
			0x0000002A, 0x00000000
		},
		{
			{0x00,0x00,0x00,0x00,0x00,0x00,0x00,0x00,0x00,0x00,0x00,0x00,0xFF,0xFF},
			0x0000, 0x0000, 0x0000, -1, 0x0000, 0x0000, 0x0000, {0x00,0x00}, 0x0000,
			0.0f, {0x00,0x00}, 0x0000, 0x0000, 0x0000, 0x0000, 0x0000, 0x0000,
			{0x00,0x00,0x00,0x00,0x00,0x00,0x00,0x00,0x00,0x00,0x00,0x00,0x00,0x00},
			0x00000000, 0x00000000
		},
		{
			{0x0A,0x00,0x24,0xE8,0x00,0x00,0x00,0x00,0x00,0x00,0x00,0x00,0xFF,0xFF},
			0x0000, 0x0000, 0x0000, -1, 0x0000, 0x0060, 0x0008, {0x00,0x00}, 0x0023,
			2.0f, {0x00,0x00}, 0x0000, 0x0000, 0x0000, 0x0000, 0x0000, 0x0000,
			{0x00,0x00,0x00,0x00,0x00,0x00,0x00,0x00,0x00,0x00,0x00,0x00,0x00,0x00},
			0x00002020, 0x00000000
		},
		{
			{0x00,0x00,0x00,0x00,0x00,0x00,0x00,0x00,0x00,0x00,0x00,0x00,0xFF,0xFF},
			0x0000, 0x0000, 0x0000, -1, 0x0000, 0x000F, 0x000F, {0x01,0x00}, 0x0000,
			0.0f, {0x01,0x68}, 0x0000, 0x0000, 0x0000, 0x0000, 0x0000, 0x0000,
			{0x00,0x00,0x00,0x28,0x00,0x00,0x00,0x00,0x00,0x00,0x00,0x00,0x00,0x00},
			0x00000024, 0x00000000
		}
	},
	{	// ---- level 8 ----
		{
			{0x05,0x00,0xF6,0x68,0x00,0x00,0x00,0x00,0x00,0x00,0x00,0x00,0x00,0x01},
			0x0000, 0x000A, 0x0000, 0x00CF, 0x0000, 0x0042, 0x0024, {0x01,0x00}, 0x0000,
			0.0f, {0x00,0x00}, 0x0000, 0x0000, 0x0000, 0x0000, 0x0000, 0x0000,
			{0x00,0x00,0x00,0x42,0x00,0x00,0x00,0x00,0x00,0x00,0x00,0x00,0x00,0x00},
			0x201000EC, 0x00000008
		},
		{
			{0x05,0x00,0xF6,0x08,0x00,0x00,0x00,0x00,0x00,0x00,0x00,0x00,0x00,0x05},
			0x0000, 0x0023, 0x0000, -1, 0x0000, 0x0014, 0x0014, {0x01,0x00}, 0x0000,
			0.0f, {0x00,0xB4}, 0x0000, 0x0000, 0x0000, 0x0000, 0x0000, 0x0000,
			{0x00,0x00,0x00,0x00,0x00,0x00,0x00,0x00,0x00,0x00,0x00,0x00,0x00,0x00},
			0x00000020, 0x00000000
		},
		{
			{0x05,0x00,0xF6,0x18,0x00,0x00,0x00,0x00,0x00,0x00,0x00,0x00,0xFF,0xFF},
			0x0000, 0x0000, 0x0000, -1, 0x0000, 0x0016, 0x001F, {0x01,0x00}, 0x0000,
			0.0f, {0x01,0x68}, 0x0000, 0x0000, 0x0000, 0x0000, 0x0000, 0x0000,
			{0x00,0x00,0x00,0x00,0x00,0x00,0x00,0x00,0x00,0x00,0x00,0x00,0x00,0x00},
			0x00000020, 0x00000000
		},
		{
			{0x05,0x00,0xF5,0x20,0x00,0x00,0x00,0x00,0x00,0x00,0x00,0x00,0xFF,0xFF},
			0x0000, 0x0000, 0x0000, -1, 0x0000, 0x0028, 0x0005, {0x23,0x00}, 0x0000,
			0.0f, {0x00,0x00}, 0x0000, 0x0000, 0x0000, 0x0000, 0x0000, 0x0000,
			{0x00,0x00,0x00,0x28,0x00,0x00,0x00,0x00,0x00,0x00,0x00,0x00,0x00,0x00},
			0x02000022, 0x00000000
		},
		{
			{0x05,0x00,0xF5,0x88,0x00,0x00,0x00,0x00,0x00,0x00,0x00,0x00,0xFF,0xFF},
			0x0000, 0x0000, 0x0000, -1, 0x0000, 0x0046, 0x001E, {0x01,0x00}, 0x002D,
			-2.0f, {0x00,0x00}, 0x0000, 0x0000, 0x0000, -120, 0x0053, 0x0033,
			{0xFF,0xEE,0x00,0x15,0xFF,0xDF,0x00,0x14,0x05,0x15,0x00,0x00,0x00,0x00},
			0x00000120, 0x00000000
		},
		{
			{0x05,0x00,0xF6,0xB8,0x00,0x00,0x00,0x00,0x00,0x00,0x00,0x00,0xFF,0xFF},
			0x0000, 0x0000, 0x0000, -1, 0x0000, 0x005C, 0x0022, {0x01,0x00}, 0x0000,
			0.0f, {0x01,0x68}, 0x0000, 0x0000, 0x0000, 0x0000, 0x0000, 0x0000,
			{0x00,0x00,0x00,0x00,0x00,0x00,0x00,0x00,0x00,0x00,0x00,0x00,0x00,0x00},
			0x00000020, 0x00000000
		},
		{
			{0x05,0x00,0xF6,0x28,0x00,0x00,0x00,0x00,0x00,0x00,0x00,0x00,0xFF,0xFF},
			0x0000, 0x0000, 0x0000, -1, 0x0000, 0x005C, 0x0022, {0x01,0x00}, 0x0000,
			0.0f, {0x01,0x68}, 0x0000, 0x0000, 0x0000, 0x0000, 0x0000, 0x0000,
			{0x00,0x00,0x00,0x00,0x00,0x00,0x00,0x00,0x00,0x00,0x00,0x00,0x00,0x00},
			0x00000020, 0x00000000
		},
		{
			{0x05,0x00,0xF6,0x58,0x00,0x00,0x00,0x00,0x00,0x00,0x00,0x00,0x00,0x03},
			0x0000, 0x001A, 0x0000, 0x0133, 0x0000, 0x000C, 0x000C, {0x23,0x00}, 0x0000,
			0.0f, {0x01,0x68}, 0x0000, 0x0000, 0x0000, 0x0000, 0x0000, 0x0000,
			{0x00,0x00,0x00,0x00,0x00,0x00,0x00,0x00,0x00,0x00,0x00,0x00,0x00,0x00},
			0x200000FA, 0x00000001
		},
		{
			{0x05,0x00,0xF5,0x68,0x00,0x00,0x00,0x00,0x00,0x00,0x00,0x00,0x00,0x02},
			0x0000, 0x000F, 0x0000, 0x0133, 0x0000, 0x000A, 0x000A, {0x23,0x00}, 0x0000,
			0.0f, {0x01,0x68}, 0x0000, 0x0000, 0x0000, 0x0000, 0x0000, 0x0000,
			{0x00,0x00,0x00,0x00,0x00,0x00,0x00,0x00,0x00,0x00,0x00,0x00,0x00,0x00},
			0x200000FA, 0x00000000
		},
		{
			{0x05,0x00,0xF6,0x78,0x00,0x00,0x00,0x00,0x00,0x00,0x00,0x00,0xFF,0xFF},
			0x0000, 0x0000, 0x0000, 0x016C, 0x0000, 0x0038, 0x000A, {0x01,0x00}, 0x0000,
			0.0f, {0x00,0x00}, 0x0000, 0x0000, 0x0000, 0x0000, 0x0000, 0x0000,
			{0x00,0x00,0x00,0x28,0x00,0x00,0x00,0x00,0x00,0x00,0x00,0x00,0x00,0x00},
			0x02000024, 0x00000000
		},
		{
			{0x05,0x00,0xF6,0xC8,0x00,0x00,0x00,0x00,0x00,0x00,0x00,0x00,0xFF,0xFF},
			0x0000, 0x0000, 0x0000, 0x016C, 0x0000, 0x0060, 0x000F, {0x01,0x00}, 0x0000,
			0.0f, {0x00,0x00}, 0x0000, 0x0000, 0x0000, 0x0000, 0x0000, 0x0000,
			{0x00,0x00,0x00,0x46,0x00,0x00,0x00,0x00,0x00,0x00,0x00,0x00,0x00,0x00},
			0x02000024, 0x00000000
		},
		{
			{0x05,0x00,0xF6,0x88,0x00,0x00,0x00,0x00,0x00,0x00,0x00,0x00,0xFF,0xFF},
			0x0000, 0x0000, 0x0000, -1, 0x0000, 0x002E, 0x001A, {0x01,0x00}, 0x001E,
			3.0f, {0x00,0x00}, 0x0000, 0x0000, 0x0000, 0x0051, 0x0098, 0x0029,
			{0x00,0x00,0x00,0x2E,0x00,0x14,0x00,0x19,0x05,0x1C,0x00,0x00,0x00,0x00},
			0x00000120, 0x00000000
		},
		{
			{0x05,0x00,0xF5,0xD0,0x00,0x00,0x00,0x00,0x00,0x00,0x00,0x00,0xFF,0xFF},
			0x0000, 0x0000, 0x0000, 0x012C, 0x0000, 0x0022, 0x001A, {0x01,0x00}, 0x0019,
			2.0f, {0x00,0x00}, 0x0000, 0x0000, 0x0000, 0x0000, 0x007F, 0x0009,
			{0x00,0x00,0x00,0x22,0x00,0x00,0x00,0x0A,0x22,0x14,0x00,0x00,0x00,0x00},
			0x0040C124, 0x00000000
		},
		{
			{0x05,0x00,0xF5,0x40,0x00,0x00,0x00,0x00,0x00,0x00,0x00,0x00,0xFF,0xFF},
			0x0000, 0x0000, 0x0000, 0x013B, 0x0000, 0x0028, 0x0020, {0x01,0x00}, 0x0014,
			-3.0f, {0x00,0x00}, 0x0000, 0x0000, 0x0000, 0x0000, 0x004A, -61,
			{0x00,0x00,0x00,0x28,0x00,0x00,0x00,0x00,0x00,0x00,0x00,0x00,0x00,0x00},
			0x00008324, 0x00000000
		},
		{
			{0x05,0x00,0xF6,0xA8,0x00,0x00,0x00,0x00,0x00,0x00,0x00,0x00,0x00,0x05},
			0x0000, 0x001E, 0x0000, 0x0139, 0x0000, 0x001C, 0x001C, {0x01,0x00}, 0x0000,
			0.0f, {0x01,0x68}, 0x0000, 0x0000, 0x0000, 0x0000, 0x0000, 0x0000,
			{0x00,0x00,0x00,0x00,0x00,0x00,0x00,0x00,0x00,0x00,0x00,0x00,0x00,0x00},
			0x00000022, 0x00000000
		},
		{
			{0x05,0x00,0xF6,0x98,0x00,0x00,0x00,0x00,0x00,0x00,0x00,0x00,0xFF,0xFF},
			0x0000, 0x0000, 0x0000, -1, 0x0000, 0x0046, 0x0022, {0x01,0x00}, 0x0000,
			0.0f, {0x00,0x00}, 0x0000, 0x0000, 0x0000, 0x0000, 0x0000, 0x0000,
			{0x00,0x00,0x00,0x00,0x00,0x00,0x00,0x00,0x00,0x00,0x00,0x00,0x00,0x00},
			0x00000020, 0x00000000
		},
		{
			{0x05,0x00,0xF6,0x48,0x00,0x00,0x00,0x00,0x00,0x00,0x00,0x00,0xFF,0xFF},
			0x0000, 0x0000, 0x0000, -1, 0x0000, 0x0042, 0x001C, {0x01,0x00}, 0x0000,
			0.0f, {0x00,0x00}, 0x0000, 0x0000, 0x0000, 0x0000, 0x0000, 0x0000,
			{0x00,0x00,0x00,0x00,0x00,0x00,0x00,0x00,0x00,0x00,0x00,0x00,0x00,0x00},
			0x00000020, 0x00000000
		},
		{
			{0x05,0x00,0xF6,0x38,0x00,0x00,0x00,0x00,0x00,0x00,0x00,0x00,0xFF,0xFF},
			0x0000, 0x0000, 0x0000, -1, 0x0000, 0x0006, 0x0006, {0x01,0x00}, 0x0000,
			0.0f, {0x00,0x00}, 0x0000, 0x0000, 0x0000, 0x0000, 0x0000, 0x0000,
			{0x00,0x00,0x00,0x00,0x00,0x00,0x00,0x00,0x00,0x00,0x00,0x00,0x00,0x00},
			0x00000020, 0x00000000
		},
		{
			{0x0A,0x02,0x58,0x80,0x00,0x00,0x00,0x00,0x00,0x00,0x00,0x00,0xFF,0xFF},
			0x0000, 0x0000, 0x0000, 0x016E, 0x0000, 0x000A, 0x000A, {0x01,0x00}, 0x0028,
			3.0f, {0x00,0xB4}, 0x0000, 0x0000, 0x0000, 0x0000, 0x0085, 0x0021,
			{0x00,0x00,0x00,0x00,0x00,0x00,0x00,0x00,0x00,0x00,0x00,0x00,0x00,0x00},
			0x00010922, 0x00000000
		},
		{
			{0x0A,0x02,0x57,0x60,0x00,0x00,0x00,0x00,0x00,0x00,0x00,0x00,0xFF,0xFF},
			0x0000, 0x0000, 0x0000, 0x012C, 0x0000, 0x0054, 0x0024, {0x01,0x00}, 0x0019,
			2.0f, {0x00,0x00}, 0x0000, 0x0000, 0x0000, 0x0062, 0x007C, 0x001F,
			{0x00,0x0A,0x00,0x24,0x00,0x11,0x00,0x16,0x1E,0x1E,0x00,0x00,0x00,0x00},
			0x00000120, 0x00000000
		},
		{
			{0x0A,0x02,0x58,0x50,0x00,0x00,0x00,0x00,0x00,0x00,0x00,0x00,0xFF,0xFF},
			0x0000, 0x0000, 0x0000, -1, 0x0000, 0x0028, 0x001E, {0x01,0x00}, 0x0000,
			0.0f, {0x00,0x00}, 0x0000, 0x0000, 0x0000, 0x0000, 0x0000, 0x0000,
			{0x00,0x00,0x00,0x00,0x00,0x00,0x00,0x00,0x00,0x00,0x00,0x00,0x00,0x00},
			0x00000020, 0x00000000
		},
		{
			{0x0A,0x02,0x58,0x18,0x00,0x00,0x00,0x00,0x00,0x00,0x00,0x00,0xFF,0xFF},
			0x0000, 0x0000, 0x0000, -1, 0x0000, 0x001A, 0x001A, {0x01,0x00}, 0x0000,
			0.0f, {0x00,0x00}, 0x0000, 0x0000, 0x0000, 0x0000, 0x0000, 0x0000,
			{0x00,0x00,0x00,0x00,0x00,0x00,0x00,0x00,0x00,0x00,0x00,0x00,0x00,0x00},
			0x00000020, 0x00000000
		},
		{
			{0x0A,0x02,0x57,0x88,0x00,0x00,0x00,0x00,0x00,0x00,0x00,0x00,0xFF,0xFF},
			0x0000, 0x0000, 0x0000, 0x016E, 0x0000, 0x0016, 0x0018, {0x01,0x00}, 0x0028,
			3.0f, {0x00,0x5A}, 0x0000, 0x0000, 0x0000, 0x0000, 0x006C, 0x001F,
			{0x00,0x00,0x00,0x00,0x00,0x00,0x00,0x00,0x00,0x00,0x00,0x00,0x00,0x00},
			0x00000922, 0x00000000
		},
		{
			{0x0A,0x02,0x58,0x28,0x00,0x00,0x00,0x00,0x00,0x00,0x00,0x00,0xFF,0xFF},
			0x0000, 0x0000, 0x0000, 0x013B, 0x0000, 0x0035, 0x0014, {0x01,0x00}, 0x0014,
			-3.0f, {0x00,0x5A}, 0x0000, 0x0000, 0x0000, 0x0000, 0x0055, -54,
			{0x00,0x00,0x00,0x35,0x00,0x00,0x00,0x00,0x00,0x00,0x00,0x00,0x00,0x00},
			0x00008324, 0x00000000
		},
		{
			{0x0A,0x02,0x56,0x58,0x00,0x00,0x00,0x00,0x00,0x00,0x00,0x00,0xFF,0xFF},
			0x0000, 0x0000, 0x0000, -1, 0x0000, 0x000A, 0x000A, {0x23,0x00}, 0x0000,
			0.0f, {0x00,0x00}, 0x0000, 0x0000, 0x0000, 0x0000, 0x0000, 0x0000,
			{0x00,0x00,0x00,0x00,0x00,0x00,0x00,0x00,0x00,0x00,0x00,0x00,0x00,0x00},
			0x00000020, 0x00000000
		},
		{
			{0x0A,0x02,0x56,0xB8,0x00,0x00,0x00,0x00,0x00,0x00,0x00,0x00,0xFF,0xFF},
			0x0000, 0x0000, 0x0000, -1, 0x0000, 0x0055, 0x001A, {0x23,0x00}, 0x0000,
			0.0f, {0x00,0x00}, 0x0000, 0x0000, 0x0000, 0x0000, 0x0000, 0x0000,
			{0x00,0x00,0x00,0x00,0x00,0x00,0x00,0x00,0x00,0x00,0x00,0x00,0x00,0x00},
			0x00000020, 0x00000000
		},
		{
			{0x0A,0x02,0x57,0xF0,0x00,0x00,0x00,0x00,0x00,0x00,0x00,0x00,0xFF,0xFF},
			0x0000, 0x0000, 0x0000, -1, 0x0000, 0x001C, 0x0015, {0x01,0x00}, 0x0000,
			0.0f, {0x00,0x00}, 0x0000, 0x0000, 0x0000, 0x0038, 0x008D, 0x0029,
			{0x00,0x00,0x00,0x00,0x00,0x00,0x00,0x00,0x00,0x00,0x00,0x00,0x00,0x00},
			0x00000120, 0x00000000
		},
		{
			{0x0A,0x02,0x56,0x10,0x00,0x00,0x00,0x00,0x00,0x00,0x00,0x00,0x00,0x07},
			0x0000, 0x0023, 0x001E, 0x0170, 0x0000, 0x001C, 0x0039, {0x01,0x00}, 0x0000,
			0.0f, {0x00,0x00}, 0x0000, 0x0000, 0x0000, 0x0000, 0x0000, 0x0000,
			{0x00,0x00,0x00,0x00,0x00,0x00,0x00,0x00,0x00,0x00,0x00,0x00,0x00,0x00},
			0x20100020, 0x00000000
		},
		{
			{0x05,0x00,0xF5,0x98,0x00,0x00,0x00,0x00,0x00,0x00,0x00,0x00,0xFF,0xFF},
			0x0000, 0x0000, 0x0000, 0x013A, 0x0000, 0x0006, 0x0006, {0x28,0x00}, 0x0000,
			0.0f, {0x01,0x68}, 0x0000, 0x0000, 0x0000, 0x0000, 0x0000, 0x0000,
			{0x00,0x00,0x00,0x00,0x00,0x00,0x00,0x00,0x00,0x00,0x00,0x00,0x00,0x00},
			0x0000002A, 0x00000000
		},
		{
			{0x00,0x00,0x00,0x00,0x00,0x00,0x00,0x00,0x00,0x00,0x00,0x00,0xFF,0xFF},
			0x0000, 0x0000, 0x0000, -1, 0x0000, 0x0000, 0x0000, {0x00,0x00}, 0x0000,
			0.0f, {0x00,0x00}, 0x0000, 0x0000, 0x0000, 0x0000, 0x0000, 0x0000,
			{0x00,0x00,0x00,0x00,0x00,0x00,0x00,0x00,0x00,0x00,0x00,0x00,0x00,0x00},
			0x00000000, 0x00000000
		},
		{
			{0x0A,0x00,0x24,0xE8,0x00,0x00,0x00,0x00,0x00,0x00,0x00,0x00,0xFF,0xFF},
			0x0000, 0x0000, 0x0000, -1, 0x0000, 0x0060, 0x0008, {0x00,0x00}, 0x0023,
			2.0f, {0x00,0x00}, 0x0000, 0x0000, 0x0000, 0x0000, 0x0000, 0x0000,
			{0x00,0x00,0x00,0x00,0x00,0x00,0x00,0x00,0x00,0x00,0x00,0x00,0x00,0x00},
			0x00002020, 0x00000000
		},
		{
			{0x00,0x00,0x00,0x00,0x00,0x00,0x00,0x00,0x00,0x00,0x00,0x00,0xFF,0xFF},
			0x0000, 0x0000, 0x0000, -1, 0x0000, 0x000F, 0x000F, {0x01,0x00}, 0x0000,
			0.0f, {0x01,0x68}, 0x0000, 0x0000, 0x0000, 0x0000, 0x0000, 0x0000,
			{0x00,0x00,0x00,0x28,0x00,0x00,0x00,0x00,0x00,0x00,0x00,0x00,0x00,0x00},
			0x00000024, 0x00000000
		}
	},
	{	// ---- level 9 ----
		{
			{0x05,0x00,0xF6,0x68,0x00,0x00,0x00,0x00,0x00,0x00,0x00,0x00,0x00,0x01},
			0x0000, 0x000A, 0x0000, 0x00CF, 0x0000, 0x0042, 0x0024, {0x01,0x00}, 0x0000,
			0.0f, {0x00,0x00}, 0x0000, 0x0000, 0x0000, 0x0000, 0x0000, 0x0000,
			{0x00,0x00,0x00,0x42,0x00,0x00,0x00,0x00,0x00,0x00,0x00,0x00,0x00,0x00},
			0x201000EC, 0x00000008
		},
		{
			{0x05,0x00,0xF6,0x08,0x00,0x00,0x00,0x00,0x00,0x00,0x00,0x00,0x00,0x05},
			0x0000, 0x0023, 0x0000, -1, 0x0000, 0x0014, 0x0014, {0x01,0x00}, 0x0000,
			0.0f, {0x00,0xB4}, 0x0000, 0x0000, 0x0000, 0x0000, 0x0000, 0x0000,
			{0x00,0x00,0x00,0x00,0x00,0x00,0x00,0x00,0x00,0x00,0x00,0x00,0x00,0x00},
			0x00000020, 0x00000000
		},
		{
			{0x05,0x00,0xF6,0x18,0x00,0x00,0x00,0x00,0x00,0x00,0x00,0x00,0xFF,0xFF},
			0x0000, 0x0000, 0x0000, -1, 0x0000, 0x0016, 0x001F, {0x01,0x00}, 0x0000,
			0.0f, {0x01,0x68}, 0x0000, 0x0000, 0x0000, 0x0000, 0x0000, 0x0000,
			{0x00,0x00,0x00,0x00,0x00,0x00,0x00,0x00,0x00,0x00,0x00,0x00,0x00,0x00},
			0x00000020, 0x00000000
		},
		{
			{0x05,0x00,0xF5,0x20,0x00,0x00,0x00,0x00,0x00,0x00,0x00,0x00,0xFF,0xFF},
			0x0000, 0x0000, 0x0000, -1, 0x0000, 0x0028, 0x0005, {0x23,0x00}, 0x0000,
			0.0f, {0x00,0x00}, 0x0000, 0x0000, 0x0000, 0x0000, 0x0000, 0x0000,
			{0x00,0x00,0x00,0x28,0x00,0x00,0x00,0x00,0x00,0x00,0x00,0x00,0x00,0x00},
			0x02000022, 0x00000000
		},
		{
			{0x05,0x00,0xF5,0x88,0x00,0x00,0x00,0x00,0x00,0x00,0x00,0x00,0xFF,0xFF},
			0x0000, 0x0000, 0x0000, -1, 0x0000, 0x0046, 0x001E, {0x01,0x00}, 0x002D,
			-2.0f, {0x00,0x00}, 0x0000, 0x0000, 0x0000, -120, 0x0053, 0x0033,
			{0xFF,0xEE,0x00,0x15,0xFF,0xDF,0x00,0x14,0x05,0x15,0x00,0x00,0x00,0x00},
			0x00000120, 0x00000000
		},
		{
			{0x05,0x00,0xF6,0xB8,0x00,0x00,0x00,0x00,0x00,0x00,0x00,0x00,0xFF,0xFF},
			0x0000, 0x0000, 0x0000, -1, 0x0000, 0x005C, 0x0022, {0x01,0x00}, 0x0000,
			0.0f, {0x01,0x68}, 0x0000, 0x0000, 0x0000, 0x0000, 0x0000, 0x0000,
			{0x00,0x00,0x00,0x00,0x00,0x00,0x00,0x00,0x00,0x00,0x00,0x00,0x00,0x00},
			0x00000020, 0x00000000
		},
		{
			{0x05,0x00,0xF6,0x28,0x00,0x00,0x00,0x00,0x00,0x00,0x00,0x00,0xFF,0xFF},
			0x0000, 0x0000, 0x0000, -1, 0x0000, 0x005C, 0x0022, {0x01,0x00}, 0x0000,
			0.0f, {0x01,0x68}, 0x0000, 0x0000, 0x0000, 0x0000, 0x0000, 0x0000,
			{0x00,0x00,0x00,0x00,0x00,0x00,0x00,0x00,0x00,0x00,0x00,0x00,0x00,0x00},
			0x00000020, 0x00000000
		},
		{
			{0x05,0x00,0xF6,0x58,0x00,0x00,0x00,0x00,0x00,0x00,0x00,0x00,0x00,0x03},
			0x0000, 0x001A, 0x0000, 0x0133, 0x0000, 0x000C, 0x000C, {0x23,0x00}, 0x0000,
			0.0f, {0x01,0x68}, 0x0000, 0x0000, 0x0000, 0x0000, 0x0000, 0x0000,
			{0x00,0x00,0x00,0x00,0x00,0x00,0x00,0x00,0x00,0x00,0x00,0x00,0x00,0x00},
			0x200000FA, 0x00000001
		},
		{
			{0x05,0x00,0xF5,0x68,0x00,0x00,0x00,0x00,0x00,0x00,0x00,0x00,0x00,0x02},
			0x0000, 0x000F, 0x0000, 0x0133, 0x0000, 0x000A, 0x000A, {0x23,0x00}, 0x0000,
			0.0f, {0x01,0x68}, 0x0000, 0x0000, 0x0000, 0x0000, 0x0000, 0x0000,
			{0x00,0x00,0x00,0x00,0x00,0x00,0x00,0x00,0x00,0x00,0x00,0x00,0x00,0x00},
			0x200000FA, 0x00000000
		},
		{
			{0x05,0x00,0xF6,0x78,0x00,0x00,0x00,0x00,0x00,0x00,0x00,0x00,0xFF,0xFF},
			0x0000, 0x0000, 0x0000, 0x016C, 0x0000, 0x0038, 0x000A, {0x01,0x00}, 0x0000,
			0.0f, {0x00,0x00}, 0x0000, 0x0000, 0x0000, 0x0000, 0x0000, 0x0000,
			{0x00,0x00,0x00,0x28,0x00,0x00,0x00,0x00,0x00,0x00,0x00,0x00,0x00,0x00},
			0x02000024, 0x00000000
		},
		{
			{0x05,0x00,0xF6,0xC8,0x00,0x00,0x00,0x00,0x00,0x00,0x00,0x00,0xFF,0xFF},
			0x0000, 0x0000, 0x0000, 0x016C, 0x0000, 0x0060, 0x000F, {0x01,0x00}, 0x0000,
			0.0f, {0x00,0x00}, 0x0000, 0x0000, 0x0000, 0x0000, 0x0000, 0x0000,
			{0x00,0x00,0x00,0x46,0x00,0x00,0x00,0x00,0x00,0x00,0x00,0x00,0x00,0x00},
			0x02000024, 0x00000000
		},
		{
			{0x05,0x00,0xF6,0x88,0x00,0x00,0x00,0x00,0x00,0x00,0x00,0x00,0xFF,0xFF},
			0x0000, 0x0000, 0x0000, -1, 0x0000, 0x002E, 0x001A, {0x01,0x00}, 0x001E,
			3.0f, {0x00,0x00}, 0x0000, 0x0000, 0x0000, 0x0051, 0x0098, 0x0029,
			{0x00,0x00,0x00,0x2E,0x00,0x14,0x00,0x19,0x05,0x1C,0x00,0x00,0x00,0x00},
			0x00000120, 0x00000000
		},
		{
			{0x05,0x00,0xF5,0xD0,0x00,0x00,0x00,0x00,0x00,0x00,0x00,0x00,0xFF,0xFF},
			0x0000, 0x0000, 0x0000, 0x012C, 0x0000, 0x0022, 0x001A, {0x01,0x00}, 0x0019,
			2.0f, {0x00,0x00}, 0x0000, 0x0000, 0x0000, 0x0000, 0x007F, 0x0009,
			{0x00,0x00,0x00,0x22,0x00,0x00,0x00,0x0A,0x22,0x14,0x00,0x00,0x00,0x00},
			0x0040C124, 0x00000000
		},
		{
			{0x05,0x00,0xF5,0x40,0x00,0x00,0x00,0x00,0x00,0x00,0x00,0x00,0xFF,0xFF},
			0x0000, 0x0000, 0x0000, 0x013B, 0x0000, 0x0028, 0x0020, {0x01,0x00}, 0x0014,
			-3.0f, {0x00,0x00}, 0x0000, 0x0000, 0x0000, 0x0000, 0x004A, -61,
			{0x00,0x00,0x00,0x28,0x00,0x00,0x00,0x00,0x00,0x00,0x00,0x00,0x00,0x00},
			0x00008324, 0x00000000
		},
		{
			{0x05,0x00,0xF6,0xA8,0x00,0x00,0x00,0x00,0x00,0x00,0x00,0x00,0x00,0x05},
			0x0000, 0x001E, 0x0000, 0x0139, 0x0000, 0x001C, 0x001C, {0x01,0x00}, 0x0000,
			0.0f, {0x01,0x68}, 0x0000, 0x0000, 0x0000, 0x0000, 0x0000, 0x0000,
			{0x00,0x00,0x00,0x00,0x00,0x00,0x00,0x00,0x00,0x00,0x00,0x00,0x00,0x00},
			0x00000022, 0x00000000
		},
		{
			{0x05,0x00,0xF6,0x98,0x00,0x00,0x00,0x00,0x00,0x00,0x00,0x00,0xFF,0xFF},
			0x0000, 0x0000, 0x0000, -1, 0x0000, 0x0046, 0x0022, {0x01,0x00}, 0x0000,
			0.0f, {0x00,0x00}, 0x0000, 0x0000, 0x0000, 0x0000, 0x0000, 0x0000,
			{0x00,0x00,0x00,0x00,0x00,0x00,0x00,0x00,0x00,0x00,0x00,0x00,0x00,0x00},
			0x00000020, 0x00000000
		},
		{
			{0x05,0x00,0xF6,0x48,0x00,0x00,0x00,0x00,0x00,0x00,0x00,0x00,0xFF,0xFF},
			0x0000, 0x0000, 0x0000, -1, 0x0000, 0x0042, 0x001C, {0x01,0x00}, 0x0000,
			0.0f, {0x00,0x00}, 0x0000, 0x0000, 0x0000, 0x0000, 0x0000, 0x0000,
			{0x00,0x00,0x00,0x00,0x00,0x00,0x00,0x00,0x00,0x00,0x00,0x00,0x00,0x00},
			0x00000020, 0x00000000
		},
		{
			{0x05,0x00,0xF6,0x38,0x00,0x00,0x00,0x00,0x00,0x00,0x00,0x00,0xFF,0xFF},
			0x0000, 0x0000, 0x0000, -1, 0x0000, 0x0006, 0x0006, {0x01,0x00}, 0x0000,
			0.0f, {0x00,0x00}, 0x0000, 0x0000, 0x0000, 0x0000, 0x0000, 0x0000,
			{0x00,0x00,0x00,0x00,0x00,0x00,0x00,0x00,0x00,0x00,0x00,0x00,0x00,0x00},
			0x00000020, 0x00000000
		},
		{
			{0x0A,0x02,0x57,0x40,0x0A,0x02,0x57,0xB0,0x00,0x00,0x00,0x00,0xFF,0xFF},
			0x0000, 0x0000, 0x0000, -1, 0x0000, 0x002A, 0x002A, {0x01,0x00}, 0x0000,
			0.0f, {0x00,0x5A}, 0x0000, 0x0000, 0x0000, 0x0000, 0x00C6, 0x0000,
			{0x00,0x00,0x00,0x00,0x00,0x00,0x00,0x00,0x00,0x00,0x00,0x00,0x00,0x00},
			0x04800022, 0x00000000
		},
		{
			{0x0A,0x02,0x57,0x40,0x00,0x00,0x00,0x00,0x00,0x00,0x00,0x00,0xFF,0xFF},
			0x0000, 0x0000, 0x0000, -1, 0x0000, 0x002A, 0x002A, {0x01,0x00}, 0x0000,
			0.0f, {0x00,0x00}, 0x0000, 0x0000, 0x0000, 0x0000, 0x0000, 0x0000,
			{0x00,0x00,0x00,0x00,0x00,0x00,0x00,0x00,0x00,0x00,0x00,0x00,0x00,0x00},
			0x00000020, 0x00000000
		},
		{
			{0x0A,0x02,0x56,0x78,0x00,0x00,0x00,0x00,0x00,0x00,0x00,0x00,0x00,0x01},
			0x0000, 0x0000, 0x0000, 0x0133, 0x0000, 0x0044, 0x002D, {0x01,0x00}, 0x0000,
			0.0f, {0x01,0x68}, 0x0000, 0x0000, 0x0000, 0x0000, 0x0000, 0x0000,
			{0x00,0x00,0x00,0x00,0x00,0x00,0x00,0x00,0x00,0x00,0x00,0x00,0x00,0x00},
			0x60000020, 0x00000000
		},
		{
			{0x0A,0x02,0x55,0xA8,0x00,0x00,0x00,0x00,0x00,0x00,0x00,0x00,0xFF,0xFF},
			0x0000, 0x0000, 0x0000, 0x0138, 0x0000, 0x006F, 0x0030, {0x01,0x00}, 0x0028,
			2.0f, {0x00,0x00}, -80, 0x0000, 0x0000, 0x0000, 0x00E2, -58,
			{0x00,0x00,0x00,0x7E,0x00,0x00,0x00,0x00,0x00,0x00,0x00,0x00,0x00,0x00},
			0x00B00324, 0x00000000
		},
		{
			{0x0A,0x02,0x57,0xC0,0x00,0x00,0x00,0x00,0x00,0x00,0x00,0x00,0xFF,0xFF},
			0x0000, 0x0000, 0x0000, -1, 0x0000, 0x0063, 0x0023, {0x01,0x00}, 0x0000,
			0.0f, {0x01,0x68}, 0x0000, 0x0000, 0x0000, 0x0000, 0x0000, 0x0000,
			{0x00,0x00,0x00,0x00,0x00,0x00,0x00,0x00,0x00,0x00,0x00,0x00,0x00,0x00},
			0x00000020, 0x00000000
		},
		{
			{0x0A,0x02,0x58,0x28,0x00,0x00,0x00,0x00,0x00,0x00,0x00,0x00,0xFF,0xFF},
			0x0000, 0x0000, 0x0000, 0x013B, 0x0000, 0x0035, 0x0014, {0x01,0x00}, 0x0014,
			-3.0f, {0x00,0x00}, 0x0000, 0x0000, 0x0000, 0x0000, 0x0055, -54,
			{0x00,0x00,0x00,0x35,0x00,0x00,0x00,0x00,0x00,0x00,0x00,0x00,0x00,0x00},
			0x00008324, 0x00000000
		},
		{
			{0x0A,0x02,0x56,0x98,0x00,0x00,0x00,0x00,0x00,0x00,0x00,0x00,0xFF,0xFF},
			0x0000, 0x0000, 0x0000, -1, 0x0000, 0x004E, 0x0028, {0x01,0x00}, 0x0000,
			0.0f, {0x00,0x00}, 0x0000, 0x0000, 0x0000, 0x0000, 0x0000, 0x0000,
			{0x00,0x00,0x00,0x00,0x00,0x00,0x00,0x00,0x00,0x00,0x00,0x00,0x00,0x00},
			0x00000020, 0x00000000
		},
		{
			{0x0A,0x02,0x57,0x40,0x0A,0x02,0x56,0x20,0x00,0x00,0x00,0x00,0xFF,0xFF},
			0x0000, 0x0000, 0x0000, -1, 0x0000, 0x002A, 0x0015, {0x01,0x00}, 0x0000,
			0.0f, {0x00,0x5A}, 0x0000, 0x0000, 0x0000, 0x0000, 0x0000, 0x0000,
			{0x00,0x00,0x00,0x00,0x00,0x00,0x00,0x00,0x00,0x00,0x00,0x00,0x00,0x00},
			0x10800022, 0x00000000
		},
		{
			{0x0A,0x02,0x57,0x20,0x00,0x00,0x00,0x00,0x00,0x00,0x00,0x00,0xFF,0xFF},
			0x0000, 0x0000, 0x0000, -1, 0x0000, 0x0060, 0x0060, {0x00,0x00}, 0x0000,
			0.0f, {0x00,0x00}, 0x0000, 0x0000, 0x0000, 0x0000, 0x0000, 0x0000,
			{0x00,0x00,0x00,0x5A,0x00,0x00,0x00,0x00,0x00,0x00,0x00,0x00,0x00,0x00},
			-2147418076, 0x00000004
		},
		{
			{0x0A,0x02,0x57,0x30,0x00,0x00,0x00,0x00,0x00,0x00,0x00,0x00,0xFF,0xFF},
			0x0000, 0x0000, 0x0000, -1, 0x0000, 0x0060, 0x0060, {0x00,0x00}, 0x0000,
			0.0f, {0x00,0x00}, 0x0000, 0x0000, 0x0000, 0x0000, 0x0000, 0x0000,
			{0x00,0x00,0x00,0x5A,0x00,0x00,0x00,0x00,0x00,0x00,0x00,0x00,0x00,0x00},
			-2147418076, 0x00000004
		},
		{
			{0x05,0x00,0xF5,0x98,0x00,0x00,0x00,0x00,0x00,0x00,0x00,0x00,0xFF,0xFF},
			0x0000, 0x0000, 0x0000, 0x013A, 0x0000, 0x0006, 0x0006, {0x28,0x00}, 0x0000,
			0.0f, {0x01,0x68}, 0x0000, 0x0000, 0x0000, 0x0000, 0x0000, 0x0000,
			{0x00,0x00,0x00,0x00,0x00,0x00,0x00,0x00,0x00,0x00,0x00,0x00,0x00,0x00},
			0x0000002A, 0x00000000
		},
		{
			{0x00,0x00,0x00,0x00,0x00,0x00,0x00,0x00,0x00,0x00,0x00,0x00,0xFF,0xFF},
			0x0000, 0x0000, 0x0000, -1, 0x0000, 0x0000, 0x0000, {0x00,0x00}, 0x0000,
			0.0f, {0x00,0x00}, 0x0000, 0x0000, 0x0000, 0x0000, 0x0000, 0x0000,
			{0x00,0x00,0x00,0x00,0x00,0x00,0x00,0x00,0x00,0x00,0x00,0x00,0x00,0x00},
			0x00000000, 0x00000000
		},
		{
			{0x0A,0x00,0x24,0xE8,0x00,0x00,0x00,0x00,0x00,0x00,0x00,0x00,0xFF,0xFF},
			0x0000, 0x0000, 0x0000, -1, 0x0000, 0x0060, 0x0008, {0x00,0x00}, 0x0023,
			2.0f, {0x00,0x00}, 0x0000, 0x0000, 0x0000, 0x0000, 0x0000, 0x0000,
			{0x00,0x00,0x00,0x00,0x00,0x00,0x00,0x00,0x00,0x00,0x00,0x00,0x00,0x00},
			0x00002020, 0x00000000
		},
		{
			{0x00,0x00,0x00,0x00,0x00,0x00,0x00,0x00,0x00,0x00,0x00,0x00,0xFF,0xFF},
			0x0000, 0x0000, 0x0000, -1, 0x0000, 0x000F, 0x000F, {0x01,0x00}, 0x0000,
			0.0f, {0x01,0x68}, 0x0000, 0x0000, 0x0000, 0x0000, 0x0000, 0x0000,
			{0x00,0x00,0x00,0x28,0x00,0x00,0x00,0x00,0x00,0x00,0x00,0x00,0x00,0x00},
			0x00000024, 0x00000000
		}
	},
	{	// ---- level 10 ----
		{
			{0x05,0x00,0xF6,0x68,0x00,0x00,0x00,0x00,0x00,0x00,0x00,0x00,0x00,0x01},
			0x0000, 0x000A, 0x0000, 0x00CF, 0x0000, 0x0042, 0x0024, {0x01,0x00}, 0x0000,
			0.0f, {0x00,0x00}, 0x0000, 0x0000, 0x0000, 0x0000, 0x0000, 0x0000,
			{0x00,0x00,0x00,0x42,0x00,0x00,0x00,0x00,0x00,0x00,0x00,0x00,0x00,0x00},
			0x201000EC, 0x00000008
		},
		{
			{0x05,0x00,0xF6,0x08,0x00,0x00,0x00,0x00,0x00,0x00,0x00,0x00,0x00,0x05},
			0x0000, 0x0023, 0x0000, -1, 0x0000, 0x0014, 0x0014, {0x01,0x00}, 0x0000,
			0.0f, {0x00,0xB4}, 0x0000, 0x0000, 0x0000, 0x0000, 0x0000, 0x0000,
			{0x00,0x00,0x00,0x00,0x00,0x00,0x00,0x00,0x00,0x00,0x00,0x00,0x00,0x00},
			0x00000022, 0x00000000
		},
		{
			{0x05,0x00,0xF6,0x18,0x00,0x00,0x00,0x00,0x00,0x00,0x00,0x00,0xFF,0xFF},
			0x0000, 0x0000, 0x0000, -1, 0x0000, 0x0016, 0x001F, {0x01,0x00}, 0x0000,
			0.0f, {0x01,0x68}, 0x0000, 0x0000, 0x0000, 0x0000, 0x0000, 0x0000,
			{0x00,0x00,0x00,0x00,0x00,0x00,0x00,0x00,0x00,0x00,0x00,0x00,0x00,0x00},
			0x00000022, 0x00000000
		},
		{
			{0x05,0x00,0xF5,0x20,0x00,0x00,0x00,0x00,0x00,0x00,0x00,0x00,0xFF,0xFF},
			0x0000, 0x0000, 0x0000, -1, 0x0000, 0x0028, 0x0005, {0x23,0x00}, 0x0000,
			0.0f, {0x00,0x00}, 0x0000, 0x0000, 0x0000, 0x0000, 0x0000, 0x0000,
			{0x00,0x00,0x00,0x28,0x00,0x00,0x00,0x00,0x00,0x00,0x00,0x00,0x00,0x00},
			0x02000022, 0x00000000
		},
		{
			{0x05,0x00,0xF5,0x88,0x00,0x00,0x00,0x00,0x00,0x00,0x00,0x00,0xFF,0xFF},
			0x0000, 0x0000, 0x0000, -1, 0x0000, 0x0046, 0x001E, {0x01,0x00}, 0x002D,
			-2.0f, {0x00,0x00}, 0x0000, 0x0000, 0x0000, -120, 0x0053, 0x0033,
			{0xFF,0xEE,0x00,0x15,0xFF,0xDF,0x00,0x14,0x05,0x15,0x00,0x00,0x00,0x00},
			0x00408524, 0x00000000
		},
		{
			{0x05,0x00,0xF6,0xB8,0x00,0x00,0x00,0x00,0x00,0x00,0x00,0x00,0xFF,0xFF},
			0x0000, 0x0000, 0x0000, -1, 0x0000, 0x005C, 0x0022, {0x01,0x00}, 0x0000,
			0.0f, {0x01,0x68}, 0x0000, 0x0000, 0x0000, 0x0000, 0x0000, 0x0000,
			{0x00,0x00,0x00,0x00,0x00,0x00,0x00,0x00,0x00,0x00,0x00,0x00,0x00,0x00},
			0x00000022, 0x00000000
		},
		{
			{0x05,0x00,0xF6,0x28,0x00,0x00,0x00,0x00,0x00,0x00,0x00,0x00,0xFF,0xFF},
			0x0000, 0x0000, 0x0000, -1, 0x0000, 0x005C, 0x0022, {0x01,0x00}, 0x0000,
			0.0f, {0x01,0x68}, 0x0000, 0x0000, 0x0000, 0x0000, 0x0000, 0x0000,
			{0x00,0x00,0x00,0x00,0x00,0x00,0x00,0x00,0x00,0x00,0x00,0x00,0x00,0x00},
			0x00000022, 0x00000000
		},
		{
			{0x05,0x00,0xF6,0x58,0x00,0x00,0x00,0x00,0x00,0x00,0x00,0x00,0x00,0x03},
			0x0000, 0x001A, 0x0000, 0x0133, 0x0000, 0x000C, 0x000C, {0x23,0x00}, 0x0000,
			0.0f, {0x01,0x68}, 0x0000, 0x0000, 0x0000, 0x0000, 0x0000, 0x0000,
			{0x00,0x00,0x00,0x00,0x00,0x00,0x00,0x00,0x00,0x00,0x00,0x00,0x00,0x00},
			0x200000FA, 0x00000001
		},
		{
			{0x05,0x00,0xF5,0x68,0x00,0x00,0x00,0x00,0x00,0x00,0x00,0x00,0x00,0x02},
			0x0000, 0x000F, 0x0000, 0x0133, 0x0000, 0x000A, 0x000A, {0x23,0x00}, 0x0000,
			0.0f, {0x01,0x68}, 0x0000, 0x0000, 0x0000, 0x0000, 0x0000, 0x0000,
			{0x00,0x00,0x00,0x00,0x00,0x00,0x00,0x00,0x00,0x00,0x00,0x00,0x00,0x00},
			0x200000FA, 0x00000000
		},
		{
			{0x05,0x00,0xF6,0x78,0x00,0x00,0x00,0x00,0x00,0x00,0x00,0x00,0xFF,0xFF},
			0x0000, 0x0000, 0x0000, 0x016C, 0x0000, 0x0038, 0x000A, {0x01,0x00}, 0x0000,
			0.0f, {0x00,0x00}, 0x0000, 0x0000, 0x0000, 0x0000, 0x0000, 0x0000,
			{0x00,0x00,0x00,0x28,0x00,0x00,0x00,0x00,0x00,0x00,0x00,0x00,0x00,0x00},
			0x02000024, 0x00000000
		},
		{
			{0x05,0x00,0xF6,0xC8,0x00,0x00,0x00,0x00,0x00,0x00,0x00,0x00,0xFF,0xFF},
			0x0000, 0x0000, 0x0000, 0x016C, 0x0000, 0x0060, 0x000F, {0x01,0x00}, 0x0000,
			0.0f, {0x00,0x00}, 0x0000, 0x0000, 0x0000, 0x0000, 0x0000, 0x0000,
			{0x00,0x00,0x00,0x46,0x00,0x00,0x00,0x00,0x00,0x00,0x00,0x00,0x00,0x00},
			0x02000024, 0x00000000
		},
		{
			{0x05,0x00,0xF6,0x88,0x00,0x00,0x00,0x00,0x00,0x00,0x00,0x00,0xFF,0xFF},
			0x0000, 0x0000, 0x0000, -1, 0x0000, 0x002E, 0x001A, {0x01,0x00}, 0x001E,
			3.0f, {0x00,0x00}, 0x0000, 0x0000, 0x0000, 0x0051, 0x0098, 0x0029,
			{0x00,0x00,0x00,0x2E,0x00,0x14,0x00,0x19,0x05,0x1C,0x00,0x00,0x00,0x00},
			0x00408524, 0x00000000
		},
		{
			{0x05,0x00,0xF5,0xD0,0x00,0x00,0x00,0x00,0x00,0x00,0x00,0x00,0xFF,0xFF},
			0x0000, 0x0000, 0x0000, 0x012C, 0x0000, 0x0022, 0x001A, {0x01,0x00}, 0x0019,
			2.0f, {0x00,0x00}, 0x0000, 0x0000, 0x0000, 0x0000, 0x007F, 0x0009,
			{0x00,0x00,0x00,0x22,0x00,0x00,0x00,0x0A,0x22,0x14,0x00,0x00,0x00,0x00},
			0x0040C124, 0x00000000
		},
		{
			{0x05,0x00,0xF5,0x40,0x00,0x00,0x00,0x00,0x00,0x00,0x00,0x00,0xFF,0xFF},
			0x0000, 0x0000, 0x0000, 0x013B, 0x0000, 0x0028, 0x0020, {0x01,0x00}, 0x0014,
			-3.0f, {0x00,0x00}, 0x0000, 0x0000, 0x0000, 0x0000, 0x004A, -61,
			{0x00,0x00,0x00,0x28,0x00,0x00,0x00,0x00,0x00,0x00,0x00,0x00,0x00,0x00},
			0x00008324, 0x00000000
		},
		{
			{0x05,0x00,0xF6,0xA8,0x00,0x00,0x00,0x00,0x00,0x00,0x00,0x00,0x00,0x05},
			0x0000, 0x001E, 0x0000, 0x0139, 0x0000, 0x001C, 0x001C, {0x01,0x00}, 0x0000,
			0.0f, {0x01,0x68}, 0x0000, 0x0000, 0x0000, 0x0000, 0x0000, 0x0000,
			{0x00,0x00,0x00,0x00,0x00,0x00,0x00,0x00,0x00,0x00,0x00,0x00,0x00,0x00},
			0x00000022, 0x00000000
		},
		{
			{0x05,0x00,0xF6,0x98,0x00,0x00,0x00,0x00,0x00,0x00,0x00,0x00,0xFF,0xFF},
			0x0000, 0x0000, 0x0000, -1, 0x0000, 0x0046, 0x0022, {0x01,0x00}, 0x0000,
			0.0f, {0x00,0x00}, 0x0000, 0x0000, 0x0000, 0x0000, 0x0000, 0x0000,
			{0x00,0x00,0x00,0x00,0x00,0x00,0x00,0x00,0x00,0x00,0x00,0x00,0x00,0x00},
			0x00000020, 0x00000000
		},
		{
			{0x05,0x00,0xF6,0x48,0x00,0x00,0x00,0x00,0x00,0x00,0x00,0x00,0xFF,0xFF},
			0x0000, 0x0000, 0x0000, -1, 0x0000, 0x0042, 0x001C, {0x01,0x00}, 0x0000,
			0.0f, {0x00,0x00}, 0x0000, 0x0000, 0x0000, 0x0000, 0x0000, 0x0000,
			{0x00,0x00,0x00,0x00,0x00,0x00,0x00,0x00,0x00,0x00,0x00,0x00,0x00,0x00},
			0x00000020, 0x00000000
		},
		{
			{0x05,0x00,0xF6,0x38,0x00,0x00,0x00,0x00,0x00,0x00,0x00,0x00,0xFF,0xFF},
			0x0000, 0x0000, 0x0000, -1, 0x0000, 0x0006, 0x0006, {0x01,0x00}, 0x0000,
			0.0f, {0x00,0x00}, 0x0000, 0x0000, 0x0000, 0x0000, 0x0000, 0x0000,
			{0x00,0x00,0x00,0x00,0x00,0x00,0x00,0x00,0x00,0x00,0x00,0x00,0x00,0x00},
			0x00000020, 0x00000000
		},
		{
			{0x00,0x00,0x00,0x00,0x00,0x00,0x00,0x00,0x00,0x00,0x00,0x00,0xFF,0xFF},
			0x0000, 0x0000, 0x0000, -1, 0x0000, 0x0000, 0x0000, {0x00,0x00}, 0x0000,
			0.0f, {0x00,0x00}, 0x0000, 0x0000, 0x0000, 0x0000, 0x0000, 0x0000,
			{0x00,0x00,0x00,0x00,0x00,0x00,0x00,0x00,0x00,0x00,0x00,0x00,0x00,0x00},
			0x00000000, 0x00000000
		},
		{
			{0x00,0x00,0x00,0x00,0x00,0x00,0x00,0x00,0x00,0x00,0x00,0x00,0xFF,0xFF},
			0x0000, 0x0000, 0x0000, -1, 0x0000, 0x0000, 0x0000, {0x00,0x00}, 0x0000,
			0.0f, {0x00,0x00}, 0x0000, 0x0000, 0x0000, 0x0000, 0x0000, 0x0000,
			{0x00,0x00,0x00,0x00,0x00,0x00,0x00,0x00,0x00,0x00,0x00,0x00,0x00,0x00},
			0x00000000, 0x00000000
		},
		{
			{0x00,0x00,0x00,0x00,0x00,0x00,0x00,0x00,0x00,0x00,0x00,0x00,0xFF,0xFF},
			0x0000, 0x0000, 0x0000, -1, 0x0000, 0x0000, 0x0000, {0x00,0x00}, 0x0000,
			0.0f, {0x00,0x00}, 0x0000, 0x0000, 0x0000, 0x0000, 0x0000, 0x0000,
			{0x00,0x00,0x00,0x00,0x00,0x00,0x00,0x00,0x00,0x00,0x00,0x00,0x00,0x00},
			0x00000000, 0x00000000
		},
		{
			{0x00,0x00,0x00,0x00,0x00,0x00,0x00,0x00,0x00,0x00,0x00,0x00,0xFF,0xFF},
			0x0000, 0x0000, 0x0000, -1, 0x0000, 0x0000, 0x0000, {0x00,0x00}, 0x0000,
			0.0f, {0x00,0x00}, 0x0000, 0x0000, 0x0000, 0x0000, 0x0000, 0x0000,
			{0x00,0x00,0x00,0x00,0x00,0x00,0x00,0x00,0x00,0x00,0x00,0x00,0x00,0x00},
			0x00000000, 0x00000000
		},
		{
			{0x00,0x00,0x00,0x00,0x00,0x00,0x00,0x00,0x00,0x00,0x00,0x00,0xFF,0xFF},
			0x0000, 0x0000, 0x0000, -1, 0x0000, 0x0000, 0x0000, {0x00,0x00}, 0x0000,
			0.0f, {0x00,0x00}, 0x0000, 0x0000, 0x0000, 0x0000, 0x0000, 0x0000,
			{0x00,0x00,0x00,0x00,0x00,0x00,0x00,0x00,0x00,0x00,0x00,0x00,0x00,0x00},
			0x00000000, 0x00000000
		},
		{
			{0x00,0x00,0x00,0x00,0x00,0x00,0x00,0x00,0x00,0x00,0x00,0x00,0xFF,0xFF},
			0x0000, 0x0000, 0x0000, -1, 0x0000, 0x0000, 0x0000, {0x00,0x00}, 0x0000,
			0.0f, {0x00,0x00}, 0x0000, 0x0000, 0x0000, 0x0000, 0x0000, 0x0000,
			{0x00,0x00,0x00,0x00,0x00,0x00,0x00,0x00,0x00,0x00,0x00,0x00,0x00,0x00},
			0x00000000, 0x00000000
		},
		{
			{0x00,0x00,0x00,0x00,0x00,0x00,0x00,0x00,0x00,0x00,0x00,0x00,0xFF,0xFF},
			0x0000, 0x0000, 0x0000, -1, 0x0000, 0x0000, 0x0000, {0x00,0x00}, 0x0000,
			0.0f, {0x00,0x00}, 0x0000, 0x0000, 0x0000, 0x0000, 0x0000, 0x0000,
			{0x00,0x00,0x00,0x00,0x00,0x00,0x00,0x00,0x00,0x00,0x00,0x00,0x00,0x00},
			0x00000000, 0x00000000
		},
		{
			{0x00,0x00,0x00,0x00,0x00,0x00,0x00,0x00,0x00,0x00,0x00,0x00,0xFF,0xFF},
			0x0000, 0x0000, 0x0000, -1, 0x0000, 0x0000, 0x0000, {0x00,0x00}, 0x0000,
			0.0f, {0x00,0x00}, 0x0000, 0x0000, 0x0000, 0x0000, 0x0000, 0x0000,
			{0x00,0x00,0x00,0x00,0x00,0x00,0x00,0x00,0x00,0x00,0x00,0x00,0x00,0x00},
			0x00000000, 0x00000000
		},
		{
			{0x00,0x00,0x00,0x00,0x00,0x00,0x00,0x00,0x00,0x00,0x00,0x00,0xFF,0xFF},
			0x0000, 0x0000, 0x0000, -1, 0x0000, 0x0000, 0x0000, {0x00,0x00}, 0x0000,
			0.0f, {0x00,0x00}, 0x0000, 0x0000, 0x0000, 0x0000, 0x0000, 0x0000,
			{0x00,0x00,0x00,0x00,0x00,0x00,0x00,0x00,0x00,0x00,0x00,0x00,0x00,0x00},
			0x00000000, 0x00000000
		},
		{
			{0x00,0x00,0x00,0x00,0x00,0x00,0x00,0x00,0x00,0x00,0x00,0x00,0xFF,0xFF},
			0x0000, 0x0000, 0x0000, -1, 0x0000, 0x0000, 0x0000, {0x00,0x00}, 0x0000,
			0.0f, {0x00,0x00}, 0x0000, 0x0000, 0x0000, 0x0000, 0x0000, 0x0000,
			{0x00,0x00,0x00,0x00,0x00,0x00,0x00,0x00,0x00,0x00,0x00,0x00,0x00,0x00},
			0x00000000, 0x00000000
		},
		{
			{0x05,0x00,0xF5,0x98,0x00,0x00,0x00,0x00,0x00,0x00,0x00,0x00,0xFF,0xFF},
			0x0000, 0x0000, 0x0000, 0x013A, 0x0000, 0x0006, 0x0006, {0x28,0x00}, 0x0000,
			0.0f, {0x01,0x68}, 0x0000, 0x0000, 0x0000, 0x0000, 0x0000, 0x0000,
			{0x00,0x00,0x00,0x00,0x00,0x00,0x00,0x00,0x00,0x00,0x00,0x00,0x00,0x00},
			0x0000002A, 0x00000000
		},
		{
			{0x00,0x00,0x00,0x00,0x00,0x00,0x00,0x00,0x00,0x00,0x00,0x00,0xFF,0xFF},
			0x0000, 0x0000, 0x0000, -1, 0x0000, 0x0000, 0x0000, {0x00,0x00}, 0x0000,
			0.0f, {0x00,0x00}, 0x0000, 0x0000, 0x0000, 0x0000, 0x0000, 0x0000,
			{0x00,0x00,0x00,0x00,0x00,0x00,0x00,0x00,0x00,0x00,0x00,0x00,0x00,0x00},
			0x00000000, 0x00000000
		},
		{
			{0x0A,0x00,0x24,0xE8,0x00,0x00,0x00,0x00,0x00,0x00,0x00,0x00,0xFF,0xFF},
			0x0000, 0x0000, 0x0000, -1, 0x0000, 0x0060, 0x0008, {0x00,0x00}, 0x0023,
			2.0f, {0x00,0x00}, 0x0000, 0x0000, 0x0000, 0x0000, 0x0000, 0x0000,
			{0x00,0x00,0x00,0x00,0x00,0x00,0x00,0x00,0x00,0x00,0x00,0x00,0x00,0x00},
			0x00002020, 0x00000000
		},
		{
			{0x00,0x00,0x00,0x00,0x00,0x00,0x00,0x00,0x00,0x00,0x00,0x00,0xFF,0xFF},
			0x0000, 0x0000, 0x0000, -1, 0x0000, 0x000F, 0x000F, {0x01,0x00}, 0x0000,
			0.0f, {0x01,0x68}, 0x0000, 0x0000, 0x0000, 0x0000, 0x0000, 0x0000,
			{0x00,0x00,0x00,0x28,0x00,0x00,0x00,0x00,0x00,0x00,0x00,0x00,0x00,0x00},
			0x00000024, 0x00000000
		}
	},
	{	// ---- level 11 ----
		{
			{0x0A,0x02,0xE0,0x80,0x00,0x00,0x00,0x00,0x00,0x00,0x00,0x00,0xFF,0xFF},
			0x0000, 0x0000, 0x0000, 0x017E, 0x0000, 0x0041, 0x0025, {0xEF,0x00}, 0x0000,
			0.0f, {0x00,0x00}, 0x0000, 0x0000, 0x0000, 0x0000, 0x0000, 0x0000,
			{0x00,0x00,0x00,0x19,0x00,0x00,0x00,0x00,0x00,0x00,0x00,0x00,0x00,0x00},
			0x02000024, 0x00000000
		},
		{
			{0x0A,0x02,0xE0,0x20,0x00,0x00,0x00,0x00,0x00,0x00,0x00,0x00,0xFF,0xFF},
			0x0000, 0x0000, 0x0000, -1, 0x0000, 0x0033, 0x0036, {0x1E,0x00}, 0x0032,
			0.1f, {0x01,0x68}, 0x0000, 0x0000, 0x0000, 0x0000, 0x0000, 0x0000,
			{0x00,0x00,0x00,0x19,0x00,0x00,0x00,0x00,0x00,0x00,0x00,0x00,0x00,0x00},
			0x00082020, 0x00000000
		},
		{
			{0x0A,0x02,0xE0,0x40,0x00,0x00,0x00,0x00,0x00,0x00,0x00,0x00,0xFF,0xFF},
			0x0000, 0x0000, 0x0000, -1, 0x0000, 0x003C, 0x003C, {0x01,0x00}, 0x0000,
			0.0f, {0x01,0x68}, 0x0000, 0x0000, 0x0000, 0x0000, 0x0000, 0x0000,
			{0x00,0x00,0x00,0x3C,0x00,0x00,0x00,0x00,0x00,0x00,0x00,0x00,0x00,0x00},
			0x02000022, 0x00000000
		},
		{
			{0x0A,0x02,0xE0,0x50,0x00,0x00,0x00,0x00,0x00,0x00,0x00,0x00,0xFF,0xFF},
			0x0000, 0x0000, 0x0000, -1, 0x0000, 0x0019, 0x0019, {0x01,0x00}, 0x0000,
			0.0f, {0x00,0x00}, 0x0000, 0x0000, 0x0000, 0x0000, 0x0000, 0x0000,
			{0x00,0x00,0x00,0x19,0x00,0x00,0x00,0x00,0x00,0x00,0x00,0x00,0x00,0x00},
			0x00000020, 0x00000000
		},
		{
			{0x0A,0x02,0xE0,0x60,0x00,0x00,0x00,0x00,0x00,0x00,0x00,0x00,0xFF,0xFF},
			0x0000, 0x0000, 0x0000, -1, 0x0000, 0x001E, 0x0027, {0x01,0x00}, 0x0028,
			0.05f, {0x00,0x00}, 0x0000, 0x0000, 0x0000, 0x0000, 0x0000, 0x0000,
			{0x00,0x00,0x00,0x19,0x00,0x00,0x00,0x00,0x00,0x00,0x00,0x00,0x00,0x00},
			0x00082020, 0x00000000
		},
		{
			{0x0A,0x02,0xE0,0x70,0x00,0x00,0x00,0x00,0x00,0x00,0x00,0x00,0xFF,0xFF},
			0x0000, 0x0000, 0x0000, 0x017E, 0x0000, 0x0027, 0x002A, {0x07,0x00}, 0x0041,
			0.025f, {0x00,0x00}, 0x0000, 0x0000, 0x0000, 0x0000, 0x0000, 0x0000,
			{0x00,0x00,0x00,0x19,0x00,0x00,0x00,0x00,0x00,0x00,0x00,0x00,0x00,0x00},
			0x02000024, 0x00000000
		},
		{
			{0x00,0x00,0x00,0x00,0x00,0x00,0x00,0x00,0x00,0x00,0x00,0x00,0xFF,0xFF},
			0x0000, 0x0000, 0x0000, -1, 0x0000, 0x0000, 0x0000, {0x00,0x00}, 0x0000,
			0.0f, {0x00,0x00}, 0x0000, 0x0000, 0x0000, 0x0000, 0x0000, 0x0000,
			{0x00,0x00,0x00,0x00,0x00,0x00,0x00,0x00,0x00,0x00,0x00,0x00,0x00,0x00},
			0x00000000, 0x00000000
		},
		{
			{0x00,0x00,0x00,0x00,0x00,0x00,0x00,0x00,0x00,0x00,0x00,0x00,0xFF,0xFF},
			0x0000, 0x0000, 0x0000, -1, 0x0000, 0x0000, 0x0000, {0x00,0x00}, 0x0000,
			0.0f, {0x00,0x00}, 0x0000, 0x0000, 0x0000, 0x0000, 0x0000, 0x0000,
			{0x00,0x00,0x00,0x00,0x00,0x00,0x00,0x00,0x00,0x00,0x00,0x00,0x00,0x00},
			0x00000000, 0x00000000
		},
		{
			{0x00,0x00,0x00,0x00,0x00,0x00,0x00,0x00,0x00,0x00,0x00,0x00,0xFF,0xFF},
			0x0000, 0x0000, 0x0000, -1, 0x0000, 0x0000, 0x0000, {0x00,0x00}, 0x0000,
			0.0f, {0x00,0x00}, 0x0000, 0x0000, 0x0000, 0x0000, 0x0000, 0x0000,
			{0x00,0x00,0x00,0x00,0x00,0x00,0x00,0x00,0x00,0x00,0x00,0x00,0x00,0x00},
			0x00000000, 0x00000000
		},
		{
			{0x00,0x00,0x00,0x00,0x00,0x00,0x00,0x00,0x00,0x00,0x00,0x00,0xFF,0xFF},
			0x0000, 0x0000, 0x0000, -1, 0x0000, 0x0000, 0x0000, {0x00,0x00}, 0x0000,
			0.0f, {0x00,0x00}, 0x0000, 0x0000, 0x0000, 0x0000, 0x0000, 0x0000,
			{0x00,0x00,0x00,0x00,0x00,0x00,0x00,0x00,0x00,0x00,0x00,0x00,0x00,0x00},
			0x00000000, 0x00000000
		},
		{
			{0x00,0x00,0x00,0x00,0x00,0x00,0x00,0x00,0x00,0x00,0x00,0x00,0xFF,0xFF},
			0x0000, 0x0000, 0x0000, -1, 0x0000, 0x0000, 0x0000, {0x00,0x00}, 0x0000,
			0.0f, {0x00,0x00}, 0x0000, 0x0000, 0x0000, 0x0000, 0x0000, 0x0000,
			{0x00,0x00,0x00,0x00,0x00,0x00,0x00,0x00,0x00,0x00,0x00,0x00,0x00,0x00},
			0x00000000, 0x00000000
		},
		{
			{0x00,0x00,0x00,0x00,0x00,0x00,0x00,0x00,0x00,0x00,0x00,0x00,0xFF,0xFF},
			0x0000, 0x0000, 0x0000, -1, 0x0000, 0x0000, 0x0000, {0x00,0x00}, 0x0000,
			0.0f, {0x00,0x00}, 0x0000, 0x0000, 0x0000, 0x0000, 0x0000, 0x0000,
			{0x00,0x00,0x00,0x00,0x00,0x00,0x00,0x00,0x00,0x00,0x00,0x00,0x00,0x00},
			0x00000000, 0x00000000
		},
		{
			{0x00,0x00,0x00,0x00,0x00,0x00,0x00,0x00,0x00,0x00,0x00,0x00,0xFF,0xFF},
			0x0000, 0x0000, 0x0000, -1, 0x0000, 0x0000, 0x0000, {0x00,0x00}, 0x0000,
			0.0f, {0x00,0x00}, 0x0000, 0x0000, 0x0000, 0x0000, 0x0000, 0x0000,
			{0x00,0x00,0x00,0x00,0x00,0x00,0x00,0x00,0x00,0x00,0x00,0x00,0x00,0x00},
			0x00000000, 0x00000000
		},
		{
			{0x00,0x00,0x00,0x00,0x00,0x00,0x00,0x00,0x00,0x00,0x00,0x00,0xFF,0xFF},
			0x0000, 0x0000, 0x0000, -1, 0x0000, 0x0000, 0x0000, {0x00,0x00}, 0x0000,
			0.0f, {0x00,0x00}, 0x0000, 0x0000, 0x0000, 0x0000, 0x0000, 0x0000,
			{0x00,0x00,0x00,0x00,0x00,0x00,0x00,0x00,0x00,0x00,0x00,0x00,0x00,0x00},
			0x00000000, 0x00000000
		},
		{
			{0x00,0x00,0x00,0x00,0x00,0x00,0x00,0x00,0x00,0x00,0x00,0x00,0xFF,0xFF},
			0x0000, 0x0000, 0x0000, -1, 0x0000, 0x0000, 0x0000, {0x00,0x00}, 0x0000,
			0.0f, {0x00,0x00}, 0x0000, 0x0000, 0x0000, 0x0000, 0x0000, 0x0000,
			{0x00,0x00,0x00,0x00,0x00,0x00,0x00,0x00,0x00,0x00,0x00,0x00,0x00,0x00},
			0x00000000, 0x00000000
		},
		{
			{0x00,0x00,0x00,0x00,0x00,0x00,0x00,0x00,0x00,0x00,0x00,0x00,0xFF,0xFF},
			0x0000, 0x0000, 0x0000, -1, 0x0000, 0x0000, 0x0000, {0x00,0x00}, 0x0000,
			0.0f, {0x00,0x00}, 0x0000, 0x0000, 0x0000, 0x0000, 0x0000, 0x0000,
			{0x00,0x00,0x00,0x00,0x00,0x00,0x00,0x00,0x00,0x00,0x00,0x00,0x00,0x00},
			0x00000000, 0x00000000
		},
		{
			{0x00,0x00,0x00,0x00,0x00,0x00,0x00,0x00,0x00,0x00,0x00,0x00,0xFF,0xFF},
			0x0000, 0x0000, 0x0000, -1, 0x0000, 0x0000, 0x0000, {0x00,0x00}, 0x0000,
			0.0f, {0x00,0x00}, 0x0000, 0x0000, 0x0000, 0x0000, 0x0000, 0x0000,
			{0x00,0x00,0x00,0x00,0x00,0x00,0x00,0x00,0x00,0x00,0x00,0x00,0x00,0x00},
			0x00000000, 0x00000000
		},
		{
			{0x00,0x00,0x00,0x00,0x00,0x00,0x00,0x00,0x00,0x00,0x00,0x00,0xFF,0xFF},
			0x0000, 0x0000, 0x0000, -1, 0x0000, 0x0000, 0x0000, {0x00,0x00}, 0x0000,
			0.0f, {0x00,0x00}, 0x0000, 0x0000, 0x0000, 0x0000, 0x0000, 0x0000,
			{0x00,0x00,0x00,0x00,0x00,0x00,0x00,0x00,0x00,0x00,0x00,0x00,0x00,0x00},
			0x00000000, 0x00000000
		},
		{
			{0x00,0x00,0x00,0x00,0x00,0x00,0x00,0x00,0x00,0x00,0x00,0x00,0xFF,0xFF},
			0x0000, 0x0000, 0x0000, -1, 0x0000, 0x0000, 0x0000, {0x00,0x00}, 0x0000,
			0.0f, {0x00,0x00}, 0x0000, 0x0000, 0x0000, 0x0000, 0x0000, 0x0000,
			{0x00,0x00,0x00,0x00,0x00,0x00,0x00,0x00,0x00,0x00,0x00,0x00,0x00,0x00},
			0x00000000, 0x00000000
		},
		{
			{0x00,0x00,0x00,0x00,0x00,0x00,0x00,0x00,0x00,0x00,0x00,0x00,0xFF,0xFF},
			0x0000, 0x0000, 0x0000, -1, 0x0000, 0x0000, 0x0000, {0x00,0x00}, 0x0000,
			0.0f, {0x00,0x00}, 0x0000, 0x0000, 0x0000, 0x0000, 0x0000, 0x0000,
			{0x00,0x00,0x00,0x00,0x00,0x00,0x00,0x00,0x00,0x00,0x00,0x00,0x00,0x00},
			0x00000000, 0x00000000
		},
		{
			{0x00,0x00,0x00,0x00,0x00,0x00,0x00,0x00,0x00,0x00,0x00,0x00,0xFF,0xFF},
			0x0000, 0x0000, 0x0000, -1, 0x0000, 0x0000, 0x0000, {0x00,0x00}, 0x0000,
			0.0f, {0x00,0x00}, 0x0000, 0x0000, 0x0000, 0x0000, 0x0000, 0x0000,
			{0x00,0x00,0x00,0x00,0x00,0x00,0x00,0x00,0x00,0x00,0x00,0x00,0x00,0x00},
			0x00000000, 0x00000000
		},
		{
			{0x00,0x00,0x00,0x00,0x00,0x00,0x00,0x00,0x00,0x00,0x00,0x00,0xFF,0xFF},
			0x0000, 0x0000, 0x0000, -1, 0x0000, 0x0000, 0x0000, {0x00,0x00}, 0x0000,
			0.0f, {0x00,0x00}, 0x0000, 0x0000, 0x0000, 0x0000, 0x0000, 0x0000,
			{0x00,0x00,0x00,0x00,0x00,0x00,0x00,0x00,0x00,0x00,0x00,0x00,0x00,0x00},
			0x00000000, 0x00000000
		},
		{
			{0x00,0x00,0x00,0x00,0x00,0x00,0x00,0x00,0x00,0x00,0x00,0x00,0xFF,0xFF},
			0x0000, 0x0000, 0x0000, -1, 0x0000, 0x0000, 0x0000, {0x00,0x00}, 0x0000,
			0.0f, {0x00,0x00}, 0x0000, 0x0000, 0x0000, 0x0000, 0x0000, 0x0000,
			{0x00,0x00,0x00,0x00,0x00,0x00,0x00,0x00,0x00,0x00,0x00,0x00,0x00,0x00},
			0x00000000, 0x00000000
		},
		{
			{0x00,0x00,0x00,0x00,0x00,0x00,0x00,0x00,0x00,0x00,0x00,0x00,0xFF,0xFF},
			0x0000, 0x0000, 0x0000, -1, 0x0000, 0x0000, 0x0000, {0x00,0x00}, 0x0000,
			0.0f, {0x00,0x00}, 0x0000, 0x0000, 0x0000, 0x0000, 0x0000, 0x0000,
			{0x00,0x00,0x00,0x00,0x00,0x00,0x00,0x00,0x00,0x00,0x00,0x00,0x00,0x00},
			0x00000000, 0x00000000
		},
		{
			{0x00,0x00,0x00,0x00,0x00,0x00,0x00,0x00,0x00,0x00,0x00,0x00,0xFF,0xFF},
			0x0000, 0x0000, 0x0000, -1, 0x0000, 0x0000, 0x0000, {0x00,0x00}, 0x0000,
			0.0f, {0x00,0x00}, 0x0000, 0x0000, 0x0000, 0x0000, 0x0000, 0x0000,
			{0x00,0x00,0x00,0x00,0x00,0x00,0x00,0x00,0x00,0x00,0x00,0x00,0x00,0x00},
			0x00000000, 0x00000000
		},
		{
			{0x00,0x00,0x00,0x00,0x00,0x00,0x00,0x00,0x00,0x00,0x00,0x00,0xFF,0xFF},
			0x0000, 0x0000, 0x0000, -1, 0x0000, 0x0000, 0x0000, {0x00,0x00}, 0x0000,
			0.0f, {0x00,0x00}, 0x0000, 0x0000, 0x0000, 0x0000, 0x0000, 0x0000,
			{0x00,0x00,0x00,0x00,0x00,0x00,0x00,0x00,0x00,0x00,0x00,0x00,0x00,0x00},
			0x00000000, 0x00000000
		},
		{
			{0x00,0x00,0x00,0x00,0x00,0x00,0x00,0x00,0x00,0x00,0x00,0x00,0xFF,0xFF},
			0x0000, 0x0000, 0x0000, -1, 0x0000, 0x0000, 0x0000, {0x00,0x00}, 0x0000,
			0.0f, {0x00,0x00}, 0x0000, 0x0000, 0x0000, 0x0000, 0x0000, 0x0000,
			{0x00,0x00,0x00,0x00,0x00,0x00,0x00,0x00,0x00,0x00,0x00,0x00,0x00,0x00},
			0x00000000, 0x00000000
		},
		{
			{0x00,0x00,0x00,0x00,0x00,0x00,0x00,0x00,0x00,0x00,0x00,0x00,0xFF,0xFF},
			0x0000, 0x0000, 0x0000, -1, 0x0000, 0x0000, 0x0000, {0x00,0x00}, 0x0000,
			0.0f, {0x00,0x00}, 0x0000, 0x0000, 0x0000, 0x0000, 0x0000, 0x0000,
			{0x00,0x00,0x00,0x00,0x00,0x00,0x00,0x00,0x00,0x00,0x00,0x00,0x00,0x00},
			0x00000000, 0x00000000
		},
		{
			{0x00,0x00,0x00,0x00,0x00,0x00,0x00,0x00,0x00,0x00,0x00,0x00,0xFF,0xFF},
			0x0000, 0x0000, 0x0000, -1, 0x0000, 0x0000, 0x0000, {0x00,0x00}, 0x0000,
			0.0f, {0x00,0x00}, 0x0000, 0x0000, 0x0000, 0x0000, 0x0000, 0x0000,
			{0x00,0x00,0x00,0x00,0x00,0x00,0x00,0x00,0x00,0x00,0x00,0x00,0x00,0x00},
			0x00000000, 0x00000000
		},
		{
			{0x00,0x00,0x00,0x00,0x00,0x00,0x00,0x00,0x00,0x00,0x00,0x00,0xFF,0xFF},
			0x0000, 0x0000, 0x0000, -1, 0x0000, 0x0000, 0x0000, {0x00,0x00}, 0x0000,
			0.0f, {0x00,0x00}, 0x0000, 0x0000, 0x0000, 0x0000, 0x0000, 0x0000,
			{0x00,0x00,0x00,0x00,0x00,0x00,0x00,0x00,0x00,0x00,0x00,0x00,0x00,0x00},
			0x00000000, 0x00000000
		},
		{
			{0x00,0x00,0x00,0x00,0x00,0x00,0x00,0x00,0x00,0x00,0x00,0x00,0xFF,0xFF},
			0x0000, 0x0000, 0x0000, -1, 0x0000, 0x0000, 0x0000, {0x00,0x00}, 0x0000,
			0.0f, {0x00,0x00}, 0x0000, 0x0000, 0x0000, 0x0000, 0x0000, 0x0000,
			{0x00,0x00,0x00,0x00,0x00,0x00,0x00,0x00,0x00,0x00,0x00,0x00,0x00,0x00},
			0x00000000, 0x00000000
		},
		{
			{0x00,0x00,0x00,0x00,0x00,0x00,0x00,0x00,0x00,0x00,0x00,0x00,0xFF,0xFF},
			0x0000, 0x0000, 0x0000, -1, 0x0000, 0x000F, 0x000F, {0x01,0x00}, 0x0000,
			0.0f, {0x01,0x68}, 0x0000, 0x0000, 0x0000, 0x0000, 0x0000, 0x0000,
			{0x00,0x00,0x00,0x00,0x00,0x00,0x00,0x00,0x00,0x00,0x00,0x00,0x00,0x00},
			0x00000022, 0x00000000
		}
	},
	{	// ---- level 12 ----
		{
			{0x05,0x00,0xF6,0x68,0x00,0x00,0x00,0x00,0x00,0x00,0x00,0x00,0x00,0x01},
			0x0000, 0x000A, 0x0000, 0x00CF, 0x0000, 0x0042, 0x0024, {0x01,0x00}, 0x0000,
			0.0f, {0x00,0x00}, 0x0000, 0x0000, 0x0000, 0x0000, 0x0000, 0x0000,
			{0x00,0x00,0x00,0x42,0x00,0x00,0x00,0x00,0x00,0x00,0x00,0x00,0x00,0x00},
			0x201000EC, 0x00000008
		},
		{
			{0x05,0x00,0xF6,0x08,0x00,0x00,0x00,0x00,0x00,0x00,0x00,0x00,0x00,0x05},
			0x0000, 0x0023, 0x0000, -1, 0x0000, 0x0014, 0x0014, {0x01,0x00}, 0x0000,
			0.0f, {0x00,0xB4}, 0x0000, 0x0000, 0x0000, 0x0000, 0x0000, 0x0000,
			{0x00,0x00,0x00,0x00,0x00,0x00,0x00,0x00,0x00,0x00,0x00,0x00,0x00,0x00},
			0x00000020, 0x00000000
		},
		{
			{0x05,0x00,0xF6,0x18,0x00,0x00,0x00,0x00,0x00,0x00,0x00,0x00,0xFF,0xFF},
			0x0000, 0x0000, 0x0000, -1, 0x0000, 0x0016, 0x001F, {0x01,0x00}, 0x0000,
			0.0f, {0x01,0x68}, 0x0000, 0x0000, 0x0000, 0x0000, 0x0000, 0x0000,
			{0x00,0x00,0x00,0x00,0x00,0x00,0x00,0x00,0x00,0x00,0x00,0x00,0x00,0x00},
			0x00000020, 0x00000000
		},
		{
			{0x05,0x00,0xF5,0x20,0x00,0x00,0x00,0x00,0x00,0x00,0x00,0x00,0xFF,0xFF},
			0x0000, 0x0000, 0x0000, -1, 0x0000, 0x0028, 0x0005, {0x23,0x00}, 0x0000,
			0.0f, {0x00,0x00}, 0x0000, 0x0000, 0x0000, 0x0000, 0x0000, 0x0000,
			{0x00,0x00,0x00,0x28,0x00,0x00,0x00,0x00,0x00,0x00,0x00,0x00,0x00,0x00},
			0x02000022, 0x00000000
		},
		{
			{0x05,0x00,0xF5,0x88,0x00,0x00,0x00,0x00,0x00,0x00,0x00,0x00,0xFF,0xFF},
			0x0000, 0x0000, 0x0000, -1, 0x0000, 0x0046, 0x001E, {0x01,0x00}, 0x002D,
			-2.0f, {0x00,0x00}, 0x0000, 0x0000, 0x0000, -120, 0x0053, 0x0033,
			{0xFF,0xEE,0x00,0x15,0xFF,0xDF,0x00,0x14,0x05,0x15,0x00,0x00,0x00,0x00},
			0x00000120, 0x00000000
		},
		{
			{0x05,0x00,0xF6,0xB8,0x00,0x00,0x00,0x00,0x00,0x00,0x00,0x00,0xFF,0xFF},
			0x0000, 0x0000, 0x0000, -1, 0x0000, 0x005C, 0x0022, {0x01,0x00}, 0x0000,
			0.0f, {0x01,0x68}, 0x0000, 0x0000, 0x0000, 0x0000, 0x0000, 0x0000,
			{0x00,0x00,0x00,0x00,0x00,0x00,0x00,0x00,0x00,0x00,0x00,0x00,0x00,0x00},
			0x00000020, 0x00000000
		},
		{
			{0x05,0x00,0xF6,0x28,0x00,0x00,0x00,0x00,0x00,0x00,0x00,0x00,0xFF,0xFF},
			0x0000, 0x0000, 0x0000, -1, 0x0000, 0x005C, 0x0022, {0x01,0x00}, 0x0000,
			0.0f, {0x01,0x68}, 0x0000, 0x0000, 0x0000, 0x0000, 0x0000, 0x0000,
			{0x00,0x00,0x00,0x00,0x00,0x00,0x00,0x00,0x00,0x00,0x00,0x00,0x00,0x00},
			0x00000020, 0x00000000
		},
		{
			{0x0B,0x02,0xA2,0xA8,0x00,0x00,0x00,0x00,0x00,0x00,0x00,0x00,0xFF,0xFF},
			0x0000, 0x0000, 0x0000, -1, 0x0000, 0x0011, 0x0011, {0x01,0x00}, 0x0000,
			0.0f, {0x00,0x00}, 0x0000, 0x0000, 0x0000, 0x0000, 0x0000, 0x0000,
			{0x00,0x00,0x00,0x00,0x00,0x00,0x00,0x00,0x00,0x00,0x00,0x00,0x00,0x00},
			0x00000020, 0x00000000
		},
		{
			{0x00,0x00,0x00,0x00,0x00,0x00,0x00,0x00,0x00,0x00,0x00,0x00,0xFF,0xFF},
			0x0000, 0x0000, 0x0000, -1, 0x0000, 0x0000, 0x0000, {0x00,0x00}, 0x0000,
			0.0f, {0x00,0x00}, 0x0000, 0x0000, 0x0000, 0x0000, 0x0000, 0x0000,
			{0x00,0x00,0x00,0x00,0x00,0x00,0x00,0x00,0x00,0x00,0x00,0x00,0x00,0x00},
			0x00000000, 0x00000000
		},
		{
			{0x05,0x00,0xF6,0x78,0x00,0x00,0x00,0x00,0x00,0x00,0x00,0x00,0xFF,0xFF},
			0x0000, 0x0000, 0x0000, 0x016C, 0x0000, 0x0038, 0x000A, {0x01,0x00}, 0x0000,
			0.0f, {0x00,0x00}, 0x0000, 0x0000, 0x0000, 0x0000, 0x0000, 0x0000,
			{0x00,0x00,0x00,0x28,0x00,0x00,0x00,0x00,0x00,0x00,0x00,0x00,0x00,0x00},
			0x02000024, 0x00000000
		},
		{
			{0x00,0x00,0x00,0x00,0x00,0x00,0x00,0x00,0x00,0x00,0x00,0x00,0xFF,0xFF},
			0x0000, 0x0000, 0x0000, -1, 0x0000, 0x0000, 0x0000, {0x00,0x00}, 0x0000,
			0.0f, {0x00,0x00}, 0x0000, 0x0000, 0x0000, 0x0000, 0x0000, 0x0000,
			{0x00,0x00,0x00,0x00,0x00,0x00,0x00,0x00,0x00,0x00,0x00,0x00,0x00,0x00},
			0x00000000, 0x00000000
		},
		{
			{0x05,0x00,0xF6,0x88,0x00,0x00,0x00,0x00,0x00,0x00,0x00,0x00,0xFF,0xFF},
			0x0000, 0x0000, 0x0000, 0x013B, 0x0000, 0x002E, 0x001A, {0x01,0x00}, 0x001E,
			3.0f, {0x00,0x00}, 0x0000, 0x0000, 0x0000, 0x0051, 0x0098, 0x0029,
			{0x00,0x00,0x00,0x2E,0x00,0x14,0x00,0x19,0x05,0x1C,0x00,0x00,0x00,0x00},
			0x00000120, 0x00000000
		},
		{
			{0x05,0x00,0xF5,0xD0,0x00,0x00,0x00,0x00,0x00,0x00,0x00,0x00,0xFF,0xFF},
			0x0000, 0x0000, 0x0000, 0x012C, 0x0000, 0x0022, 0x001A, {0x01,0x00}, 0x0019,
			2.0f, {0x00,0x00}, 0x0000, 0x0000, 0x0000, 0x0000, 0x007F, 0x0009,
			{0x00,0x00,0x00,0x22,0x00,0x00,0x00,0x0A,0x22,0x14,0x00,0x00,0x00,0x00},
			0x0040C124, 0x00000000
		},
		{
			{0x05,0x00,0xF5,0x40,0x00,0x00,0x00,0x00,0x00,0x00,0x00,0x00,0xFF,0xFF},
			0x0000, 0x0000, 0x0000, 0x013B, 0x0000, 0x0028, 0x0020, {0x01,0x00}, 0x0014,
			-3.0f, {0x00,0x00}, 0x0000, 0x0000, 0x0000, 0x0000, 0x004A, -61,
			{0x00,0x00,0x00,0x28,0x00,0x00,0x00,0x00,0x00,0x00,0x00,0x00,0x00,0x00},
			0x00008324, 0x00000000
		},
		{
			{0x0B,0x02,0xA2,0x58,0x00,0x00,0x00,0x00,0x00,0x00,0x00,0x00,0xFF,0xFF},
			0x0000, 0x0000, 0x0000, -1, 0x0000, 0x0028, 0x0028, {0x01,0x00}, 0x0000,
			0.0f, {0x00,0x00}, 0x0000, 0x0000, 0x0000, 0x0000, 0x0000, 0x0000,
			{0x00,0x00,0x00,0x00,0x00,0x00,0x00,0x00,0x00,0x00,0x00,0x00,0x00,0x00},
			0x00000020, 0x00000001
		},
		{
			{0x05,0x00,0xF6,0x98,0x00,0x00,0x00,0x00,0x00,0x00,0x00,0x00,0xFF,0xFF},
			0x0000, 0x0000, 0x0000, -1, 0x0000, 0x0046, 0x0022, {0x01,0x00}, 0x0000,
			0.0f, {0x00,0x00}, 0x0000, 0x0000, 0x0000, 0x0000, 0x0000, 0x0000,
			{0x00,0x00,0x00,0x00,0x00,0x00,0x00,0x00,0x00,0x00,0x00,0x00,0x00,0x00},
			0x00000020, 0x00000000
		},
		{
			{0x05,0x00,0xF6,0x48,0x00,0x00,0x00,0x00,0x00,0x00,0x00,0x00,0xFF,0xFF},
			0x0000, 0x0000, 0x0000, -1, 0x0000, 0x0042, 0x001C, {0x01,0x00}, 0x0000,
			0.0f, {0x00,0x00}, 0x0000, 0x0000, 0x0000, 0x0000, 0x0000, 0x0000,
			{0x00,0x00,0x00,0x00,0x00,0x00,0x00,0x00,0x00,0x00,0x00,0x00,0x00,0x00},
			0x00000020, 0x00000000
		},
		{
			{0x05,0x00,0xF6,0x38,0x00,0x00,0x00,0x00,0x00,0x00,0x00,0x00,0xFF,0xFF},
			0x0000, 0x0000, 0x0000, -1, 0x0000, 0x0006, 0x0006, {0x01,0x00}, 0x0000,
			0.0f, {0x00,0x00}, 0x0000, 0x0000, 0x0000, 0x0000, 0x0000, 0x0000,
			{0x00,0x00,0x00,0x00,0x00,0x00,0x00,0x00,0x00,0x00,0x00,0x00,0x00,0x00},
			0x00000020, 0x00000000
		},
		{
			{0x0B,0x02,0xA2,0xD8,0x00,0x00,0x00,0x00,0x00,0x00,0x00,0x00,0xFF,0xFF},
			0x0000, 0x0000, 0x0000, -1, 0x0000, 0x0016, 0x001D, {0x01,0x00}, 0x0000,
			0.0f, {0x00,0x00}, 0x0000, 0x0000, 0x0000, 0x0000, 0x0000, 0x0000,
			{0x00,0x00,0x00,0x00,0x00,0x00,0x00,0x00,0x00,0x00,0x00,0x00,0x00,0x00},
			0x00000020, 0x00000000
		},
		{
			{0x0B,0x02,0xA2,0xC8,0x00,0x00,0x00,0x00,0x00,0x00,0x00,0x00,0xFF,0xFF},
			0x0000, 0x0000, 0x0000, -1, 0x0000, 0x000A, 0x000A, {0x23,0x00}, 0x0000,
			0.0f, {0x00,0x00}, 0x0000, 0x0000, 0x0000, 0x0000, 0x0000, 0x0000,
			{0x00,0x00,0x00,0x00,0x00,0x00,0x00,0x00,0x00,0x00,0x00,0x00,0x00,0x00},
			0x00000020, 0x00000001
		},
		{
			{0x0B,0x02,0xA4,0x50,0x00,0x00,0x00,0x00,0x00,0x00,0x00,0x00,0xFF,0xFF},
			0x0000, 0x0000, 0x0000, -1, 0x0000, 0x0050, 0x0028, {0x01,0x00}, 0x0000,
			0.0f, {0x00,0x00}, 0x0000, 0x0000, 0x0000, 0x0000, 0x0000, 0x0000,
			{0x00,0x00,0x00,0x00,0x00,0x00,0x00,0x00,0x00,0x00,0x00,0x00,0x00,0x00},
			0x00000020, 0x00000000
		},
		{
			{0x0B,0x02,0xA3,0xD8,0x00,0x00,0x00,0x00,0x00,0x00,0x00,0x00,0xFF,0xFF},
			0x0000, 0x0000, 0x0000, -1, 0x0000, 0x001D, 0x001D, {0x23,0x00}, 0x0000,
			0.0f, {0x00,0x00}, 0x0000, 0x0000, 0x0000, 0x0000, 0x0000, 0x0000,
			{0x00,0x00,0x00,0x00,0x00,0x00,0x00,0x00,0x00,0x00,0x00,0x00,0x00,0x00},
			0x00000020, 0x00000000
		},
		{
			{0x0B,0x02,0xA2,0xB8,0x00,0x00,0x00,0x00,0x00,0x00,0x00,0x00,0xFF,0xFF},
			0x0000, 0x0000, 0x0000, -1, 0x0000, 0x002D, 0x0021, {0x01,0x00}, 0x0000,
			0.0f, {0x00,0x00}, 0x0000, 0x0000, 0x0000, 0x0000, 0x0000, 0x0000,
			{0x00,0x00,0x00,0x00,0x00,0x00,0x00,0x00,0x00,0x00,0x00,0x00,0x00,0x00},
			0x00000020, 0x00000000
		},
		{
			{0x0B,0x02,0xA3,0x60,0x00,0x00,0x00,0x00,0x00,0x00,0x00,0x00,0xFF,0xFF},
			0x0000, 0x0000, 0x0000, -1, 0x0000, 0x0024, 0x0022, {0x01,0x00}, 0x0000,
			0.0f, {0x00,0x00}, 0x0000, 0x0000, 0x0000, 0x003D, 0x006F, 0x0045,
			{0x00,0x00,0x00,0x00,0x00,0x00,0x00,0x00,0x00,0x00,0x00,0x00,0x00,0x00},
			0x00000120, 0x00000000
		},
		{
			{0x0B,0x02,0xA2,0x00,0x00,0x00,0x00,0x00,0x00,0x00,0x00,0x00,0xFF,0xFF},
			0x0000, 0x0000, 0x0000, -1, 0x0000, 0x0034, 0x002A, {0x01,0x00}, 0x0000,
			0.0f, {0x00,0x00}, 0x0000, 0x0000, 0x0000, 0x0000, 0x0000, 0x0000,
			{0x00,0x00,0x00,0x00,0x00,0x00,0x00,0x00,0x00,0x00,0x00,0x00,0x00,0x00},
			0x00000020, 0x00000000
		},
		{
			{0x0B,0x02,0xA2,0x68,0x00,0x00,0x00,0x00,0x00,0x00,0x00,0x00,0xFF,0xFF},
			0x0000, 0x0000, 0x0000, -1, 0x0000, 0x0015, 0x000D, {0x01,0x00}, 0x0000,
			0.0f, {0x00,0x00}, 0x0000, 0x0000, 0x0000, 0x0000, 0x0000, 0x0000,
			{0x00,0x00,0x00,0x00,0x00,0x00,0x00,0x00,0x00,0x00,0x00,0x00,0x00,0x00},
			0x00000020, 0x00000000
		},
		{
			{0x0B,0x02,0xA4,0x70,0x00,0x00,0x00,0x00,0x00,0x00,0x00,0x00,0xFF,0xFF},
			0x0000, 0x0000, 0x0000, -1, 0x0000, 0x0060, 0x0060, {0x00,0x00}, 0x0000,
			0.0f, {0x00,0x00}, 0x0000, 0x0000, 0x0000, 0x0000, 0x0000, 0x0000,
			{0x00,0x00,0x00,0x5A,0x00,0x00,0x00,0x00,0x00,0x00,0x00,0x00,0x00,0x00},
			-2147418076, 0x00000004
		},
		{
			{0x0B,0x02,0xA4,0xA8,0x00,0x00,0x00,0x00,0x00,0x00,0x00,0x00,0xFF,0xFF},
			0x0000, 0x0000, 0x0000, -1, 0x0000, 0x0060, 0x0060, {0x00,0x00}, 0x0000,
			0.0f, {0x00,0x00}, 0x0000, 0x0000, 0x0000, 0x0000, 0x0000, 0x0000,
			{0x00,0x00,0x00,0x5A,0x00,0x00,0x00,0x00,0x00,0x00,0x00,0x00,0x00,0x00},
			-2147418076, 0x00000004
		},
		{
			{0x05,0x00,0xF5,0x98,0x00,0x00,0x00,0x00,0x00,0x00,0x00,0x00,0xFF,0xFF},
			0x0000, 0x0000, 0x0000, 0x013A, 0x0000, 0x0006, 0x0006, {0x28,0x00}, 0x0000,
			0.0f, {0x01,0x68}, 0x0000, 0x0000, 0x0000, 0x0000, 0x0000, 0x0000,
			{0x00,0x00,0x00,0x00,0x00,0x00,0x00,0x00,0x00,0x00,0x00,0x00,0x00,0x00},
			0x0000002A, 0x00000000
		},
		{
			{0x00,0x00,0x00,0x00,0x00,0x00,0x00,0x00,0x00,0x00,0x00,0x00,0xFF,0xFF},
			0x0000, 0x0000, 0x0000, -1, 0x0000, 0x0000, 0x0000, {0x00,0x00}, 0x0000,
			0.0f, {0x00,0x00}, 0x0000, 0x0000, 0x0000, 0x0000, 0x0000, 0x0000,
			{0x00,0x00,0x00,0x00,0x00,0x00,0x00,0x00,0x00,0x00,0x00,0x00,0x00,0x00},
			0x00000000, 0x00000000
		},
		{
			{0x0B,0x00,0x26,0xE8,0x00,0x00,0x00,0x00,0x00,0x00,0x00,0x00,0xFF,0xFF},
			0x0000, 0x0000, 0x0000, -1, 0x0000, 0x0060, 0x0008, {0x00,0x00}, 0x0023,
			2.0f, {0x00,0x00}, 0x0000, 0x0000, 0x0000, 0x0000, 0x0000, 0x0000,
			{0x00,0x00,0x00,0x00,0x00,0x00,0x00,0x00,0x00,0x00,0x00,0x00,0x00,0x00},
			0x00002020, 0x00000000
		},
		{
			{0x00,0x00,0x00,0x00,0x00,0x00,0x00,0x00,0x00,0x00,0x00,0x00,0xFF,0xFF},
			0x0000, 0x0000, 0x0000, -1, 0x0000, 0x000F, 0x000F, {0x01,0x00}, 0x0000,
			0.0f, {0x01,0x68}, 0x0000, 0x0000, 0x0000, 0x0000, 0x0000, 0x0000,
			{0x00,0x00,0x00,0x28,0x00,0x00,0x00,0x00,0x00,0x00,0x00,0x00,0x00,0x00},
			0x00000024, 0x00000000
		}
	},
	{	// ---- level 13 ----
		{
			{0x05,0x00,0xF6,0x68,0x00,0x00,0x00,0x00,0x00,0x00,0x00,0x00,0x00,0x01},
			0x0000, 0x000A, 0x0000, 0x00CF, 0x0000, 0x0042, 0x0024, {0x01,0x00}, 0x0000,
			0.0f, {0x00,0x00}, 0x0000, 0x0000, 0x0000, 0x0000, 0x0000, 0x0000,
			{0x00,0x00,0x00,0x42,0x00,0x00,0x00,0x00,0x00,0x00,0x00,0x00,0x00,0x00},
			0x201000EC, 0x00000008
		},
		{
			{0x00,0x00,0x00,0x00,0x00,0x00,0x00,0x00,0x00,0x00,0x00,0x00,0xFF,0xFF},
			0x0000, 0x0000, 0x0000, -1, 0x0000, 0x0000, 0x0000, {0x00,0x00}, 0x0000,
			0.0f, {0x00,0x00}, 0x0000, 0x0000, 0x0000, 0x0000, 0x0000, 0x0000,
			{0x00,0x00,0x00,0x00,0x00,0x00,0x00,0x00,0x00,0x00,0x00,0x00,0x00,0x00},
			0x00000000, 0x00000000
		},
		{
			{0x00,0x00,0x00,0x00,0x00,0x00,0x00,0x00,0x00,0x00,0x00,0x00,0xFF,0xFF},
			0x0000, 0x0000, 0x0000, -1, 0x0000, 0x0000, 0x0000, {0x00,0x00}, 0x0000,
			0.0f, {0x00,0x00}, 0x0000, 0x0000, 0x0000, 0x0000, 0x0000, 0x0000,
			{0x00,0x00,0x00,0x00,0x00,0x00,0x00,0x00,0x00,0x00,0x00,0x00,0x00,0x00},
			0x00000000, 0x00000000
		},
		{
			{0x05,0x00,0xF5,0x20,0x00,0x00,0x00,0x00,0x00,0x00,0x00,0x00,0xFF,0xFF},
			0x0000, 0x0000, 0x0000, -1, 0x0000, 0x0028, 0x0005, {0x23,0x00}, 0x0000,
			0.0f, {0x00,0x00}, 0x0000, 0x0000, 0x0000, 0x0000, 0x0000, 0x0000,
			{0x00,0x00,0x00,0x28,0x00,0x00,0x00,0x00,0x00,0x00,0x00,0x00,0x00,0x00},
			0x02000022, 0x00000000
		},
		{
			{0x05,0x00,0xF5,0x88,0x00,0x00,0x00,0x00,0x00,0x00,0x00,0x00,0xFF,0xFF},
			0x0000, 0x0000, 0x0000, -1, 0x0000, 0x0046, 0x001E, {0x01,0x00}, 0x002D,
			-2.0f, {0x00,0x00}, 0x0000, 0x0000, 0x0000, -120, 0x0053, 0x0033,
			{0xFF,0xEE,0x00,0x15,0xFF,0xDF,0x00,0x14,0x05,0x15,0x00,0x00,0x00,0x00},
			0x00000120, 0x00000000
		},
		{
			{0x05,0x00,0xF6,0xB8,0x00,0x00,0x00,0x00,0x00,0x00,0x00,0x00,0xFF,0xFF},
			0x0000, 0x0000, 0x0000, -1, 0x0000, 0x005C, 0x0022, {0x01,0x00}, 0x0000,
			0.0f, {0x01,0x68}, 0x0000, 0x0000, 0x0000, 0x0000, 0x0000, 0x0000,
			{0x00,0x00,0x00,0x00,0x00,0x00,0x00,0x00,0x00,0x00,0x00,0x00,0x00,0x00},
			0x00000020, 0x00000000
		},
		{
			{0x00,0x00,0x00,0x00,0x00,0x00,0x00,0x00,0x00,0x00,0x00,0x00,0xFF,0xFF},
			0x0000, 0x0000, 0x0000, -1, 0x0000, 0x0000, 0x0000, {0x00,0x00}, 0x0000,
			0.0f, {0x00,0x00}, 0x0000, 0x0000, 0x0000, 0x0000, 0x0000, 0x0000,
			{0x00,0x00,0x00,0x00,0x00,0x00,0x00,0x00,0x00,0x00,0x00,0x00,0x00,0x00},
			0x00000000, 0x00000000
		},
		{
			{0x00,0x00,0x00,0x00,0x00,0x00,0x00,0x00,0x00,0x00,0x00,0x00,0xFF,0xFF},
			0x0000, 0x0000, 0x0000, -1, 0x0000, 0x0000, 0x0000, {0x00,0x00}, 0x0000,
			0.0f, {0x00,0x00}, 0x0000, 0x0000, 0x0000, 0x0000, 0x0000, 0x0000,
			{0x00,0x00,0x00,0x00,0x00,0x00,0x00,0x00,0x00,0x00,0x00,0x00,0x00,0x00},
			0x00000000, 0x00000000
		},
		{
			{0x00,0x00,0x00,0x00,0x00,0x00,0x00,0x00,0x00,0x00,0x00,0x00,0xFF,0xFF},
			0x0000, 0x0000, 0x0000, -1, 0x0000, 0x0000, 0x0000, {0x00,0x00}, 0x0000,
			0.0f, {0x00,0x00}, 0x0000, 0x0000, 0x0000, 0x0000, 0x0000, 0x0000,
			{0x00,0x00,0x00,0x00,0x00,0x00,0x00,0x00,0x00,0x00,0x00,0x00,0x00,0x00},
			0x00000000, 0x00000000
		},
		{
			{0x05,0x00,0xF6,0x78,0x00,0x00,0x00,0x00,0x00,0x00,0x00,0x00,0xFF,0xFF},
			0x0000, 0x0000, 0x0000, 0x016C, 0x0000, 0x0038, 0x000A, {0x01,0x00}, 0x0000,
			0.0f, {0x00,0x00}, 0x0000, 0x0000, 0x0000, 0x0000, 0x0000, 0x0000,
			{0x00,0x00,0x00,0x28,0x00,0x00,0x00,0x00,0x00,0x00,0x00,0x00,0x00,0x00},
			0x02000024, 0x00000000
		},
		{
			{0x00,0x00,0x00,0x00,0x00,0x00,0x00,0x00,0x00,0x00,0x00,0x00,0xFF,0xFF},
			0x0000, 0x0000, 0x0000, -1, 0x0000, 0x0000, 0x0000, {0x00,0x00}, 0x0000,
			0.0f, {0x00,0x00}, 0x0000, 0x0000, 0x0000, 0x0000, 0x0000, 0x0000,
			{0x00,0x00,0x00,0x00,0x00,0x00,0x00,0x00,0x00,0x00,0x00,0x00,0x00,0x00},
			0x00000000, 0x00000000
		},
		{
			{0x05,0x00,0xF6,0x88,0x00,0x00,0x00,0x00,0x00,0x00,0x00,0x00,0xFF,0xFF},
			0x0000, 0x0000, 0x0000, 0x013B, 0x0000, 0x002E, 0x001A, {0x01,0x00}, 0x001E,
			3.0f, {0x00,0x00}, 0x0000, 0x0000, 0x0000, 0x0051, 0x0098, 0x0029,
			{0x00,0x00,0x00,0x2E,0x00,0x14,0x00,0x19,0x05,0x1C,0x00,0x00,0x00,0x00},
			0x00000120, 0x00000000
		},
		{
			{0x05,0x00,0xF5,0xD0,0x00,0x00,0x00,0x00,0x00,0x00,0x00,0x00,0xFF,0xFF},
			0x0000, 0x0000, 0x0000, 0x012C, 0x0000, 0x0022, 0x001A, {0x01,0x00}, 0x0019,
			2.0f, {0x00,0x00}, 0x0000, 0x0000, 0x0000, 0x0000, 0x007F, 0x0009,
			{0x00,0x00,0x00,0x22,0x00,0x00,0x00,0x0A,0x22,0x14,0x00,0x00,0x00,0x00},
			0x0040C124, 0x00000000
		},
		{
			{0x05,0x00,0xF5,0x40,0x00,0x00,0x00,0x00,0x00,0x00,0x00,0x00,0xFF,0xFF},
			0x0000, 0x0000, 0x0000, 0x013B, 0x0000, 0x0028, 0x0020, {0x01,0x00}, 0x0014,
			-3.0f, {0x00,0x00}, 0x0000, 0x0000, 0x0000, 0x0000, 0x004A, -61,
			{0x00,0x00,0x00,0x28,0x00,0x00,0x00,0x00,0x00,0x00,0x00,0x00,0x00,0x00},
			0x00008324, 0x00000000
		},
		{
			{0x00,0x00,0x00,0x00,0x00,0x00,0x00,0x00,0x00,0x00,0x00,0x00,0xFF,0xFF},
			0x0000, 0x0000, 0x0000, -1, 0x0000, 0x0000, 0x0000, {0x00,0x00}, 0x0000,
			0.0f, {0x00,0x00}, 0x0000, 0x0000, 0x0000, 0x0000, 0x0000, 0x0000,
			{0x00,0x00,0x00,0x00,0x00,0x00,0x00,0x00,0x00,0x00,0x00,0x00,0x00,0x00},
			0x00000000, 0x00000000
		},
		{
			{0x05,0x00,0xF6,0x98,0x00,0x00,0x00,0x00,0x00,0x00,0x00,0x00,0xFF,0xFF},
			0x0000, 0x0000, 0x0000, -1, 0x0000, 0x0046, 0x0022, {0x01,0x00}, 0x0000,
			0.0f, {0x00,0x00}, 0x0000, 0x0000, 0x0000, 0x0000, 0x0000, 0x0000,
			{0x00,0x00,0x00,0x00,0x00,0x00,0x00,0x00,0x00,0x00,0x00,0x00,0x00,0x00},
			0x00000020, 0x00000000
		},
		{
			{0x05,0x00,0xF6,0x48,0x00,0x00,0x00,0x00,0x00,0x00,0x00,0x00,0xFF,0xFF},
			0x0000, 0x0000, 0x0000, -1, 0x0000, 0x0042, 0x001C, {0x01,0x00}, 0x0000,
			0.0f, {0x00,0x00}, 0x0000, 0x0000, 0x0000, 0x0000, 0x0000, 0x0000,
			{0x00,0x00,0x00,0x00,0x00,0x00,0x00,0x00,0x00,0x00,0x00,0x00,0x00,0x00},
			0x00000020, 0x00000000
		},
		{
			{0x05,0x00,0xF6,0x38,0x00,0x00,0x00,0x00,0x00,0x00,0x00,0x00,0xFF,0xFF},
			0x0000, 0x0000, 0x0000, -1, 0x0000, 0x0006, 0x0006, {0x01,0x00}, 0x0000,
			0.0f, {0x00,0x00}, 0x0000, 0x0000, 0x0000, 0x0000, 0x0000, 0x0000,
			{0x00,0x00,0x00,0x00,0x00,0x00,0x00,0x00,0x00,0x00,0x00,0x00,0x00,0x00},
			0x00000020, 0x00000000
		},
		{
			{0x0B,0x02,0xA4,0x20,0x00,0x00,0x00,0x00,0x00,0x00,0x00,0x00,0xFF,0xFF},
			0x0000, 0x0000, 0x0000, -1, 0x0000, 0x000A, 0x000A, {0x23,0x00}, 0x0000,
			0.0f, {0x00,0x00}, 0x0000, 0x0000, 0x0000, 0x0000, 0x0000, 0x0000,
			{0x00,0x00,0x00,0x00,0x00,0x00,0x00,0x00,0x00,0x00,0x00,0x00,0x00,0x00},
			0x00000020, 0x00000000
		},
		{
			{0x0B,0x02,0xA2,0x88,0x00,0x00,0x00,0x00,0x00,0x00,0x00,0x00,0xFF,0xFF},
			0x0000, 0x0000, 0x0000, -1, 0x0000, 0x002A, 0x0017, {0x01,0x00}, 0x0000,
			0.0f, {0x00,0x00}, 0x0000, 0x0000, 0x0000, 0x0000, 0x0000, 0x0000,
			{0x00,0x00,0x00,0x00,0x00,0x00,0x00,0x00,0x00,0x00,0x00,0x00,0x00,0x00},
			0x00000020, 0x00000001
		},
		{
			{0x0B,0x02,0xA2,0x48,0x00,0x00,0x00,0x00,0x00,0x00,0x00,0x00,0xFF,0xFF},
			0x0000, 0x0000, 0x0000, -1, 0x0000, 0x0065, 0x0019, {0x01,0x00}, 0x0000,
			0.0f, {0x00,0x00}, 0x0000, 0x0000, 0x0000, 0x0000, 0x0000, 0x0000,
			{0x00,0x00,0x00,0x00,0x00,0x00,0x00,0x00,0x00,0x00,0x00,0x00,0x00,0x00},
			0x00000020, 0x00000000
		},
		{
			{0x0B,0x02,0xA2,0x20,0x00,0x00,0x00,0x00,0x00,0x00,0x00,0x00,0xFF,0xFF},
			0x0000, 0x0000, 0x0000, -1, 0x0000, 0x0015, 0x0015, {0x28,0x00}, 0x0000,
			0.0f, {0x00,0x00}, 0x0000, 0x0000, 0x0000, 0x0000, 0x0000, 0x0012,
			{0x00,0x00,0x00,0x00,0x00,0x00,0x00,0x00,0x00,0x00,0x00,0x00,0x00,0x00},
			0x00000120, 0x00000000
		},
		{
			{0x00,0x00,0x00,0x00,0x00,0x00,0x00,0x00,0x00,0x00,0x00,0x00,0xFF,0xFF},
			0x0000, 0x0000, 0x0000, -1, 0x0000, 0x0000, 0x0000, {0x00,0x00}, 0x0000,
			0.0f, {0x00,0x00}, 0x0000, 0x0000, 0x0000, 0x0000, 0x0000, 0x0000,
			{0x00,0x00,0x00,0x00,0x00,0x00,0x00,0x00,0x00,0x00,0x00,0x00,0x00,0x00},
			0x00000000, 0x00000000
		},
		{
			{0x0B,0x02,0xA2,0x98,0x00,0x00,0x00,0x00,0x00,0x00,0x00,0x00,0xFF,0xFF},
			0x0000, 0x0000, 0x0000, -1, 0x0000, 0x0011, 0x0011, {0x01,0x00}, 0x0000,
			0.0f, {0x00,0x00}, 0x0000, 0x0000, 0x0000, 0x0000, 0x0000, 0x0000,
			{0x00,0x00,0x00,0x00,0x00,0x00,0x00,0x00,0x00,0x00,0x00,0x00,0x00,0x00},
			0x00000020, 0x00000000
		},
		{
			{0x00,0x00,0x00,0x00,0x00,0x00,0x00,0x00,0x00,0x00,0x00,0x00,0xFF,0xFF},
			0x0000, 0x0000, 0x0000, -1, 0x0000, 0x0000, 0x0000, {0x00,0x00}, 0x0000,
			0.0f, {0x00,0x00}, 0x0000, 0x0000, 0x0000, 0x0000, 0x0000, 0x0000,
			{0x00,0x00,0x00,0x00,0x00,0x00,0x00,0x00,0x00,0x00,0x00,0x00,0x00,0x00},
			0x00000000, 0x00000000
		},
		{
			{0x00,0x00,0x00,0x00,0x00,0x00,0x00,0x00,0x00,0x00,0x00,0x00,0xFF,0xFF},
			0x0000, 0x0000, 0x0000, -1, 0x0000, 0x0000, 0x0000, {0x00,0x00}, 0x0000,
			0.0f, {0x00,0x00}, 0x0000, 0x0000, 0x0000, 0x0000, 0x0000, 0x0000,
			{0x00,0x00,0x00,0x00,0x00,0x00,0x00,0x00,0x00,0x00,0x00,0x00,0x00,0x00},
			0x00000000, 0x00000000
		},
		{
			{0x0B,0x02,0xA4,0x70,0x00,0x00,0x00,0x00,0x00,0x00,0x00,0x00,0xFF,0xFF},
			0x0000, 0x0000, 0x0000, -1, 0x0000, 0x0060, 0x0060, {0x00,0x00}, 0x0000,
			0.0f, {0x00,0x00}, 0x0000, 0x0000, 0x0000, 0x0000, 0x0000, 0x0000,
			{0x00,0x00,0x00,0x5A,0x00,0x00,0x00,0x00,0x00,0x00,0x00,0x00,0x00,0x00},
			-2147418076, 0x00000004
		},
		{
			{0x0B,0x02,0xA4,0xA8,0x00,0x00,0x00,0x00,0x00,0x00,0x00,0x00,0xFF,0xFF},
			0x0000, 0x0000, 0x0000, -1, 0x0000, 0x0060, 0x0060, {0x00,0x00}, 0x0000,
			0.0f, {0x00,0x00}, 0x0000, 0x0000, 0x0000, 0x0000, 0x0000, 0x0000,
			{0x00,0x00,0x00,0x5A,0x00,0x00,0x00,0x00,0x00,0x00,0x00,0x00,0x00,0x00},
			-2147418076, 0x00000004
		},
		{
			{0x05,0x00,0xF5,0x98,0x00,0x00,0x00,0x00,0x00,0x00,0x00,0x00,0xFF,0xFF},
			0x0000, 0x0000, 0x0000, 0x013A, 0x0000, 0x0006, 0x0006, {0x28,0x00}, 0x0000,
			0.0f, {0x01,0x68}, 0x0000, 0x0000, 0x0000, 0x0000, 0x0000, 0x0000,
			{0x00,0x00,0x00,0x00,0x00,0x00,0x00,0x00,0x00,0x00,0x00,0x00,0x00,0x00},
			0x0000002A, 0x00000000
		},
		{
			{0x00,0x00,0x00,0x00,0x00,0x00,0x00,0x00,0x00,0x00,0x00,0x00,0xFF,0xFF},
			0x0000, 0x0000, 0x0000, -1, 0x0000, 0x0000, 0x0000, {0x00,0x00}, 0x0000,
			0.0f, {0x00,0x00}, 0x0000, 0x0000, 0x0000, 0x0000, 0x0000, 0x0000,
			{0x00,0x00,0x00,0x00,0x00,0x00,0x00,0x00,0x00,0x00,0x00,0x00,0x00,0x00},
			0x00000000, 0x00000000
		},
		{
			{0x0B,0x00,0x4C,0xF0,0x00,0x00,0x00,0x00,0x00,0x00,0x00,0x00,0xFF,0xFF},
			0x0000, 0x0000, 0x0000, -1, 0x0000, 0x0060, 0x0008, {0x00,0x00}, 0x0023,
			2.0f, {0x00,0x00}, 0x0000, 0x0000, 0x0000, 0x0000, 0x0000, 0x0000,
			{0x00,0x00,0x00,0x00,0x00,0x00,0x00,0x00,0x00,0x00,0x00,0x00,0x00,0x00},
			0x00002020, 0x00000000
		},
		{
			{0x00,0x00,0x00,0x00,0x00,0x00,0x00,0x00,0x00,0x00,0x00,0x00,0xFF,0xFF},
			0x0000, 0x0000, 0x0000, -1, 0x0000, 0x000F, 0x000F, {0x01,0x00}, 0x0000,
			0.0f, {0x01,0x68}, 0x0000, 0x0000, 0x0000, 0x0000, 0x0000, 0x0000,
			{0x00,0x00,0x00,0x28,0x00,0x00,0x00,0x00,0x00,0x00,0x00,0x00,0x00,0x00},
			0x00000024, 0x00000000
		}
	},
	{	// ---- level 14 ----
		{
			{0x00,0x00,0x00,0x00,0x00,0x00,0x00,0x00,0x00,0x00,0x00,0x00,0xFF,0xFF},
			0x0000, 0x0000, 0x0000, -1, 0x0000, 0x0000, 0x0000, {0x00,0x00}, 0x0000,
			0.0f, {0x00,0x00}, 0x0000, 0x0000, 0x0000, 0x0000, 0x0000, 0x0000,
			{0x00,0x00,0x00,0x00,0x00,0x00,0x00,0x00,0x00,0x00,0x00,0x00,0x00,0x00},
			0x00000000, 0x00000000
		},
		{
			{0x00,0x00,0x00,0x00,0x00,0x00,0x00,0x00,0x00,0x00,0x00,0x00,0xFF,0xFF},
			0x0000, 0x0000, 0x0000, -1, 0x0000, 0x0000, 0x0000, {0x00,0x00}, 0x0000,
			0.0f, {0x00,0x00}, 0x0000, 0x0000, 0x0000, 0x0000, 0x0000, 0x0000,
			{0x00,0x00,0x00,0x00,0x00,0x00,0x00,0x00,0x00,0x00,0x00,0x00,0x00,0x00},
			0x00000000, 0x00000000
		},
		{
			{0x00,0x00,0x00,0x00,0x00,0x00,0x00,0x00,0x00,0x00,0x00,0x00,0xFF,0xFF},
			0x0000, 0x0000, 0x0000, -1, 0x0000, 0x0000, 0x0000, {0x00,0x00}, 0x0000,
			0.0f, {0x00,0x00}, 0x0000, 0x0000, 0x0000, 0x0000, 0x0000, 0x0000,
			{0x00,0x00,0x00,0x00,0x00,0x00,0x00,0x00,0x00,0x00,0x00,0x00,0x00,0x00},
			0x00000000, 0x00000000
		},
		{
			{0x05,0x00,0xF5,0x20,0x00,0x00,0x00,0x00,0x00,0x00,0x00,0x00,0xFF,0xFF},
			0x0000, 0x0000, 0x0000, -1, 0x0000, 0x0028, 0x0005, {0x23,0x00}, 0x0000,
			0.0f, {0x00,0x00}, 0x0000, 0x0000, 0x0000, 0x0000, 0x0000, 0x0000,
			{0x00,0x00,0x00,0x28,0x00,0x00,0x00,0x00,0x00,0x00,0x00,0x00,0x00,0x00},
			0x02000022, 0x00000000
		},
		{
			{0x00,0x00,0x00,0x00,0x00,0x00,0x00,0x00,0x00,0x00,0x00,0x00,0xFF,0xFF},
			0x0000, 0x0000, 0x0000, -1, 0x0000, 0x0000, 0x0000, {0x00,0x00}, 0x0000,
			0.0f, {0x00,0x00}, 0x0000, 0x0000, 0x0000, 0x0000, 0x0000, 0x0000,
			{0x00,0x00,0x00,0x00,0x00,0x00,0x00,0x00,0x00,0x00,0x00,0x00,0x00,0x00},
			0x00000000, 0x00000000
		},
		{
			{0x00,0x00,0x00,0x00,0x00,0x00,0x00,0x00,0x00,0x00,0x00,0x00,0xFF,0xFF},
			0x0000, 0x0000, 0x0000, -1, 0x0000, 0x0000, 0x0000, {0x00,0x00}, 0x0000,
			0.0f, {0x00,0x00}, 0x0000, 0x0000, 0x0000, 0x0000, 0x0000, 0x0000,
			{0x00,0x00,0x00,0x00,0x00,0x00,0x00,0x00,0x00,0x00,0x00,0x00,0x00,0x00},
			0x00000000, 0x00000000
		},
		{
			{0x00,0x00,0x00,0x00,0x00,0x00,0x00,0x00,0x00,0x00,0x00,0x00,0xFF,0xFF},
			0x0000, 0x0000, 0x0000, -1, 0x0000, 0x0000, 0x0000, {0x00,0x00}, 0x0000,
			0.0f, {0x00,0x00}, 0x0000, 0x0000, 0x0000, 0x0000, 0x0000, 0x0000,
			{0x00,0x00,0x00,0x00,0x00,0x00,0x00,0x00,0x00,0x00,0x00,0x00,0x00,0x00},
			0x00000000, 0x00000000
		},
		{
			{0x00,0x00,0x00,0x00,0x00,0x00,0x00,0x00,0x00,0x00,0x00,0x00,0xFF,0xFF},
			0x0000, 0x0000, 0x0000, -1, 0x0000, 0x0000, 0x0000, {0x00,0x00}, 0x0000,
			0.0f, {0x00,0x00}, 0x0000, 0x0000, 0x0000, 0x0000, 0x0000, 0x0000,
			{0x00,0x00,0x00,0x00,0x00,0x00,0x00,0x00,0x00,0x00,0x00,0x00,0x00,0x00},
			0x00000000, 0x00000000
		},
		{
			{0x00,0x00,0x00,0x00,0x00,0x00,0x00,0x00,0x00,0x00,0x00,0x00,0xFF,0xFF},
			0x0000, 0x0000, 0x0000, -1, 0x0000, 0x0000, 0x0000, {0x00,0x00}, 0x0000,
			0.0f, {0x00,0x00}, 0x0000, 0x0000, 0x0000, 0x0000, 0x0000, 0x0000,
			{0x00,0x00,0x00,0x00,0x00,0x00,0x00,0x00,0x00,0x00,0x00,0x00,0x00,0x00},
			0x00000000, 0x00000000
		},
		{
			{0x00,0x00,0x00,0x00,0x00,0x00,0x00,0x00,0x00,0x00,0x00,0x00,0xFF,0xFF},
			0x0000, 0x0000, 0x0000, -1, 0x0000, 0x0000, 0x0000, {0x00,0x00}, 0x0000,
			0.0f, {0x00,0x00}, 0x0000, 0x0000, 0x0000, 0x0000, 0x0000, 0x0000,
			{0x00,0x00,0x00,0x00,0x00,0x00,0x00,0x00,0x00,0x00,0x00,0x00,0x00,0x00},
			0x00000000, 0x00000000
		},
		{
			{0x00,0x00,0x00,0x00,0x00,0x00,0x00,0x00,0x00,0x00,0x00,0x00,0xFF,0xFF},
			0x0000, 0x0000, 0x0000, -1, 0x0000, 0x0000, 0x0000, {0x00,0x00}, 0x0000,
			0.0f, {0x00,0x00}, 0x0000, 0x0000, 0x0000, 0x0000, 0x0000, 0x0000,
			{0x00,0x00,0x00,0x00,0x00,0x00,0x00,0x00,0x00,0x00,0x00,0x00,0x00,0x00},
			0x00000000, 0x00000000
		},
		{
			{0x00,0x00,0x00,0x00,0x00,0x00,0x00,0x00,0x00,0x00,0x00,0x00,0xFF,0xFF},
			0x0000, 0x0000, 0x0000, -1, 0x0000, 0x0000, 0x0000, {0x00,0x00}, 0x0000,
			0.0f, {0x00,0x00}, 0x0000, 0x0000, 0x0000, 0x0000, 0x0000, 0x0000,
			{0x00,0x00,0x00,0x00,0x00,0x00,0x00,0x00,0x00,0x00,0x00,0x00,0x00,0x00},
			0x00000000, 0x00000000
		},
		{
			{0x00,0x00,0x00,0x00,0x00,0x00,0x00,0x00,0x00,0x00,0x00,0x00,0xFF,0xFF},
			0x0000, 0x0000, 0x0000, -1, 0x0000, 0x0000, 0x0000, {0x00,0x00}, 0x0000,
			0.0f, {0x00,0x00}, 0x0000, 0x0000, 0x0000, 0x0000, 0x0000, 0x0000,
			{0x00,0x00,0x00,0x00,0x00,0x00,0x00,0x00,0x00,0x00,0x00,0x00,0x00,0x00},
			0x00000000, 0x00000000
		},
		{
			{0x05,0x00,0xF5,0x40,0x00,0x00,0x00,0x00,0x00,0x00,0x00,0x00,0xFF,0xFF},
			0x0000, 0x0000, 0x0000, 0x013B, 0x0000, 0x0028, 0x0020, {0x01,0x00}, 0x0014,
			-3.0f, {0x00,0x00}, 0x0000, 0x0000, 0x0000, 0x0000, 0x004A, -61,
			{0x00,0x00,0x00,0x28,0x00,0x00,0x00,0x00,0x00,0x00,0x00,0x00,0x00,0x00},
			0x00008324, 0x00000000
		},
		{
			{0x00,0x00,0x00,0x00,0x00,0x00,0x00,0x00,0x00,0x00,0x00,0x00,0xFF,0xFF},
			0x0000, 0x0000, 0x0000, -1, 0x0000, 0x0000, 0x0000, {0x00,0x00}, 0x0000,
			0.0f, {0x00,0x00}, 0x0000, 0x0000, 0x0000, 0x0000, 0x0000, 0x0000,
			{0x00,0x00,0x00,0x00,0x00,0x00,0x00,0x00,0x00,0x00,0x00,0x00,0x00,0x00},
			0x00000000, 0x00000000
		},
		{
			{0x05,0x00,0xF6,0x98,0x00,0x00,0x00,0x00,0x00,0x00,0x00,0x00,0xFF,0xFF},
			0x0000, 0x0000, 0x0000, -1, 0x0000, 0x0046, 0x0022, {0x01,0x00}, 0x0000,
			0.0f, {0x00,0x00}, 0x0000, 0x0000, 0x0000, 0x0000, 0x0000, 0x0000,
			{0x00,0x00,0x00,0x00,0x00,0x00,0x00,0x00,0x00,0x00,0x00,0x00,0x00,0x00},
			0x00000020, 0x00000000
		},
		{
			{0x00,0x00,0x00,0x00,0x00,0x00,0x00,0x00,0x00,0x00,0x00,0x00,0xFF,0xFF},
			0x0000, 0x0000, 0x0000, -1, 0x0000, 0x0000, 0x0000, {0x00,0x00}, 0x0000,
			0.0f, {0x00,0x00}, 0x0000, 0x0000, 0x0000, 0x0000, 0x0000, 0x0000,
			{0x00,0x00,0x00,0x00,0x00,0x00,0x00,0x00,0x00,0x00,0x00,0x00,0x00,0x00},
			0x00000000, 0x00000000
		},
		{
			{0x0B,0x02,0xA2,0x10,0x00,0x00,0x00,0x00,0x00,0x00,0x00,0x00,0xFF,0xFF},
			0x0000, 0x0000, 0x0000, -1, 0x0000, 0x0015, 0x0023, {0x0A,0x00}, 0x0000,
			0.0f, {0x00,0x00}, 0x0000, 0x0000, 0x0000, 0x0000, 0x0000, 0x0000,
			{0x00,0x00,0x00,0x00,0x00,0x00,0x00,0x00,0x00,0x00,0x00,0x00,0x00,0x00},
			0x00000020, 0x00000000
		},
		{
			{0x0B,0x02,0xA3,0xE8,0x00,0x00,0x00,0x00,0x00,0x00,0x00,0x00,0x00,0x07},
			0x0000, 0x0023, 0x001E, 0x0170, 0x0000, 0x001E, 0x0037, {0x01,0x00}, 0x0000,
			0.0f, {0x00,0x00}, 0x0000, 0x0000, 0x0000, 0x0000, 0x0000, 0x0000,
			{0x00,0x00,0x00,0x00,0x00,0x00,0x00,0x00,0x00,0x00,0x00,0x00,0x00,0x00},
			0x20100020, 0x00000000
		},
		{
			{0x0B,0x02,0xA3,0xF8,0x00,0x00,0x00,0x00,0x00,0x00,0x00,0x00,0xFF,0xFF},
			0x0000, 0x0000, 0x0000, 0x016E, 0x0000, 0x0016, 0x001B, {0x01,0x00}, 0x0028,
			3.0f, {0x00,0x5A}, 0x0000, 0x0000, 0x0000, 0x0000, 0x0083, 0x003E,
			{0x00,0x00,0x00,0x00,0x00,0x00,0x00,0x00,0x00,0x00,0x00,0x00,0x00,0x00},
			0x00800922, 0x00000000
		},
		{
			{0x0B,0x02,0xA4,0x40,0x00,0x00,0x00,0x00,0x00,0x00,0x00,0x00,0xFF,0xFF},
			0x0000, 0x0000, 0x0000, -1, 0x0000, 0x000A, 0x000A, {0x01,0x00}, 0x0000,
			0.0f, {0x00,0x00}, 0x0000, 0x0000, 0x0000, 0x0000, 0x0000, 0x0000,
			{0x00,0x00,0x00,0x00,0x00,0x00,0x00,0x00,0x00,0x00,0x00,0x00,0x00,0x00},
			0x00000020, 0x00000000
		},
		{
			{0x00,0x00,0x00,0x00,0x00,0x00,0x00,0x00,0x00,0x00,0x00,0x00,0xFF,0xFF},
			0x0000, 0x0000, 0x0000, -1, 0x0000, 0x0000, 0x0000, {0x00,0x00}, 0x0000,
			0.0f, {0x00,0x00}, 0x0000, 0x0000, 0x0000, 0x0000, 0x0000, 0x0000,
			{0x00,0x00,0x00,0x00,0x00,0x00,0x00,0x00,0x00,0x00,0x00,0x00,0x00,0x00},
			0x00000000, 0x00000000
		},
		{
			{0x0B,0x02,0xA4,0x30,0x00,0x00,0x00,0x00,0x00,0x00,0x00,0x00,0xFF,0xFF},
			0x0000, 0x0000, 0x0000, -1, 0x0000, 0x001F, 0x0014, {0x01,0x00}, 0x0000,
			0.0f, {0x00,0x00}, 0x0000, 0x0000, 0x0000, 0x0000, 0x0000, 0x0000,
			{0x00,0x00,0x00,0x00,0x00,0x00,0x00,0x00,0x00,0x00,0x00,0x00,0x00,0x00},
			0x00000020, 0x00000000
		},
		{
			{0x0B,0x02,0xA3,0x30,0x00,0x00,0x00,0x00,0x00,0x00,0x00,0x00,0xFF,0xFF},
			0x0000, 0x0000, 0x0000, -1, 0x0000, 0x003E, 0x002E, {0x01,0x00}, 0x0028,
			1.0f, {0x00,0x00}, 0x0000, 0x0000, 0x0000, 0x0000, 0x0000, 0x0000,
			{0x00,0x00,0x00,0x00,0x00,0x00,0x00,0x00,0x00,0x00,0x00,0x00,0x00,0x00},
			0x00000020, 0x00000000
		},
		{
			{0x0B,0x02,0xA1,0xE0,0x00,0x00,0x00,0x00,0x00,0x00,0x00,0x00,0xFF,0xFF},
			0x0000, 0x0000, 0x0000, 0x0174, 0x0000, 0x0060, 0x0060, {0x28,0x00}, 0x008C,
			-0.25f, {0x00,0x00}, 0x0000, 0x0000, 0x0000, 0x0000, 0x0000, 0x0000,
			{0x00,0x00,0x00,0x00,0x00,0x00,0x00,0x00,0x00,0x00,0x00,0x00,0x00,0x00},
			-2144329728, 0x00000001
		},
		{
			{0x0B,0x02,0xA1,0xF0,0x00,0x00,0x00,0x00,0x00,0x00,0x00,0x00,0xFF,0xFF},
			0x0000, 0x0000, 0x0000, 0x0174, 0x0000, 0x0060, 0x0060, {0x28,0x00}, 0x008C,
			-0.25f, {0x00,0x00}, 0x0000, 0x0000, 0x0000, 0x0000, 0x0000, 0x0000,
			{0x00,0x00,0x00,0x00,0x00,0x00,0x00,0x00,0x00,0x00,0x00,0x00,0x00,0x00},
			-2144329728, 0x00000001
		},
		{
			{0x0B,0x02,0xA4,0x60,0x00,0x00,0x00,0x00,0x00,0x00,0x00,0x00,0xFF,0xFF},
			0x0000, 0x0000, 0x0000, -1, 0x0000, 0x001E, 0x0010, {0x01,0x00}, 0x0000,
			0.0f, {0x00,0x5A}, 0x0000, 0x0000, 0x0000, 0x0000, 0x0000, 0x0000,
			{0x00,0x00,0x00,0x1E,0x00,0x00,0x00,0x00,0x00,0x00,0x00,0x00,0x00,0x00},
			0x00010024, 0x00000004
		},
		{
			{0x0B,0x02,0xA1,0x98,0x00,0x00,0x00,0x00,0x00,0x00,0x00,0x00,0xFF,0xFF},
			0x0000, 0x0000, 0x0000, 0x0173, 0x0000, 0x0034, 0x0034, {0x01,0x00}, 0x000A,
			-1.5f, {0x01,0x68}, 0x0000, 0x0000, 0x0000, 0x0000, 0x0019, -90,
			{0x00,0x00,0x00,0x00,0x00,0x00,0x00,0x00,0x00,0x00,0x00,0x00,0x00,0x00},
			0x00010322, 0x00000002
		},
		{
			{0x05,0x00,0xF5,0x98,0x00,0x00,0x00,0x00,0x00,0x00,0x00,0x00,0xFF,0xFF},
			0x0000, 0x0000, 0x0000, 0x013A, 0x0000, 0x0006, 0x0006, {0x28,0x00}, 0x0000,
			0.0f, {0x01,0x68}, 0x0000, 0x0000, 0x0000, 0x0000, 0x0000, 0x0000,
			{0x00,0x00,0x00,0x00,0x00,0x00,0x00,0x00,0x00,0x00,0x00,0x00,0x00,0x00},
			0x0000002A, 0x00000000
		},
		{
			{0x00,0x00,0x00,0x00,0x00,0x00,0x00,0x00,0x00,0x00,0x00,0x00,0xFF,0xFF},
			0x0000, 0x0000, 0x0000, -1, 0x0000, 0x0000, 0x0000, {0x00,0x00}, 0x0000,
			0.0f, {0x00,0x00}, 0x0000, 0x0000, 0x0000, 0x0000, 0x0000, 0x0000,
			{0x00,0x00,0x00,0x00,0x00,0x00,0x00,0x00,0x00,0x00,0x00,0x00,0x00,0x00},
			0x00000000, 0x00000000
		},
		{
			{0x0B,0x00,0x7D,0xD0,0x00,0x00,0x00,0x00,0x00,0x00,0x00,0x00,0xFF,0xFF},
			0x0000, 0x0000, 0x0000, -1, 0x0000, 0x0060, 0x0008, {0x00,0x00}, 0x0023,
			2.0f, {0x00,0x00}, 0x0000, 0x0000, 0x0000, 0x0000, 0x0000, 0x0000,
			{0x00,0x00,0x00,0x00,0x00,0x00,0x00,0x00,0x00,0x00,0x00,0x00,0x00,0x00},
			0x00002020, 0x00000000
		},
		{
			{0x00,0x00,0x00,0x00,0x00,0x00,0x00,0x00,0x00,0x00,0x00,0x00,0xFF,0xFF},
			0x0000, 0x0000, 0x0000, -1, 0x0000, 0x000F, 0x000F, {0x01,0x00}, 0x0000,
			0.0f, {0x01,0x68}, 0x0000, 0x0000, 0x0000, 0x0000, 0x0000, 0x0000,
			{0x00,0x00,0x00,0x28,0x00,0x00,0x00,0x00,0x00,0x00,0x00,0x00,0x00,0x00},
			0x00000024, 0x00000000
		}
	},
	{	// ---- level 15 ----
		{
			{0x05,0x00,0xF6,0x68,0x00,0x00,0x00,0x00,0x00,0x00,0x00,0x00,0x00,0x01},
			0x0000, 0x000A, 0x0000, 0x00CF, 0x0000, 0x0042, 0x0024, {0x01,0x00}, 0x0000,
			0.0f, {0x00,0x00}, 0x0000, 0x0000, 0x0000, 0x0000, 0x0000, 0x0000,
			{0x00,0x00,0x00,0x42,0x00,0x00,0x00,0x00,0x00,0x00,0x00,0x00,0x00,0x00},
			0x201000EC, 0x00000008
		},
		{
			{0x05,0x00,0xF6,0x08,0x00,0x00,0x00,0x00,0x00,0x00,0x00,0x00,0x00,0x05},
			0x0000, 0x0023, 0x0000, -1, 0x0000, 0x0014, 0x0014, {0x01,0x00}, 0x0000,
			0.0f, {0x00,0xB4}, 0x0000, 0x0000, 0x0000, 0x0000, 0x0000, 0x0000,
			{0x00,0x00,0x00,0x00,0x00,0x00,0x00,0x00,0x00,0x00,0x00,0x00,0x00,0x00},
			0x00000020, 0x00000000
		},
		{
			{0x05,0x00,0xF6,0x18,0x00,0x00,0x00,0x00,0x00,0x00,0x00,0x00,0xFF,0xFF},
			0x0000, 0x0000, 0x0000, -1, 0x0000, 0x0016, 0x001F, {0x01,0x00}, 0x0000,
			0.0f, {0x01,0x68}, 0x0000, 0x0000, 0x0000, 0x0000, 0x0000, 0x0000,
			{0x00,0x00,0x00,0x00,0x00,0x00,0x00,0x00,0x00,0x00,0x00,0x00,0x00,0x00},
			0x00000020, 0x00000000
		},
		{
			{0x05,0x00,0xF5,0x20,0x00,0x00,0x00,0x00,0x00,0x00,0x00,0x00,0xFF,0xFF},
			0x0000, 0x0000, 0x0000, -1, 0x0000, 0x0028, 0x0005, {0x23,0x00}, 0x0000,
			0.0f, {0x00,0x00}, 0x0000, 0x0000, 0x0000, 0x0000, 0x0000, 0x0000,
			{0x00,0x00,0x00,0x28,0x00,0x00,0x00,0x00,0x00,0x00,0x00,0x00,0x00,0x00},
			0x02000022, 0x00000000
		},
		{
			{0x05,0x00,0xF5,0x88,0x00,0x00,0x00,0x00,0x00,0x00,0x00,0x00,0xFF,0xFF},
			0x0000, 0x0000, 0x0000, -1, 0x0000, 0x0046, 0x001E, {0x01,0x00}, 0x002D,
			-2.0f, {0x00,0x00}, 0x0000, 0x0000, 0x0000, -120, 0x0053, 0x0033,
			{0xFF,0xEE,0x00,0x15,0xFF,0xDF,0x00,0x14,0x05,0x15,0x00,0x00,0x00,0x00},
			0x00000120, 0x00000000
		},
		{
			{0x05,0x00,0xF6,0xB8,0x00,0x00,0x00,0x00,0x00,0x00,0x00,0x00,0xFF,0xFF},
			0x0000, 0x0000, 0x0000, -1, 0x0000, 0x005C, 0x0022, {0x01,0x00}, 0x0000,
			0.0f, {0x01,0x68}, 0x0000, 0x0000, 0x0000, 0x0000, 0x0000, 0x0000,
			{0x00,0x00,0x00,0x00,0x00,0x00,0x00,0x00,0x00,0x00,0x00,0x00,0x00,0x00},
			0x00000020, 0x00000000
		},
		{
			{0x05,0x00,0xF6,0x28,0x00,0x00,0x00,0x00,0x00,0x00,0x00,0x00,0xFF,0xFF},
			0x0000, 0x0000, 0x0000, -1, 0x0000, 0x005C, 0x0022, {0x01,0x00}, 0x0000,
			0.0f, {0x01,0x68}, 0x0000, 0x0000, 0x0000, 0x0000, 0x0000, 0x0000,
			{0x00,0x00,0x00,0x00,0x00,0x00,0x00,0x00,0x00,0x00,0x00,0x00,0x00,0x00},
			0x00000020, 0x00000000
		},
		{
			{0x0B,0x02,0xA4,0xB8,0x00,0x00,0x00,0x00,0x00,0x00,0x00,0x00,0xFF,0xFF},
			0x0000, 0x0000, 0x0000, -1, 0x0000, 0x00AB, 0x0065, {0x01,0x00}, 0x0000,
			0.0f, {0x00,0x00}, 0x0000, 0x0000, 0x0000, 0x0000, 0x0000, 0x0000,
			{0x00,0x00,0x00,0x00,0x00,0x00,0x00,0x00,0x00,0x00,0x00,0x00,0x00,0x00},
			0x00000020, 0x00000000
		},
		{
			{0x0B,0x02,0xA4,0x80,0x00,0x00,0x00,0x00,0x00,0x00,0x00,0x00,0xFF,0xFF},
			0x0000, 0x0000, 0x0000, 0x017C, 0x0000, 0x003A, 0x0026, {0x01,0x00}, 0x0014,
			4.0f, {0x00,0x00}, 0x0000, 0x0000, 0x0000, 0x0000, 0x0000, 0x0006,
			{0x00,0x00,0x00,0x28,0x00,0x00,0x00,0x00,0x00,0x00,0x00,0x00,0x00,0x00},
			0x00011124, 0x00000002
		},
		{
			{0x05,0x00,0xF6,0x78,0x00,0x00,0x00,0x00,0x00,0x00,0x00,0x00,0xFF,0xFF},
			0x0000, 0x0000, 0x0000, 0x016C, 0x0000, 0x0038, 0x000A, {0x01,0x00}, 0x0000,
			0.0f, {0x00,0x00}, 0x0000, 0x0000, 0x0000, 0x0000, 0x0000, 0x0000,
			{0x00,0x00,0x00,0x28,0x00,0x00,0x00,0x00,0x00,0x00,0x00,0x00,0x00,0x00},
			0x02000024, 0x00000000
		},
		{
			{0x0B,0x02,0xA3,0xB0,0x00,0x00,0x00,0x00,0x00,0x00,0x00,0x00,0xFF,0xFF},
			0x0000, 0x0000, 0x0000, 0x013B, 0x0000, 0x0035, 0x0014, {0x01,0x00}, 0x0014,
			-3.0f, {0x00,0x00}, 0x0000, 0x0000, 0x0000, 0x0000, 0x0055, -54,
			{0x00,0x00,0x00,0x35,0x00,0x00,0x00,0x00,0x00,0x00,0x00,0x00,0x00,0x00},
			0x00008324, 0x00000000
		},
		{
			{0x05,0x00,0xF6,0x88,0x00,0x00,0x00,0x00,0x00,0x00,0x00,0x00,0xFF,0xFF},
			0x0000, 0x0000, 0x0000, 0x013B, 0x0000, 0x002E, 0x001A, {0x01,0x00}, 0x001E,
			3.0f, {0x00,0x00}, 0x0000, 0x0000, 0x0000, 0x0051, 0x0098, 0x0029,
			{0x00,0x00,0x00,0x2E,0x00,0x14,0x00,0x19,0x05,0x1C,0x00,0x00,0x00,0x00},
			0x00000120, 0x00000000
		},
		{
			{0x05,0x00,0xF5,0xD0,0x00,0x00,0x00,0x00,0x00,0x00,0x00,0x00,0xFF,0xFF},
			0x0000, 0x0000, 0x0000, 0x012C, 0x0000, 0x0022, 0x001A, {0x01,0x00}, 0x0019,
			2.0f, {0x00,0x00}, 0x0000, 0x0000, 0x0000, 0x0000, 0x007F, 0x0009,
			{0x00,0x00,0x00,0x22,0x00,0x00,0x00,0x0A,0x22,0x14,0x00,0x00,0x00,0x00},
			0x0040C124, 0x00000000
		},
		{
			{0x0B,0x02,0xA1,0xC0,0x0B,0x02,0xA1,0xD0,0x00,0x00,0x00,0x00,0xFF,0xFF},
			0x0000, 0x0000, 0x0000, 0x017B, 0x0000, 0x001C, 0x000E, {0x26,0x00}, 0x0000,
			0.0f, {0x00,0x5A}, 0x0000, 0x0000, 0x0000, 0x0000, 0x0000, 0x0000,
			{0x00,0x00,0x00,0x00,0x00,0x00,0x00,0x00,0x00,0x00,0x00,0x00,0x00,0x00},
			0x10800022, 0x00000002
		},
		{
			{0x0B,0x02,0xA3,0x88,0x00,0x00,0x00,0x00,0x00,0x00,0x00,0x00,0xFF,0xFF},
			0x0000, 0x0000, 0x0000, -1, 0x0000, 0x0054, 0x0024, {0x01,0x00}, 0x0000,
			0.0f, {0x00,0x00}, 0x0000, 0x0000, 0x0000, 0x0059, 0x007E, 0x001F,
			{0x00,0x00,0x00,0x00,0x00,0x00,0x00,0x00,0x00,0x00,0x00,0x00,0x00,0x00},
			0x00000120, 0x00000000
		},
		{
			{0x05,0x00,0xF6,0x98,0x00,0x00,0x00,0x00,0x00,0x00,0x00,0x00,0xFF,0xFF},
			0x0000, 0x0000, 0x0000, -1, 0x0000, 0x0046, 0x0022, {0x01,0x00}, 0x0000,
			0.0f, {0x00,0x00}, 0x0000, 0x0000, 0x0000, 0x0000, 0x0000, 0x0000,
			{0x00,0x00,0x00,0x00,0x00,0x00,0x00,0x00,0x00,0x00,0x00,0x00,0x00,0x00},
			0x00000020, 0x00000000
		},
		{
			{0x05,0x00,0xF6,0x48,0x00,0x00,0x00,0x00,0x00,0x00,0x00,0x00,0xFF,0xFF},
			0x0000, 0x0000, 0x0000, -1, 0x0000, 0x0042, 0x001C, {0x01,0x00}, 0x0000,
			0.0f, {0x00,0x00}, 0x0000, 0x0000, 0x0000, 0x0000, 0x0000, 0x0000,
			{0x00,0x00,0x00,0x00,0x00,0x00,0x00,0x00,0x00,0x00,0x00,0x00,0x00,0x00},
			0x00000020, 0x00000000
		},
		{
			{0x05,0x00,0xF6,0x38,0x00,0x00,0x00,0x00,0x00,0x00,0x00,0x00,0xFF,0xFF},
			0x0000, 0x0000, 0x0000, -1, 0x0000, 0x0006, 0x0006, {0x01,0x00}, 0x0000,
			0.0f, {0x00,0x00}, 0x0000, 0x0000, 0x0000, 0x0000, 0x0000, 0x0000,
			{0x00,0x00,0x00,0x00,0x00,0x00,0x00,0x00,0x00,0x00,0x00,0x00,0x00,0x00},
			0x00000020, 0x00000000
		},
		{
			{0x0B,0x02,0xA4,0x20,0x00,0x00,0x00,0x00,0x00,0x00,0x00,0x00,0xFF,0xFF},
			0x0000, 0x0000, 0x0000, -1, 0x0000, 0x000A, 0x000A, {0x23,0x00}, 0x0000,
			0.0f, {0x00,0x00}, 0x0000, 0x0000, 0x0000, 0x0000, 0x0000, 0x0000,
			{0x00,0x00,0x00,0x00,0x00,0x00,0x00,0x00,0x00,0x00,0x00,0x00,0x00,0x00},
			0x00000020, 0x00000000
		},
		{
			{0x0B,0x02,0xA3,0x20,0x00,0x00,0x00,0x00,0x00,0x00,0x00,0x00,0xFF,0xFF},
			0x0000, 0x0000, 0x0000, -1, 0x0000, 0x002A, 0x004F, {0x01,0x00}, 0x0000,
			0.0f, {0x00,0x00}, 0x0000, 0x0000, 0x0000, 0x0000, 0x0000, 0x0000,
			{0x00,0x00,0x00,0x00,0x00,0x00,0x00,0x00,0x00,0x00,0x00,0x00,0x00,0x00},
			0x00000020, 0x00000000
		},
		{
			{0x0B,0x02,0xA3,0x50,0x00,0x00,0x00,0x00,0x00,0x00,0x00,0x00,0xFF,0xFF},
			0x0000, 0x0000, 0x0000, -1, 0x0000, 0x001C, 0x0013, {0x23,0x00}, 0x0000,
			0.0f, {0x00,0x00}, 0x0000, 0x0000, 0x0000, 0x0000, 0x0000, 0x0000,
			{0x00,0x00,0x00,0x00,0x00,0x00,0x00,0x00,0x00,0x00,0x00,0x00,0x00,0x00},
			0x00000020, 0x00000000
		},
		{
			{0x0B,0x02,0xA3,0x40,0x00,0x00,0x00,0x00,0x00,0x00,0x00,0x00,0xFF,0xFF},
			0x0000, 0x0000, 0x0000, -1, 0x0000, 0x003B, 0x0026, {0x01,0x00}, 0x0000,
			0.0f, {0x00,0x00}, 0x0000, 0x0000, 0x0000, 0x0000, 0x0000, 0x0000,
			{0x00,0x00,0x00,0x00,0x00,0x00,0x00,0x00,0x00,0x00,0x00,0x00,0x00,0x00},
			0x00000020, 0x00000000
		},
		{
			{0x0B,0x02,0xA4,0xC8,0x00,0x00,0x00,0x00,0x00,0x00,0x00,0x00,0xFF,0xFF},
			0x0000, 0x0000, 0x0000, 0x00F7, 0x0000, 0x0023, 0x0015, {0x00,0x00}, 0x000A,
			2.0f, {0x00,0x00}, 0x0000, 0x0000, 0x0000, 0x0000, 0x008C, 0x0000,
			{0x00,0x00,0x00,0x23,0x00,0x00,0x00,0x00,0x00,0x00,0x00,0x00,0x00,0x00},
			0x0000C124, 0x00000000
		},
		{
			{0x0B,0x02,0xA2,0xE8,0x00,0x00,0x00,0x00,0x00,0x00,0x00,0x00,0xFF,0xFF},
			0x0000, 0x0000, 0x0000, -1, 0x0000, 0x0026, 0x002A, {0x01,0x00}, 0x0000,
			0.0f, {0x00,0x00}, 0x0000, 0x0000, 0x0000, 0x0000, 0x0105, 0x0000,
			{0x00,0x00,0x00,0x00,0x00,0x00,0x00,0x00,0x00,0x00,0x00,0x00,0x00,0x00},
			0x00000120, 0x00000000
		},
		{
			{0x0B,0x02,0xA3,0x10,0x00,0x00,0x00,0x00,0x00,0x00,0x00,0x00,0xFF,0xFF},
			0x0000, 0x0000, 0x0000, -1, 0x0000, 0x0019, 0x0048, {0x23,0x00}, 0x0000,
			0.0f, {0x00,0x00}, 0x0000, 0x0000, 0x0000, 0x0000, 0x0000, 0x0000,
			{0x00,0x00,0x00,0x00,0x00,0x00,0x00,0x00,0x00,0x00,0x00,0x00,0x00,0x00},
			0x00000020, 0x00000000
		},
		{
			{0x0B,0x02,0xA2,0x78,0x00,0x00,0x00,0x00,0x00,0x00,0x00,0x00,0xFF,0xFF},
			0x0000, 0x0000, 0x0000, -1, 0x0000, 0x002D, 0x0021, {0x01,0x00}, 0x0000,
			0.0f, {0x00,0x00}, 0x0000, 0x0000, 0x0000, 0x0000, 0x0000, 0x0000,
			{0x00,0x00,0x00,0x00,0x00,0x00,0x00,0x00,0x00,0x00,0x00,0x00,0x00,0x00},
			0x00000020, 0x00000000
		},
		{
			{0x0B,0x02,0xA4,0x70,0x00,0x00,0x00,0x00,0x00,0x00,0x00,0x00,0xFF,0xFF},
			0x0000, 0x0000, 0x0000, -1, 0x0000, 0x0060, 0x0060, {0x00,0x00}, 0x0000,
			0.0f, {0x00,0x00}, 0x0000, 0x0000, 0x0000, 0x0000, 0x0000, 0x0000,
			{0x00,0x00,0x00,0x5A,0x00,0x00,0x00,0x00,0x00,0x00,0x00,0x00,0x00,0x00},
			-2147418076, 0x00000004
		},
		{
			{0x0B,0x02,0xA4,0xA8,0x00,0x00,0x00,0x00,0x00,0x00,0x00,0x00,0xFF,0xFF},
			0x0000, 0x0000, 0x0000, -1, 0x0000, 0x0060, 0x0060, {0x00,0x00}, 0x0000,
			0.0f, {0x00,0x00}, 0x0000, 0x0000, 0x0000, 0x0000, 0x0000, 0x0000,
			{0x00,0x00,0x00,0x5A,0x00,0x00,0x00,0x00,0x00,0x00,0x00,0x00,0x00,0x00},
			-2147418076, 0x00000004
		},
		{
			{0x05,0x00,0xF5,0x98,0x00,0x00,0x00,0x00,0x00,0x00,0x00,0x00,0xFF,0xFF},
			0x0000, 0x0000, 0x0000, 0x013A, 0x0000, 0x0006, 0x0006, {0x28,0x00}, 0x0000,
			0.0f, {0x01,0x68}, 0x0000, 0x0000, 0x0000, 0x0000, 0x0000, 0x0000,
			{0x00,0x00,0x00,0x00,0x00,0x00,0x00,0x00,0x00,0x00,0x00,0x00,0x00,0x00},
			0x0000002A, 0x00000000
		},
		{
			{0x00,0x00,0x00,0x00,0x00,0x00,0x00,0x00,0x00,0x00,0x00,0x00,0xFF,0xFF},
			0x0000, 0x0000, 0x0000, -1, 0x0000, 0x0000, 0x0000, {0x00,0x00}, 0x0000,
			0.0f, {0x00,0x00}, 0x0000, 0x0000, 0x0000, 0x0000, 0x0000, 0x0000,
			{0x00,0x00,0x00,0x00,0x00,0x00,0x00,0x00,0x00,0x00,0x00,0x00,0x00,0x00},
			0x00000000, 0x00000000
		},
		{
			{0x0B,0x00,0xA2,0xE0,0x00,0x00,0x00,0x00,0x00,0x00,0x00,0x00,0xFF,0xFF},
			0x0000, 0x0000, 0x0000, -1, 0x0000, 0x0060, 0x0008, {0x00,0x00}, 0x0023,
			2.0f, {0x00,0x00}, 0x0000, 0x0000, 0x0000, 0x0000, 0x0000, 0x0000,
			{0x00,0x00,0x00,0x00,0x00,0x00,0x00,0x00,0x00,0x00,0x00,0x00,0x00,0x00},
			0x00002020, 0x00000000
		},
		{
			{0x00,0x00,0x00,0x00,0x00,0x00,0x00,0x00,0x00,0x00,0x00,0x00,0xFF,0xFF},
			0x0000, 0x0000, 0x0000, -1, 0x0000, 0x000F, 0x000F, {0x01,0x00}, 0x0000,
			0.0f, {0x01,0x68}, 0x0000, 0x0000, 0x0000, 0x0000, 0x0000, 0x0000,
			{0x00,0x00,0x00,0x28,0x00,0x00,0x00,0x00,0x00,0x00,0x00,0x00,0x00,0x00},
			0x00000024, 0x00000000
		}
	},
	{	// ---- level 16 ----
		{
			{0x05,0x00,0xF6,0x68,0x00,0x00,0x00,0x00,0x00,0x00,0x00,0x00,0x00,0x01},
			0x0000, 0x000A, 0x0000, 0x00CF, 0x0000, 0x0042, 0x0024, {0x01,0x00}, 0x0000,
			0.0f, {0x00,0x00}, 0x0000, 0x0000, 0x0000, 0x0000, 0x0000, 0x0000,
			{0x00,0x00,0x00,0x42,0x00,0x00,0x00,0x00,0x00,0x00,0x00,0x00,0x00,0x00},
			0x201000EC, 0x00000008
		},
		{
			{0x00,0x00,0x00,0x00,0x00,0x00,0x00,0x00,0x00,0x00,0x00,0x00,0xFF,0xFF},
			0x0000, 0x0000, 0x0000, -1, 0x0000, 0x0000, 0x0000, {0x00,0x00}, 0x0000,
			0.0f, {0x00,0x00}, 0x0000, 0x0000, 0x0000, 0x0000, 0x0000, 0x0000,
			{0x00,0x00,0x00,0x00,0x00,0x00,0x00,0x00,0x00,0x00,0x00,0x00,0x00,0x00},
			0x00000000, 0x00000000
		},
		{
			{0x00,0x00,0x00,0x00,0x00,0x00,0x00,0x00,0x00,0x00,0x00,0x00,0xFF,0xFF},
			0x0000, 0x0000, 0x0000, -1, 0x0000, 0x0000, 0x0000, {0x00,0x00}, 0x0000,
			0.0f, {0x00,0x00}, 0x0000, 0x0000, 0x0000, 0x0000, 0x0000, 0x0000,
			{0x00,0x00,0x00,0x00,0x00,0x00,0x00,0x00,0x00,0x00,0x00,0x00,0x00,0x00},
			0x00000000, 0x00000000
		},
		{
			{0x05,0x00,0xF5,0x20,0x00,0x00,0x00,0x00,0x00,0x00,0x00,0x00,0xFF,0xFF},
			0x0000, 0x0000, 0x0000, -1, 0x0000, 0x0028, 0x0005, {0x23,0x00}, 0x0000,
			0.0f, {0x00,0x00}, 0x0000, 0x0000, 0x0000, 0x0000, 0x0000, 0x0000,
			{0x00,0x00,0x00,0x28,0x00,0x00,0x00,0x00,0x00,0x00,0x00,0x00,0x00,0x00},
			0x02000022, 0x00000000
		},
		{
			{0x00,0x00,0x00,0x00,0x00,0x00,0x00,0x00,0x00,0x00,0x00,0x00,0xFF,0xFF},
			0x0000, 0x0000, 0x0000, -1, 0x0000, 0x0000, 0x0000, {0x00,0x00}, 0x0000,
			0.0f, {0x00,0x00}, 0x0000, 0x0000, 0x0000, 0x0000, 0x0000, 0x0000,
			{0x00,0x00,0x00,0x00,0x00,0x00,0x00,0x00,0x00,0x00,0x00,0x00,0x00,0x00},
			0x00000000, 0x00000000
		},
		{
			{0x00,0x00,0x00,0x00,0x00,0x00,0x00,0x00,0x00,0x00,0x00,0x00,0xFF,0xFF},
			0x0000, 0x0000, 0x0000, -1, 0x0000, 0x0000, 0x0000, {0x00,0x00}, 0x0000,
			0.0f, {0x00,0x00}, 0x0000, 0x0000, 0x0000, 0x0000, 0x0000, 0x0000,
			{0x00,0x00,0x00,0x00,0x00,0x00,0x00,0x00,0x00,0x00,0x00,0x00,0x00,0x00},
			0x00000000, 0x00000000
		},
		{
			{0x00,0x00,0x00,0x00,0x00,0x00,0x00,0x00,0x00,0x00,0x00,0x00,0xFF,0xFF},
			0x0000, 0x0000, 0x0000, -1, 0x0000, 0x0000, 0x0000, {0x00,0x00}, 0x0000,
			0.0f, {0x00,0x00}, 0x0000, 0x0000, 0x0000, 0x0000, 0x0000, 0x0000,
			{0x00,0x00,0x00,0x00,0x00,0x00,0x00,0x00,0x00,0x00,0x00,0x00,0x00,0x00},
			0x00000000, 0x00000000
		},
		{
			{0x05,0x00,0xF5,0x68,0x00,0x00,0x00,0x00,0x00,0x00,0x00,0x00,0x00,0x02},
			0x0000, 0x000F, 0x0000, 0x0133, 0x0000, 0x000A, 0x000A, {0x23,0x00}, 0x0000,
			0.0f, {0x01,0x68}, 0x0000, 0x0000, 0x0000, 0x0000, 0x0000, 0x0000,
			{0x00,0x00,0x00,0x00,0x00,0x00,0x00,0x00,0x00,0x00,0x00,0x00,0x00,0x00},
			0x200000FA, 0x00000000
		},
		{
			{0x00,0x00,0x00,0x00,0x00,0x00,0x00,0x00,0x00,0x00,0x00,0x00,0xFF,0xFF},
			0x0000, 0x0000, 0x0000, -1, 0x0000, 0x0000, 0x0000, {0x00,0x00}, 0x0000,
			0.0f, {0x00,0x00}, 0x0000, 0x0000, 0x0000, 0x0000, 0x0000, 0x0000,
			{0x00,0x00,0x00,0x00,0x00,0x00,0x00,0x00,0x00,0x00,0x00,0x00,0x00,0x00},
			0x00000000, 0x00000000
		},
		{
			{0x05,0x00,0xF6,0x78,0x00,0x00,0x00,0x00,0x00,0x00,0x00,0x00,0xFF,0xFF},
			0x0000, 0x0000, 0x0000, 0x016C, 0x0000, 0x0038, 0x000A, {0x01,0x00}, 0x0000,
			0.0f, {0x00,0x00}, 0x0000, 0x0000, 0x0000, 0x0000, 0x0000, 0x0000,
			{0x00,0x00,0x00,0x28,0x00,0x00,0x00,0x00,0x00,0x00,0x00,0x00,0x00,0x00},
			0x02000024, 0x00000000
		},
		{
			{0x00,0x00,0x00,0x00,0x00,0x00,0x00,0x00,0x00,0x00,0x00,0x00,0xFF,0xFF},
			0x0000, 0x0000, 0x0000, -1, 0x0000, 0x0000, 0x0000, {0x00,0x00}, 0x0000,
			0.0f, {0x00,0x00}, 0x0000, 0x0000, 0x0000, 0x0000, 0x0000, 0x0000,
			{0x00,0x00,0x00,0x00,0x00,0x00,0x00,0x00,0x00,0x00,0x00,0x00,0x00,0x00},
			0x00000000, 0x00000000
		},
		{
			{0x05,0x00,0xF6,0x88,0x00,0x00,0x00,0x00,0x00,0x00,0x00,0x00,0xFF,0xFF},
			0x0000, 0x0000, 0x0000, 0x013B, 0x0000, 0x002E, 0x001A, {0x01,0x00}, 0x001E,
			3.0f, {0x00,0x00}, 0x0000, 0x0000, 0x0000, 0x0051, 0x0098, 0x0029,
			{0x00,0x00,0x00,0x2E,0x00,0x14,0x00,0x19,0x05,0x1C,0x00,0x00,0x00,0x00},
			0x00000120, 0x00000000
		},
		{
			{0x05,0x00,0xF5,0xD0,0x00,0x00,0x00,0x00,0x00,0x00,0x00,0x00,0xFF,0xFF},
			0x0000, 0x0000, 0x0000, 0x012C, 0x0000, 0x0022, 0x001A, {0x01,0x00}, 0x0019,
			2.0f, {0x00,0x00}, 0x0000, 0x0000, 0x0000, 0x0000, 0x007F, 0x0009,
			{0x00,0x00,0x00,0x22,0x00,0x00,0x00,0x0A,0x22,0x14,0x00,0x00,0x00,0x00},
			0x0040C124, 0x00000000
		},
		{
			{0x05,0x00,0xF5,0x40,0x00,0x00,0x00,0x00,0x00,0x00,0x00,0x00,0xFF,0xFF},
			0x0000, 0x0000, 0x0000, 0x013B, 0x0000, 0x0028, 0x0020, {0x01,0x00}, 0x0014,
			-3.0f, {0x00,0x00}, 0x0000, 0x0000, 0x0000, 0x0000, 0x004A, -61,
			{0x00,0x00,0x00,0x28,0x00,0x00,0x00,0x00,0x00,0x00,0x00,0x00,0x00,0x00},
			0x00008324, 0x00000000
		},
		{
			{0x00,0x00,0x00,0x00,0x00,0x00,0x00,0x00,0x00,0x00,0x00,0x00,0xFF,0xFF},
			0x0000, 0x0000, 0x0000, -1, 0x0000, 0x0000, 0x0000, {0x00,0x00}, 0x0000,
			0.0f, {0x00,0x00}, 0x0000, 0x0000, 0x0000, 0x0000, 0x0000, 0x0000,
			{0x00,0x00,0x00,0x00,0x00,0x00,0x00,0x00,0x00,0x00,0x00,0x00,0x00,0x00},
			0x00000000, 0x00000000
		},
		{
			{0x05,0x00,0xF6,0x98,0x00,0x00,0x00,0x00,0x00,0x00,0x00,0x00,0xFF,0xFF},
			0x0000, 0x0000, 0x0000, -1, 0x0000, 0x0046, 0x0022, {0x01,0x00}, 0x0000,
			0.0f, {0x00,0x00}, 0x0000, 0x0000, 0x0000, 0x0000, 0x0000, 0x0000,
			{0x00,0x00,0x00,0x00,0x00,0x00,0x00,0x00,0x00,0x00,0x00,0x00,0x00,0x00},
			0x00000020, 0x00000000
		},
		{
			{0x05,0x00,0xF6,0x48,0x00,0x00,0x00,0x00,0x00,0x00,0x00,0x00,0xFF,0xFF},
			0x0000, 0x0000, 0x0000, -1, 0x0000, 0x0042, 0x001C, {0x01,0x00}, 0x0000,
			0.0f, {0x00,0x00}, 0x0000, 0x0000, 0x0000, 0x0000, 0x0000, 0x0000,
			{0x00,0x00,0x00,0x00,0x00,0x00,0x00,0x00,0x00,0x00,0x00,0x00,0x00,0x00},
			0x00000020, 0x00000000
		},
		{
			{0x05,0x00,0xF6,0x38,0x00,0x00,0x00,0x00,0x00,0x00,0x00,0x00,0xFF,0xFF},
			0x0000, 0x0000, 0x0000, -1, 0x0000, 0x0006, 0x0006, {0x01,0x00}, 0x0000,
			0.0f, {0x00,0x00}, 0x0000, 0x0000, 0x0000, 0x0000, 0x0000, 0x0000,
			{0x00,0x00,0x00,0x00,0x00,0x00,0x00,0x00,0x00,0x00,0x00,0x00,0x00,0x00},
			0x00000020, 0x00000000
		},
		{
			{0x00,0x00,0x00,0x00,0x00,0x00,0x00,0x00,0x00,0x00,0x00,0x00,0xFF,0xFF},
			0x0000, 0x0000, 0x0000, -1, 0x0000, 0x0000, 0x0000, {0x00,0x00}, 0x0000,
			0.0f, {0x00,0x00}, 0x0000, 0x0000, 0x0000, 0x0000, 0x0000, 0x0000,
			{0x00,0x00,0x00,0x00,0x00,0x00,0x00,0x00,0x00,0x00,0x00,0x00,0x00,0x00},
			0x00000000, 0x00000000
		},
		{
			{0x00,0x00,0x00,0x00,0x00,0x00,0x00,0x00,0x00,0x00,0x00,0x00,0xFF,0xFF},
			0x0000, 0x0000, 0x0000, -1, 0x0000, 0x0000, 0x0000, {0x00,0x00}, 0x0000,
			0.0f, {0x00,0x00}, 0x0000, 0x0000, 0x0000, 0x0000, 0x0000, 0x0000,
			{0x00,0x00,0x00,0x00,0x00,0x00,0x00,0x00,0x00,0x00,0x00,0x00,0x00,0x00},
			0x00000000, 0x00000000
		},
		{
			{0x00,0x00,0x00,0x00,0x00,0x00,0x00,0x00,0x00,0x00,0x00,0x00,0xFF,0xFF},
			0x0000, 0x0000, 0x0000, -1, 0x0000, 0x0000, 0x0000, {0x00,0x00}, 0x0000,
			0.0f, {0x00,0x00}, 0x0000, 0x0000, 0x0000, 0x0000, 0x0000, 0x0000,
			{0x00,0x00,0x00,0x00,0x00,0x00,0x00,0x00,0x00,0x00,0x00,0x00,0x00,0x00},
			0x00000000, 0x00000000
		},
		{
			{0x00,0x00,0x00,0x00,0x00,0x00,0x00,0x00,0x00,0x00,0x00,0x00,0xFF,0xFF},
			0x0000, 0x0000, 0x0000, -1, 0x0000, 0x0000, 0x0000, {0x00,0x00}, 0x0000,
			0.0f, {0x00,0x00}, 0x0000, 0x0000, 0x0000, 0x0000, 0x0000, 0x0000,
			{0x00,0x00,0x00,0x00,0x00,0x00,0x00,0x00,0x00,0x00,0x00,0x00,0x00,0x00},
			0x00000000, 0x00000000
		},
		{
			{0x00,0x00,0x00,0x00,0x00,0x00,0x00,0x00,0x00,0x00,0x00,0x00,0xFF,0xFF},
			0x0000, 0x0000, 0x0000, -1, 0x0000, 0x0000, 0x0000, {0x00,0x00}, 0x0000,
			0.0f, {0x00,0x00}, 0x0000, 0x0000, 0x0000, 0x0000, 0x0000, 0x0000,
			{0x00,0x00,0x00,0x00,0x00,0x00,0x00,0x00,0x00,0x00,0x00,0x00,0x00,0x00},
			0x00000000, 0x00000000
		},
		{
			{0x00,0x00,0x00,0x00,0x00,0x00,0x00,0x00,0x00,0x00,0x00,0x00,0xFF,0xFF},
			0x0000, 0x0000, 0x0000, -1, 0x0000, 0x0000, 0x0000, {0x00,0x00}, 0x0000,
			0.0f, {0x00,0x00}, 0x0000, 0x0000, 0x0000, 0x0000, 0x0000, 0x0000,
			{0x00,0x00,0x00,0x00,0x00,0x00,0x00,0x00,0x00,0x00,0x00,0x00,0x00,0x00},
			0x00000000, 0x00000000
		},
		{
			{0x00,0x00,0x00,0x00,0x00,0x00,0x00,0x00,0x00,0x00,0x00,0x00,0xFF,0xFF},
			0x0000, 0x0000, 0x0000, -1, 0x0000, 0x0000, 0x0000, {0x00,0x00}, 0x0000,
			0.0f, {0x00,0x00}, 0x0000, 0x0000, 0x0000, 0x0000, 0x0000, 0x0000,
			{0x00,0x00,0x00,0x00,0x00,0x00,0x00,0x00,0x00,0x00,0x00,0x00,0x00,0x00},
			0x00000000, 0x00000000
		},
		{
			{0x00,0x00,0x00,0x00,0x00,0x00,0x00,0x00,0x00,0x00,0x00,0x00,0xFF,0xFF},
			0x0000, 0x0000, 0x0000, -1, 0x0000, 0x0000, 0x0000, {0x00,0x00}, 0x0000,
			0.0f, {0x00,0x00}, 0x0000, 0x0000, 0x0000, 0x0000, 0x0000, 0x0000,
			{0x00,0x00,0x00,0x00,0x00,0x00,0x00,0x00,0x00,0x00,0x00,0x00,0x00,0x00},
			0x00000000, 0x00000000
		},
		{
			{0x0B,0x02,0xA4,0x70,0x00,0x00,0x00,0x00,0x00,0x00,0x00,0x00,0xFF,0xFF},
			0x0000, 0x0000, 0x0000, -1, 0x0000, 0x0060, 0x0060, {0x00,0x00}, 0x0000,
			0.0f, {0x00,0x00}, 0x0000, 0x0000, 0x0000, 0x0000, 0x0000, 0x0000,
			{0x00,0x00,0x00,0x5A,0x00,0x00,0x00,0x00,0x00,0x00,0x00,0x00,0x00,0x00},
			-2147418076, 0x00000004
		},
		{
			{0x0B,0x02,0xA4,0xA8,0x00,0x00,0x00,0x00,0x00,0x00,0x00,0x00,0xFF,0xFF},
			0x0000, 0x0000, 0x0000, -1, 0x0000, 0x0060, 0x0060, {0x00,0x00}, 0x0000,
			0.0f, {0x00,0x00}, 0x0000, 0x0000, 0x0000, 0x0000, 0x0000, 0x0000,
			{0x00,0x00,0x00,0x5A,0x00,0x00,0x00,0x00,0x00,0x00,0x00,0x00,0x00,0x00},
			-2147418076, 0x00000004
		},
		{
			{0x05,0x00,0xF5,0x98,0x00,0x00,0x00,0x00,0x00,0x00,0x00,0x00,0xFF,0xFF},
			0x0000, 0x0000, 0x0000, 0x013A, 0x0000, 0x0006, 0x0006, {0x28,0x00}, 0x0000,
			0.0f, {0x01,0x68}, 0x0000, 0x0000, 0x0000, 0x0000, 0x0000, 0x0000,
			{0x00,0x00,0x00,0x00,0x00,0x00,0x00,0x00,0x00,0x00,0x00,0x00,0x00,0x00},
			0x0000002A, 0x00000000
		},
		{
			{0x00,0x00,0x00,0x00,0x00,0x00,0x00,0x00,0x00,0x00,0x00,0x00,0xFF,0xFF},
			0x0000, 0x0000, 0x0000, -1, 0x0000, 0x0000, 0x0000, {0x00,0x00}, 0x0000,
			0.0f, {0x00,0x00}, 0x0000, 0x0000, 0x0000, 0x0000, 0x0000, 0x0000,
			{0x00,0x00,0x00,0x00,0x00,0x00,0x00,0x00,0x00,0x00,0x00,0x00,0x00,0x00},
			0x00000000, 0x00000000
		},
		{
			{0x0B,0x00,0xC5,0x08,0x00,0x00,0x00,0x00,0x00,0x00,0x00,0x00,0xFF,0xFF},
			0x0000, 0x0000, 0x0000, -1, 0x0000, 0x0060, 0x0008, {0x00,0x00}, 0x0023,
			2.0f, {0x00,0x00}, 0x0000, 0x0000, 0x0000, 0x0000, 0x0000, 0x0000,
			{0x00,0x00,0x00,0x00,0x00,0x00,0x00,0x00,0x00,0x00,0x00,0x00,0x00,0x00},
			0x00002020, 0x00000000
		},
		{
			{0x00,0x00,0x00,0x00,0x00,0x00,0x00,0x00,0x00,0x00,0x00,0x00,0xFF,0xFF},
			0x0000, 0x0000, 0x0000, -1, 0x0000, 0x000F, 0x000F, {0x01,0x00}, 0x0000,
			0.0f, {0x01,0x68}, 0x0000, 0x0000, 0x0000, 0x0000, 0x0000, 0x0000,
			{0x00,0x00,0x00,0x28,0x00,0x00,0x00,0x00,0x00,0x00,0x00,0x00,0x00,0x00},
			0x00000024, 0x00000000
		}
	},
	{	// ---- level 17 ----
		{
			{0x0B,0x03,0x2C,0xC0,0x00,0x00,0x00,0x00,0x00,0x00,0x00,0x00,0xFF,0xFF},
			0x0000, 0x0000, 0x0000, 0x017E, 0x0000, 0x0041, 0x0025, {0xEF,0x00}, 0x0000,
			0.0f, {0x00,0x00}, 0x0000, 0x0000, 0x0000, 0x0000, 0x0000, 0x0000,
			{0x00,0x00,0x00,0x19,0x00,0x00,0x00,0x00,0x00,0x00,0x00,0x00,0x00,0x00},
			0x02000024, 0x00000000
		},
		{
			{0x0B,0x03,0x2C,0x60,0x00,0x00,0x00,0x00,0x00,0x00,0x00,0x00,0xFF,0xFF},
			0x0000, 0x0000, 0x0000, -1, 0x0000, 0x0033, 0x0036, {0x1E,0x00}, 0x0032,
			0.1f, {0x01,0x68}, 0x0000, 0x0000, 0x0000, 0x0000, 0x0000, 0x0000,
			{0x00,0x00,0x00,0x19,0x00,0x00,0x00,0x00,0x00,0x00,0x00,0x00,0x00,0x00},
			0x00082020, 0x00000000
		},
		{
			{0x0B,0x03,0x2C,0x80,0x00,0x00,0x00,0x00,0x00,0x00,0x00,0x00,0xFF,0xFF},
			0x0000, 0x0000, 0x0000, -1, 0x0000, 0x003C, 0x003C, {0x01,0x00}, 0x0000,
			0.0f, {0x01,0x68}, 0x0000, 0x0000, 0x0000, 0x0000, 0x0000, 0x0000,
			{0x00,0x00,0x00,0x3C,0x00,0x00,0x00,0x00,0x00,0x00,0x00,0x00,0x00,0x00},
			0x02000022, 0x00000000
		},
		{
			{0x0B,0x03,0x2C,0x90,0x00,0x00,0x00,0x00,0x00,0x00,0x00,0x00,0xFF,0xFF},
			0x0000, 0x0000, 0x0000, -1, 0x0000, 0x0019, 0x0019, {0x01,0x00}, 0x0000,
			0.0f, {0x00,0x00}, 0x0000, 0x0000, 0x0000, 0x0000, 0x0000, 0x0000,
			{0x00,0x00,0x00,0x19,0x00,0x00,0x00,0x00,0x00,0x00,0x00,0x00,0x00,0x00},
			0x00000020, 0x00000000
		},
		{
			{0x0B,0x03,0x2C,0xA0,0x00,0x00,0x00,0x00,0x00,0x00,0x00,0x00,0xFF,0xFF},
			0x0000, 0x0000, 0x0000, -1, 0x0000, 0x001E, 0x0027, {0x01,0x00}, 0x0028,
			0.05f, {0x00,0x00}, 0x0000, 0x0000, 0x0000, 0x0000, 0x0000, 0x0000,
			{0x00,0x00,0x00,0x19,0x00,0x00,0x00,0x00,0x00,0x00,0x00,0x00,0x00,0x00},
			0x00082020, 0x00000000
		},
		{
			{0x0B,0x03,0x2C,0xB0,0x00,0x00,0x00,0x00,0x00,0x00,0x00,0x00,0xFF,0xFF},
			0x0000, 0x0000, 0x0000, 0x017E, 0x0000, 0x0027, 0x002A, {0x07,0x00}, 0x0041,
			0.025f, {0x00,0x00}, 0x0000, 0x0000, 0x0000, 0x0000, 0x0000, 0x0000,
			{0x00,0x00,0x00,0x19,0x00,0x00,0x00,0x00,0x00,0x00,0x00,0x00,0x00,0x00},
			0x02000024, 0x00000000
		},
		{
			{0x00,0x00,0x00,0x00,0x00,0x00,0x00,0x00,0x00,0x00,0x00,0x00,0xFF,0xFF},
			0x0000, 0x0000, 0x0000, -1, 0x0000, 0x0000, 0x0000, {0x00,0x00}, 0x0000,
			0.0f, {0x00,0x00}, 0x0000, 0x0000, 0x0000, 0x0000, 0x0000, 0x0000,
			{0x00,0x00,0x00,0x00,0x00,0x00,0x00,0x00,0x00,0x00,0x00,0x00,0x00,0x00},
			0x00000000, 0x00000000
		},
		{
			{0x00,0x00,0x00,0x00,0x00,0x00,0x00,0x00,0x00,0x00,0x00,0x00,0xFF,0xFF},
			0x0000, 0x0000, 0x0000, -1, 0x0000, 0x0000, 0x0000, {0x00,0x00}, 0x0000,
			0.0f, {0x00,0x00}, 0x0000, 0x0000, 0x0000, 0x0000, 0x0000, 0x0000,
			{0x00,0x00,0x00,0x00,0x00,0x00,0x00,0x00,0x00,0x00,0x00,0x00,0x00,0x00},
			0x00000000, 0x00000000
		},
		{
			{0x00,0x00,0x00,0x00,0x00,0x00,0x00,0x00,0x00,0x00,0x00,0x00,0xFF,0xFF},
			0x0000, 0x0000, 0x0000, -1, 0x0000, 0x0000, 0x0000, {0x00,0x00}, 0x0000,
			0.0f, {0x00,0x00}, 0x0000, 0x0000, 0x0000, 0x0000, 0x0000, 0x0000,
			{0x00,0x00,0x00,0x00,0x00,0x00,0x00,0x00,0x00,0x00,0x00,0x00,0x00,0x00},
			0x00000000, 0x00000000
		},
		{
			{0x00,0x00,0x00,0x00,0x00,0x00,0x00,0x00,0x00,0x00,0x00,0x00,0xFF,0xFF},
			0x0000, 0x0000, 0x0000, -1, 0x0000, 0x0000, 0x0000, {0x00,0x00}, 0x0000,
			0.0f, {0x00,0x00}, 0x0000, 0x0000, 0x0000, 0x0000, 0x0000, 0x0000,
			{0x00,0x00,0x00,0x00,0x00,0x00,0x00,0x00,0x00,0x00,0x00,0x00,0x00,0x00},
			0x00000000, 0x00000000
		},
		{
			{0x00,0x00,0x00,0x00,0x00,0x00,0x00,0x00,0x00,0x00,0x00,0x00,0xFF,0xFF},
			0x0000, 0x0000, 0x0000, -1, 0x0000, 0x0000, 0x0000, {0x00,0x00}, 0x0000,
			0.0f, {0x00,0x00}, 0x0000, 0x0000, 0x0000, 0x0000, 0x0000, 0x0000,
			{0x00,0x00,0x00,0x00,0x00,0x00,0x00,0x00,0x00,0x00,0x00,0x00,0x00,0x00},
			0x00000000, 0x00000000
		},
		{
			{0x00,0x00,0x00,0x00,0x00,0x00,0x00,0x00,0x00,0x00,0x00,0x00,0xFF,0xFF},
			0x0000, 0x0000, 0x0000, -1, 0x0000, 0x0000, 0x0000, {0x00,0x00}, 0x0000,
			0.0f, {0x00,0x00}, 0x0000, 0x0000, 0x0000, 0x0000, 0x0000, 0x0000,
			{0x00,0x00,0x00,0x00,0x00,0x00,0x00,0x00,0x00,0x00,0x00,0x00,0x00,0x00},
			0x00000000, 0x00000000
		},
		{
			{0x00,0x00,0x00,0x00,0x00,0x00,0x00,0x00,0x00,0x00,0x00,0x00,0xFF,0xFF},
			0x0000, 0x0000, 0x0000, -1, 0x0000, 0x0000, 0x0000, {0x00,0x00}, 0x0000,
			0.0f, {0x00,0x00}, 0x0000, 0x0000, 0x0000, 0x0000, 0x0000, 0x0000,
			{0x00,0x00,0x00,0x00,0x00,0x00,0x00,0x00,0x00,0x00,0x00,0x00,0x00,0x00},
			0x00000000, 0x00000000
		},
		{
			{0x00,0x00,0x00,0x00,0x00,0x00,0x00,0x00,0x00,0x00,0x00,0x00,0xFF,0xFF},
			0x0000, 0x0000, 0x0000, -1, 0x0000, 0x0000, 0x0000, {0x00,0x00}, 0x0000,
			0.0f, {0x00,0x00}, 0x0000, 0x0000, 0x0000, 0x0000, 0x0000, 0x0000,
			{0x00,0x00,0x00,0x00,0x00,0x00,0x00,0x00,0x00,0x00,0x00,0x00,0x00,0x00},
			0x00000000, 0x00000000
		},
		{
			{0x00,0x00,0x00,0x00,0x00,0x00,0x00,0x00,0x00,0x00,0x00,0x00,0xFF,0xFF},
			0x0000, 0x0000, 0x0000, -1, 0x0000, 0x0000, 0x0000, {0x00,0x00}, 0x0000,
			0.0f, {0x00,0x00}, 0x0000, 0x0000, 0x0000, 0x0000, 0x0000, 0x0000,
			{0x00,0x00,0x00,0x00,0x00,0x00,0x00,0x00,0x00,0x00,0x00,0x00,0x00,0x00},
			0x00000000, 0x00000000
		},
		{
			{0x00,0x00,0x00,0x00,0x00,0x00,0x00,0x00,0x00,0x00,0x00,0x00,0xFF,0xFF},
			0x0000, 0x0000, 0x0000, -1, 0x0000, 0x0000, 0x0000, {0x00,0x00}, 0x0000,
			0.0f, {0x00,0x00}, 0x0000, 0x0000, 0x0000, 0x0000, 0x0000, 0x0000,
			{0x00,0x00,0x00,0x00,0x00,0x00,0x00,0x00,0x00,0x00,0x00,0x00,0x00,0x00},
			0x00000000, 0x00000000
		},
		{
			{0x00,0x00,0x00,0x00,0x00,0x00,0x00,0x00,0x00,0x00,0x00,0x00,0xFF,0xFF},
			0x0000, 0x0000, 0x0000, -1, 0x0000, 0x0000, 0x0000, {0x00,0x00}, 0x0000,
			0.0f, {0x00,0x00}, 0x0000, 0x0000, 0x0000, 0x0000, 0x0000, 0x0000,
			{0x00,0x00,0x00,0x00,0x00,0x00,0x00,0x00,0x00,0x00,0x00,0x00,0x00,0x00},
			0x00000000, 0x00000000
		},
		{
			{0x00,0x00,0x00,0x00,0x00,0x00,0x00,0x00,0x00,0x00,0x00,0x00,0xFF,0xFF},
			0x0000, 0x0000, 0x0000, -1, 0x0000, 0x0000, 0x0000, {0x00,0x00}, 0x0000,
			0.0f, {0x00,0x00}, 0x0000, 0x0000, 0x0000, 0x0000, 0x0000, 0x0000,
			{0x00,0x00,0x00,0x00,0x00,0x00,0x00,0x00,0x00,0x00,0x00,0x00,0x00,0x00},
			0x00000000, 0x00000000
		},
		{
			{0x00,0x00,0x00,0x00,0x00,0x00,0x00,0x00,0x00,0x00,0x00,0x00,0xFF,0xFF},
			0x0000, 0x0000, 0x0000, -1, 0x0000, 0x0000, 0x0000, {0x00,0x00}, 0x0000,
			0.0f, {0x00,0x00}, 0x0000, 0x0000, 0x0000, 0x0000, 0x0000, 0x0000,
			{0x00,0x00,0x00,0x00,0x00,0x00,0x00,0x00,0x00,0x00,0x00,0x00,0x00,0x00},
			0x00000000, 0x00000000
		},
		{
			{0x00,0x00,0x00,0x00,0x00,0x00,0x00,0x00,0x00,0x00,0x00,0x00,0xFF,0xFF},
			0x0000, 0x0000, 0x0000, -1, 0x0000, 0x0000, 0x0000, {0x00,0x00}, 0x0000,
			0.0f, {0x00,0x00}, 0x0000, 0x0000, 0x0000, 0x0000, 0x0000, 0x0000,
			{0x00,0x00,0x00,0x00,0x00,0x00,0x00,0x00,0x00,0x00,0x00,0x00,0x00,0x00},
			0x00000000, 0x00000000
		},
		{
			{0x00,0x00,0x00,0x00,0x00,0x00,0x00,0x00,0x00,0x00,0x00,0x00,0xFF,0xFF},
			0x0000, 0x0000, 0x0000, -1, 0x0000, 0x0000, 0x0000, {0x00,0x00}, 0x0000,
			0.0f, {0x00,0x00}, 0x0000, 0x0000, 0x0000, 0x0000, 0x0000, 0x0000,
			{0x00,0x00,0x00,0x00,0x00,0x00,0x00,0x00,0x00,0x00,0x00,0x00,0x00,0x00},
			0x00000000, 0x00000000
		},
		{
			{0x00,0x00,0x00,0x00,0x00,0x00,0x00,0x00,0x00,0x00,0x00,0x00,0xFF,0xFF},
			0x0000, 0x0000, 0x0000, -1, 0x0000, 0x0000, 0x0000, {0x00,0x00}, 0x0000,
			0.0f, {0x00,0x00}, 0x0000, 0x0000, 0x0000, 0x0000, 0x0000, 0x0000,
			{0x00,0x00,0x00,0x00,0x00,0x00,0x00,0x00,0x00,0x00,0x00,0x00,0x00,0x00},
			0x00000000, 0x00000000
		},
		{
			{0x00,0x00,0x00,0x00,0x00,0x00,0x00,0x00,0x00,0x00,0x00,0x00,0xFF,0xFF},
			0x0000, 0x0000, 0x0000, -1, 0x0000, 0x0000, 0x0000, {0x00,0x00}, 0x0000,
			0.0f, {0x00,0x00}, 0x0000, 0x0000, 0x0000, 0x0000, 0x0000, 0x0000,
			{0x00,0x00,0x00,0x00,0x00,0x00,0x00,0x00,0x00,0x00,0x00,0x00,0x00,0x00},
			0x00000000, 0x00000000
		},
		{
			{0x00,0x00,0x00,0x00,0x00,0x00,0x00,0x00,0x00,0x00,0x00,0x00,0xFF,0xFF},
			0x0000, 0x0000, 0x0000, -1, 0x0000, 0x0000, 0x0000, {0x00,0x00}, 0x0000,
			0.0f, {0x00,0x00}, 0x0000, 0x0000, 0x0000, 0x0000, 0x0000, 0x0000,
			{0x00,0x00,0x00,0x00,0x00,0x00,0x00,0x00,0x00,0x00,0x00,0x00,0x00,0x00},
			0x00000000, 0x00000000
		},
		{
			{0x00,0x00,0x00,0x00,0x00,0x00,0x00,0x00,0x00,0x00,0x00,0x00,0xFF,0xFF},
			0x0000, 0x0000, 0x0000, -1, 0x0000, 0x0000, 0x0000, {0x00,0x00}, 0x0000,
			0.0f, {0x00,0x00}, 0x0000, 0x0000, 0x0000, 0x0000, 0x0000, 0x0000,
			{0x00,0x00,0x00,0x00,0x00,0x00,0x00,0x00,0x00,0x00,0x00,0x00,0x00,0x00},
			0x00000000, 0x00000000
		},
		{
			{0x00,0x00,0x00,0x00,0x00,0x00,0x00,0x00,0x00,0x00,0x00,0x00,0xFF,0xFF},
			0x0000, 0x0000, 0x0000, -1, 0x0000, 0x0000, 0x0000, {0x00,0x00}, 0x0000,
			0.0f, {0x00,0x00}, 0x0000, 0x0000, 0x0000, 0x0000, 0x0000, 0x0000,
			{0x00,0x00,0x00,0x00,0x00,0x00,0x00,0x00,0x00,0x00,0x00,0x00,0x00,0x00},
			0x00000000, 0x00000000
		},
		{
			{0x00,0x00,0x00,0x00,0x00,0x00,0x00,0x00,0x00,0x00,0x00,0x00,0xFF,0xFF},
			0x0000, 0x0000, 0x0000, -1, 0x0000, 0x0000, 0x0000, {0x00,0x00}, 0x0000,
			0.0f, {0x00,0x00}, 0x0000, 0x0000, 0x0000, 0x0000, 0x0000, 0x0000,
			{0x00,0x00,0x00,0x00,0x00,0x00,0x00,0x00,0x00,0x00,0x00,0x00,0x00,0x00},
			0x00000000, 0x00000000
		},
		{
			{0x00,0x00,0x00,0x00,0x00,0x00,0x00,0x00,0x00,0x00,0x00,0x00,0xFF,0xFF},
			0x0000, 0x0000, 0x0000, -1, 0x0000, 0x0000, 0x0000, {0x00,0x00}, 0x0000,
			0.0f, {0x00,0x00}, 0x0000, 0x0000, 0x0000, 0x0000, 0x0000, 0x0000,
			{0x00,0x00,0x00,0x00,0x00,0x00,0x00,0x00,0x00,0x00,0x00,0x00,0x00,0x00},
			0x00000000, 0x00000000
		},
		{
			{0x00,0x00,0x00,0x00,0x00,0x00,0x00,0x00,0x00,0x00,0x00,0x00,0xFF,0xFF},
			0x0000, 0x0000, 0x0000, -1, 0x0000, 0x0000, 0x0000, {0x00,0x00}, 0x0000,
			0.0f, {0x00,0x00}, 0x0000, 0x0000, 0x0000, 0x0000, 0x0000, 0x0000,
			{0x00,0x00,0x00,0x00,0x00,0x00,0x00,0x00,0x00,0x00,0x00,0x00,0x00,0x00},
			0x00000000, 0x00000000
		},
		{
			{0x00,0x00,0x00,0x00,0x00,0x00,0x00,0x00,0x00,0x00,0x00,0x00,0xFF,0xFF},
			0x0000, 0x0000, 0x0000, -1, 0x0000, 0x0000, 0x0000, {0x00,0x00}, 0x0000,
			0.0f, {0x00,0x00}, 0x0000, 0x0000, 0x0000, 0x0000, 0x0000, 0x0000,
			{0x00,0x00,0x00,0x00,0x00,0x00,0x00,0x00,0x00,0x00,0x00,0x00,0x00,0x00},
			0x00000000, 0x00000000
		},
		{
			{0x00,0x00,0x00,0x00,0x00,0x00,0x00,0x00,0x00,0x00,0x00,0x00,0xFF,0xFF},
			0x0000, 0x0000, 0x0000, -1, 0x0000, 0x0000, 0x0000, {0x00,0x00}, 0x0000,
			0.0f, {0x00,0x00}, 0x0000, 0x0000, 0x0000, 0x0000, 0x0000, 0x0000,
			{0x00,0x00,0x00,0x00,0x00,0x00,0x00,0x00,0x00,0x00,0x00,0x00,0x00,0x00},
			0x00000000, 0x00000000
		},
		{
			{0x00,0x00,0x00,0x00,0x00,0x00,0x00,0x00,0x00,0x00,0x00,0x00,0xFF,0xFF},
			0x0000, 0x0000, 0x0000, -1, 0x0000, 0x000F, 0x000F, {0x01,0x00}, 0x0000,
			0.0f, {0x01,0x68}, 0x0000, 0x0000, 0x0000, 0x0000, 0x0000, 0x0000,
			{0x00,0x00,0x00,0x00,0x00,0x00,0x00,0x00,0x00,0x00,0x00,0x00,0x00,0x00},
			0x00000022, 0x00000000
		}
	},
	{	// ---- level 18 ----
		{
			{0x05,0x00,0xF6,0x68,0x00,0x00,0x00,0x00,0x00,0x00,0x00,0x00,0x00,0x01},
			0x0000, 0x000A, 0x0000, 0x00CF, 0x0000, 0x0042, 0x0024, {0x01,0x00}, 0x0000,
			0.0f, {0x00,0x00}, 0x0000, 0x0000, 0x0000, 0x0000, 0x0000, 0x0000,
			{0x00,0x00,0x00,0x42,0x00,0x00,0x00,0x00,0x00,0x00,0x00,0x00,0x00,0x00},
			0x201000EC, 0x00000008
		},
		{
			{0x05,0x00,0xF5,0x88,0x00,0x00,0x00,0x00,0x00,0x00,0x00,0x00,0xFF,0xFF},
			0x0000, 0x0000, 0x0000, -1, 0x0000, 0x0046, 0x001E, {0x01,0x00}, 0x002D,
			-2.0f, {0x00,0x00}, 0x0000, 0x0000, 0x0000, -120, 0x0053, 0x0033,
			{0xFF,0xEE,0x00,0x15,0xFF,0xDF,0x00,0x14,0x05,0x15,0x00,0x00,0x00,0x00},
			0x00000120, 0x00000000
		},
		{
			{0x05,0x00,0xF6,0x18,0x00,0x00,0x00,0x00,0x00,0x00,0x00,0x00,0xFF,0xFF},
			0x0000, 0x0000, 0x0000, -1, 0x0000, 0x0016, 0x001F, {0x01,0x00}, 0x0000,
			0.0f, {0x01,0x68}, 0x0000, 0x0000, 0x0000, 0x0000, 0x0000, 0x0000,
			{0x00,0x00,0x00,0x00,0x00,0x00,0x00,0x00,0x00,0x00,0x00,0x00,0x00,0x00},
			0x00000020, 0x00000000
		},
		{
			{0x05,0x00,0xF6,0x08,0x00,0x00,0x00,0x00,0x00,0x00,0x00,0x00,0x00,0x05},
			0x0000, 0x0023, 0x0000, -1, 0x0000, 0x0014, 0x0014, {0x01,0x00}, 0x0000,
			0.0f, {0x00,0xB4}, 0x0000, 0x0000, 0x0000, 0x0000, 0x0000, 0x0000,
			{0x00,0x00,0x00,0x00,0x00,0x00,0x00,0x00,0x00,0x00,0x00,0x00,0x00,0x00},
			0x00000020, 0x00000000
		},
		{
			{0x05,0x00,0xF5,0xF8,0x00,0x00,0x00,0x00,0x00,0x00,0x00,0x00,0xFF,0xFF},
			0x0000, 0x0000, 0x0000, -1, 0x0000, 0x0028, 0x0028, {0x01,0x00}, 0x0000,
			0.0f, {0x00,0x00}, 0x0000, 0x0000, 0x0000, 0x0000, 0x0000, 0x0000,
			{0x00,0x00,0x00,0x00,0x00,0x00,0x00,0x00,0x00,0x00,0x00,0x00,0x00,0x00},
			0x00000020, 0x00000000
		},
		{
			{0x05,0x00,0xF5,0x68,0x00,0x00,0x00,0x00,0x00,0x00,0x00,0x00,0x00,0x02},
			0x0000, 0x000F, 0x0000, 0x0133, 0x0000, 0x000A, 0x000A, {0x23,0x00}, 0x0000,
			0.0f, {0x01,0x68}, 0x0000, 0x0000, 0x0000, 0x0000, 0x0000, 0x0000,
			{0x00,0x00,0x00,0x00,0x00,0x00,0x00,0x00,0x00,0x00,0x00,0x00,0x00,0x00},
			0x200000FA, 0x00000000
		},
		{
			{0x05,0x00,0xF6,0x58,0x00,0x00,0x00,0x00,0x00,0x00,0x00,0x00,0x00,0x03},
			0x0000, 0x001A, 0x0000, 0x0133, 0x0000, 0x000C, 0x000C, {0x23,0x00}, 0x0000,
			0.0f, {0x01,0x68}, 0x0000, 0x0000, 0x0000, 0x0000, 0x0000, 0x0000,
			{0x00,0x00,0x00,0x00,0x00,0x00,0x00,0x00,0x00,0x00,0x00,0x00,0x00,0x00},
			0x200000FA, 0x00000001
		},
		{
			{0x05,0x00,0xF6,0xB8,0x00,0x00,0x00,0x00,0x00,0x00,0x00,0x00,0xFF,0xFF},
			0x0000, 0x0000, 0x0000, -1, 0x0000, 0x005C, 0x0022, {0x01,0x00}, 0x0000,
			0.0f, {0x01,0x68}, 0x0000, 0x0000, 0x0000, 0x0000, 0x0000, 0x0000,
			{0x00,0x00,0x00,0x00,0x00,0x00,0x00,0x00,0x00,0x00,0x00,0x00,0x00,0x00},
			0x00000020, 0x00000000
		},
		{
			{0x05,0x00,0xF6,0x48,0x00,0x00,0x00,0x00,0x00,0x00,0x00,0x00,0xFF,0xFF},
			0x0000, 0x0000, 0x0000, -1, 0x0000, 0x0042, 0x001C, {0x01,0x00}, 0x0000,
			0.0f, {0x00,0x00}, 0x0000, 0x0000, 0x0000, 0x0000, 0x0000, 0x0000,
			{0x00,0x00,0x00,0x00,0x00,0x00,0x00,0x00,0x00,0x00,0x00,0x00,0x00,0x00},
			0x00000020, 0x00000000
		},
		{
			{0x05,0x00,0xF6,0x38,0x00,0x00,0x00,0x00,0x00,0x00,0x00,0x00,0xFF,0xFF},
			0x0000, 0x0000, 0x0000, -1, 0x0000, 0x0006, 0x0006, {0x01,0x00}, 0x0000,
			0.0f, {0x00,0x00}, 0x0000, 0x0000, 0x0000, 0x0000, 0x0000, 0x0000,
			{0x00,0x00,0x00,0x00,0x00,0x00,0x00,0x00,0x00,0x00,0x00,0x00,0x00,0x00},
			0x00000020, 0x00000000
		},
		{
			{0x05,0x00,0xF6,0x78,0x00,0x00,0x00,0x00,0x00,0x00,0x00,0x00,0xFF,0xFF},
			0x0000, 0x0000, 0x0000, 0x016C, 0x0000, 0x0038, 0x000A, {0x01,0x00}, 0x0000,
			0.0f, {0x00,0x00}, 0x0000, 0x0000, 0x0000, 0x0000, 0x0000, 0x0000,
			{0x00,0x00,0x00,0x28,0x00,0x00,0x00,0x00,0x00,0x00,0x00,0x00,0x00,0x00},
			0x02000024, 0x00000000
		},
		{
			{0x05,0x00,0xF5,0x20,0x00,0x00,0x00,0x00,0x00,0x00,0x00,0x00,0xFF,0xFF},
			0x0000, 0x0000, 0x0000, -1, 0x0000, 0x0028, 0x0005, {0x23,0x00}, 0x0000,
			0.0f, {0x00,0x00}, 0x0000, 0x0000, 0x0000, 0x0000, 0x0000, 0x0000,
			{0x00,0x00,0x00,0x28,0x00,0x00,0x00,0x00,0x00,0x00,0x00,0x00,0x00,0x00},
			0x02000022, 0x00000000
		},
		{
			{0x05,0x00,0xF6,0x88,0x00,0x00,0x00,0x00,0x00,0x00,0x00,0x00,0xFF,0xFF},
			0x0000, 0x0000, 0x0000, 0x013B, 0x0000, 0x002E, 0x001A, {0x01,0x00}, 0x001E,
			3.0f, {0x00,0x00}, 0x0000, 0x0000, 0x0000, 0x0051, 0x0098, 0x0029,
			{0x00,0x00,0x00,0x2E,0x00,0x14,0x00,0x19,0x05,0x1C,0x00,0x00,0x00,0x00},
			0x00000120, 0x00000000
		},
		{
			{0x05,0x00,0xF5,0xD0,0x00,0x00,0x00,0x00,0x00,0x00,0x00,0x00,0xFF,0xFF},
			0x0000, 0x0000, 0x0000, 0x012C, 0x0000, 0x0022, 0x001A, {0x01,0x00}, 0x0019,
			2.0f, {0x00,0x00}, 0x0000, 0x0000, 0x0000, 0x0000, 0x007F, 0x0009,
			{0x00,0x00,0x00,0x22,0x00,0x00,0x00,0x0A,0x22,0x14,0x00,0x00,0x00,0x00},
			0x0040C124, 0x00000000
		},
		{
			{0x05,0x00,0xF5,0x40,0x00,0x00,0x00,0x00,0x00,0x00,0x00,0x00,0xFF,0xFF},
			0x0000, 0x0000, 0x0000, 0x013B, 0x0000, 0x0028, 0x0020, {0x01,0x00}, 0x0014,
			-3.0f, {0x00,0x00}, 0x0000, 0x0000, 0x0000, 0x0000, 0x004A, -61,
			{0x00,0x00,0x00,0x28,0x00,0x00,0x00,0x00,0x00,0x00,0x00,0x00,0x00,0x00},
			0x00008324, 0x00000000
		},
		{
			{0x0C,0x02,0x5F,0xE8,0x00,0x00,0x00,0x00,0x00,0x00,0x00,0x00,0xFF,0xFF},
			0x0000, 0x0000, 0x0000, -1, 0x0000, 0x001E, 0x001E, {0x23,0x00}, 0x0000,
			0.0f, {0x00,0x00}, 0x0000, 0x0000, 0x0000, 0x0000, 0x0000, 0x0000,
			{0x00,0x00,0x00,0x00,0x00,0x00,0x00,0x00,0x00,0x00,0x00,0x00,0x00,0x00},
			0x00000020, 0x00000000
		},
		{
			{0x0C,0x02,0x60,0x08,0x00,0x00,0x00,0x00,0x00,0x00,0x00,0x00,0xFF,0xFF},
			0x0000, 0x0000, 0x0000, -1, 0x0000, 0x0023, 0x0025, {0x01,0x00}, 0x0000,
			0.0f, {0x00,0x00}, 0x0000, 0x0000, 0x0000, 0x003D, 0x006F, 0x0045,
			{0x00,0x00,0x00,0x00,0x00,0x00,0x00,0x00,0x00,0x00,0x00,0x00,0x00,0x00},
			0x00000120, 0x00000000
		},
		{
			{0x00,0x00,0x00,0x00,0x00,0x00,0x00,0x00,0x00,0x00,0x00,0x00,0xFF,0xFF},
			0x0000, 0x0000, 0x0000, -1, 0x0000, 0x0000, 0x0000, {0x00,0x00}, 0x0000,
			0.0f, {0x00,0x00}, 0x0000, 0x0000, 0x0000, 0x0000, 0x0000, 0x0000,
			{0x00,0x00,0x00,0x00,0x00,0x00,0x00,0x00,0x00,0x00,0x00,0x00,0x00,0x00},
			0x00000000, 0x00000000
		},
		{
			{0x00,0x00,0x00,0x00,0x00,0x00,0x00,0x00,0x00,0x00,0x00,0x00,0xFF,0xFF},
			0x0000, 0x0000, 0x0000, -1, 0x0000, 0x0000, 0x0000, {0x00,0x00}, 0x0000,
			0.0f, {0x00,0x00}, 0x0000, 0x0000, 0x0000, 0x0000, 0x0000, 0x0000,
			{0x00,0x00,0x00,0x00,0x00,0x00,0x00,0x00,0x00,0x00,0x00,0x00,0x00,0x00},
			0x00000000, 0x00000000
		},
		{
			{0x00,0x00,0x00,0x00,0x00,0x00,0x00,0x00,0x00,0x00,0x00,0x00,0xFF,0xFF},
			0x0000, 0x0000, 0x0000, -1, 0x0000, 0x0000, 0x0000, {0x00,0x00}, 0x0000,
			0.0f, {0x00,0x00}, 0x0000, 0x0000, 0x0000, 0x0000, 0x0000, 0x0000,
			{0x00,0x00,0x00,0x00,0x00,0x00,0x00,0x00,0x00,0x00,0x00,0x00,0x00,0x00},
			0x00000000, 0x00000000
		},
		{
			{0x00,0x00,0x00,0x00,0x00,0x00,0x00,0x00,0x00,0x00,0x00,0x00,0xFF,0xFF},
			0x0000, 0x0000, 0x0000, -1, 0x0000, 0x0000, 0x0000, {0x00,0x00}, 0x0000,
			0.0f, {0x00,0x00}, 0x0000, 0x0000, 0x0000, 0x0000, 0x0000, 0x0000,
			{0x00,0x00,0x00,0x00,0x00,0x00,0x00,0x00,0x00,0x00,0x00,0x00,0x00,0x00},
			0x00000000, 0x00000000
		},
		{
			{0x0C,0x02,0x5F,0xF8,0x00,0x00,0x00,0x00,0x00,0x00,0x00,0x00,0xFF,0xFF},
			0x0000, 0x0000, 0x0000, -1, 0x0000, 0x003C, 0x005A, {0x64,0x00}, 0x0000,
			0.0f, {0x00,0x00}, 0x0000, 0x0000, 0x0000, 0x0000, 0x0000, 0x0000,
			{0x00,0x00,0x00,0x00,0x00,0x00,0x00,0x00,0x00,0x00,0x00,0x00,0x00,0x00},
			0x00000020, 0x00000000
		},
		{
			{0x00,0x00,0x00,0x00,0x00,0x00,0x00,0x00,0x00,0x00,0x00,0x00,0xFF,0xFF},
			0x0000, 0x0000, 0x0000, -1, 0x0000, 0x0000, 0x0000, {0x00,0x00}, 0x0000,
			0.0f, {0x00,0x00}, 0x0000, 0x0000, 0x0000, 0x0000, 0x0000, 0x0000,
			{0x00,0x00,0x00,0x00,0x00,0x00,0x00,0x00,0x00,0x00,0x00,0x00,0x00,0x00},
			0x00000000, 0x00000000
		},
		{
			{0x00,0x00,0x00,0x00,0x00,0x00,0x00,0x00,0x00,0x00,0x00,0x00,0xFF,0xFF},
			0x0000, 0x0000, 0x0000, -1, 0x0000, 0x0000, 0x0000, {0x00,0x00}, 0x0000,
			0.0f, {0x00,0x00}, 0x0000, 0x0000, 0x0000, 0x0000, 0x0000, 0x0000,
			{0x00,0x00,0x00,0x00,0x00,0x00,0x00,0x00,0x00,0x00,0x00,0x00,0x00,0x00},
			0x00000000, 0x00000000
		},
		{
			{0x00,0x00,0x00,0x00,0x00,0x00,0x00,0x00,0x00,0x00,0x00,0x00,0xFF,0xFF},
			0x0000, 0x0000, 0x0000, -1, 0x0000, 0x0000, 0x0000, {0x00,0x00}, 0x0000,
			0.0f, {0x00,0x00}, 0x0000, 0x0000, 0x0000, 0x0000, 0x0000, 0x0000,
			{0x00,0x00,0x00,0x00,0x00,0x00,0x00,0x00,0x00,0x00,0x00,0x00,0x00,0x00},
			0x00000000, 0x00000000
		},
		{
			{0x00,0x00,0x00,0x00,0x00,0x00,0x00,0x00,0x00,0x00,0x00,0x00,0xFF,0xFF},
			0x0000, 0x0000, 0x0000, -1, 0x0000, 0x0000, 0x0000, {0x00,0x00}, 0x0000,
			0.0f, {0x00,0x00}, 0x0000, 0x0000, 0x0000, 0x0000, 0x0000, 0x0000,
			{0x00,0x00,0x00,0x00,0x00,0x00,0x00,0x00,0x00,0x00,0x00,0x00,0x00,0x00},
			0x00000000, 0x00000000
		},
		{
			{0x0C,0x02,0x5F,0xC8,0x00,0x00,0x00,0x00,0x00,0x00,0x00,0x00,0xFF,0xFF},
			0x0000, 0x0000, 0x0000, -1, 0x0000, 0x0060, 0x0060, {0x00,0x00}, 0x0000,
			0.0f, {0x00,0x00}, 0x0000, 0x0000, 0x0000, 0x0000, 0x0000, 0x0000,
			{0x00,0x00,0x00,0x5A,0x00,0x00,0x00,0x00,0x00,0x00,0x00,0x00,0x00,0x00},
			-2147418076, 0x00000004
		},
		{
			{0x0C,0x02,0x5F,0xB8,0x00,0x00,0x00,0x00,0x00,0x00,0x00,0x00,0xFF,0xFF},
			0x0000, 0x0000, 0x0000, -1, 0x0000, 0x0060, 0x0060, {0x00,0x00}, 0x0000,
			0.0f, {0x00,0x00}, 0x0000, 0x0000, 0x0000, 0x0000, 0x0000, 0x0000,
			{0x00,0x00,0x00,0x5A,0x00,0x00,0x00,0x00,0x00,0x00,0x00,0x00,0x00,0x00},
			-2147418076, 0x00000004
		},
		{
			{0x05,0x00,0xF5,0x98,0x00,0x00,0x00,0x00,0x00,0x00,0x00,0x00,0xFF,0xFF},
			0x0000, 0x0000, 0x0000, 0x013A, 0x0000, 0x0006, 0x0006, {0x28,0x00}, 0x0000,
			0.0f, {0x01,0x68}, 0x0000, 0x0000, 0x0000, 0x0000, 0x0000, 0x0000,
			{0x00,0x00,0x00,0x00,0x00,0x00,0x00,0x00,0x00,0x00,0x00,0x00,0x00,0x00},
			0x0000002A, 0x00000000
		},
		{
			{0x00,0x00,0x00,0x00,0x00,0x00,0x00,0x00,0x00,0x00,0x00,0x00,0xFF,0xFF},
			0x0000, 0x0000, 0x0000, -1, 0x0000, 0x0000, 0x0000, {0x00,0x00}, 0x0000,
			0.0f, {0x00,0x00}, 0x0000, 0x0000, 0x0000, 0x0000, 0x0000, 0x0000,
			{0x00,0x00,0x00,0x00,0x00,0x00,0x00,0x00,0x00,0x00,0x00,0x00,0x00,0x00},
			0x00000000, 0x00000000
		},
		{
			{0x0C,0x00,0x42,0x08,0x00,0x00,0x00,0x00,0x00,0x00,0x00,0x00,0xFF,0xFF},
			0x0000, 0x0000, 0x0000, -1, 0x0000, 0x0060, 0x0008, {0x00,0x00}, 0x0023,
			2.0f, {0x00,0x00}, 0x0000, 0x0000, 0x0000, 0x0000, 0x0000, 0x0000,
			{0x00,0x00,0x00,0x00,0x00,0x00,0x00,0x00,0x00,0x00,0x00,0x00,0x00,0x00},
			0x00002020, 0x00000000
		},
		{
			{0x00,0x00,0x00,0x00,0x00,0x00,0x00,0x00,0x00,0x00,0x00,0x00,0xFF,0xFF},
			0x0000, 0x0000, 0x0000, -1, 0x0000, 0x000F, 0x000F, {0x01,0x00}, 0x0000,
			0.0f, {0x01,0x68}, 0x0000, 0x0000, 0x0000, 0x0000, 0x0000, 0x0000,
			{0x00,0x00,0x00,0x28,0x00,0x00,0x00,0x00,0x00,0x00,0x00,0x00,0x00,0x00},
			0x00000024, 0x00000000
		}
	},
	{	// ---- level 19 ----
		{
			{0x05,0x00,0xF6,0x68,0x00,0x00,0x00,0x00,0x00,0x00,0x00,0x00,0x00,0x01},
			0x0000, 0x000A, 0x0000, 0x00CF, 0x0000, 0x0042, 0x0024, {0x01,0x00}, 0x0000,
			0.0f, {0x00,0x00}, 0x0000, 0x0000, 0x0000, 0x0000, 0x0000, 0x0000,
			{0x00,0x00,0x00,0x42,0x00,0x00,0x00,0x00,0x00,0x00,0x00,0x00,0x00,0x00},
			0x201000EC, 0x00000008
		},
		{
			{0x05,0x00,0xF5,0x88,0x00,0x00,0x00,0x00,0x00,0x00,0x00,0x00,0xFF,0xFF},
			0x0000, 0x0000, 0x0000, -1, 0x0000, 0x0046, 0x001E, {0x01,0x00}, 0x002D,
			-2.0f, {0x00,0x00}, 0x0000, 0x0000, 0x0000, -120, 0x0053, 0x0033,
			{0xFF,0xEE,0x00,0x15,0xFF,0xDF,0x00,0x14,0x05,0x15,0x00,0x00,0x00,0x00},
			0x00000120, 0x00000000
		},
		{
			{0x05,0x00,0xF6,0x18,0x00,0x00,0x00,0x00,0x00,0x00,0x00,0x00,0xFF,0xFF},
			0x0000, 0x0000, 0x0000, -1, 0x0000, 0x0016, 0x001F, {0x01,0x00}, 0x0000,
			0.0f, {0x01,0x68}, 0x0000, 0x0000, 0x0000, 0x0000, 0x0000, 0x0000,
			{0x00,0x00,0x00,0x00,0x00,0x00,0x00,0x00,0x00,0x00,0x00,0x00,0x00,0x00},
			0x00000020, 0x00000000
		},
		{
			{0x05,0x00,0xF6,0x08,0x00,0x00,0x00,0x00,0x00,0x00,0x00,0x00,0x00,0x05},
			0x0000, 0x0023, 0x0000, -1, 0x0000, 0x0014, 0x0014, {0x01,0x00}, 0x0000,
			0.0f, {0x00,0xB4}, 0x0000, 0x0000, 0x0000, 0x0000, 0x0000, 0x0000,
			{0x00,0x00,0x00,0x00,0x00,0x00,0x00,0x00,0x00,0x00,0x00,0x00,0x00,0x00},
			0x00000020, 0x00000000
		},
		{
			{0x05,0x00,0xF5,0xF8,0x00,0x00,0x00,0x00,0x00,0x00,0x00,0x00,0xFF,0xFF},
			0x0000, 0x0000, 0x0000, -1, 0x0000, 0x0028, 0x0028, {0x01,0x00}, 0x0000,
			0.0f, {0x00,0x00}, 0x0000, 0x0000, 0x0000, 0x0000, 0x0000, 0x0000,
			{0x00,0x00,0x00,0x00,0x00,0x00,0x00,0x00,0x00,0x00,0x00,0x00,0x00,0x00},
			0x00000020, 0x00000000
		},
		{
			{0x05,0x00,0xF5,0x68,0x00,0x00,0x00,0x00,0x00,0x00,0x00,0x00,0x00,0x02},
			0x0000, 0x000F, 0x0000, 0x0133, 0x0000, 0x000A, 0x000A, {0x23,0x00}, 0x0000,
			0.0f, {0x01,0x68}, 0x0000, 0x0000, 0x0000, 0x0000, 0x0000, 0x0000,
			{0x00,0x00,0x00,0x00,0x00,0x00,0x00,0x00,0x00,0x00,0x00,0x00,0x00,0x00},
			0x200000FA, 0x00000000
		},
		{
			{0x05,0x00,0xF6,0x58,0x00,0x00,0x00,0x00,0x00,0x00,0x00,0x00,0x00,0x03},
			0x0000, 0x001A, 0x0000, 0x0133, 0x0000, 0x000C, 0x000C, {0x23,0x00}, 0x0000,
			0.0f, {0x01,0x68}, 0x0000, 0x0000, 0x0000, 0x0000, 0x0000, 0x0000,
			{0x00,0x00,0x00,0x00,0x00,0x00,0x00,0x00,0x00,0x00,0x00,0x00,0x00,0x00},
			0x200000FA, 0x00000001
		},
		{
			{0x05,0x00,0xF6,0xB8,0x00,0x00,0x00,0x00,0x00,0x00,0x00,0x00,0xFF,0xFF},
			0x0000, 0x0000, 0x0000, -1, 0x0000, 0x005C, 0x0022, {0x01,0x00}, 0x0000,
			0.0f, {0x01,0x68}, 0x0000, 0x0000, 0x0000, 0x0000, 0x0000, 0x0000,
			{0x00,0x00,0x00,0x00,0x00,0x00,0x00,0x00,0x00,0x00,0x00,0x00,0x00,0x00},
			0x00000020, 0x00000000
		},
		{
			{0x05,0x00,0xF6,0x48,0x00,0x00,0x00,0x00,0x00,0x00,0x00,0x00,0xFF,0xFF},
			0x0000, 0x0000, 0x0000, -1, 0x0000, 0x0042, 0x001C, {0x01,0x00}, 0x0000,
			0.0f, {0x00,0x00}, 0x0000, 0x0000, 0x0000, 0x0000, 0x0000, 0x0000,
			{0x00,0x00,0x00,0x00,0x00,0x00,0x00,0x00,0x00,0x00,0x00,0x00,0x00,0x00},
			0x00000020, 0x00000000
		},
		{
			{0x05,0x00,0xF6,0x38,0x00,0x00,0x00,0x00,0x00,0x00,0x00,0x00,0xFF,0xFF},
			0x0000, 0x0000, 0x0000, -1, 0x0000, 0x0006, 0x0006, {0x01,0x00}, 0x0000,
			0.0f, {0x00,0x00}, 0x0000, 0x0000, 0x0000, 0x0000, 0x0000, 0x0000,
			{0x00,0x00,0x00,0x00,0x00,0x00,0x00,0x00,0x00,0x00,0x00,0x00,0x00,0x00},
			0x00000020, 0x00000000
		},
		{
			{0x05,0x00,0xF6,0x78,0x00,0x00,0x00,0x00,0x00,0x00,0x00,0x00,0xFF,0xFF},
			0x0000, 0x0000, 0x0000, 0x016C, 0x0000, 0x0038, 0x000A, {0x01,0x00}, 0x0000,
			0.0f, {0x00,0x00}, 0x0000, 0x0000, 0x0000, 0x0000, 0x0000, 0x0000,
			{0x00,0x00,0x00,0x28,0x00,0x00,0x00,0x00,0x00,0x00,0x00,0x00,0x00,0x00},
			0x02000024, 0x00000000
		},
		{
			{0x05,0x00,0xF5,0x20,0x00,0x00,0x00,0x00,0x00,0x00,0x00,0x00,0xFF,0xFF},
			0x0000, 0x0000, 0x0000, -1, 0x0000, 0x0028, 0x0005, {0x23,0x00}, 0x0000,
			0.0f, {0x00,0x00}, 0x0000, 0x0000, 0x0000, 0x0000, 0x0000, 0x0000,
			{0x00,0x00,0x00,0x28,0x00,0x00,0x00,0x00,0x00,0x00,0x00,0x00,0x00,0x00},
			0x02000022, 0x00000000
		},
		{
			{0x05,0x00,0xF6,0x88,0x00,0x00,0x00,0x00,0x00,0x00,0x00,0x00,0xFF,0xFF},
			0x0000, 0x0000, 0x0000, 0x013B, 0x0000, 0x002E, 0x001A, {0x01,0x00}, 0x001E,
			3.0f, {0x00,0x00}, 0x0000, 0x0000, 0x0000, 0x0051, 0x0098, 0x0029,
			{0x00,0x00,0x00,0x2E,0x00,0x14,0x00,0x19,0x05,0x1C,0x00,0x00,0x00,0x00},
			0x00000120, 0x00000000
		},
		{
			{0x05,0x00,0xF5,0xD0,0x00,0x00,0x00,0x00,0x00,0x00,0x00,0x00,0xFF,0xFF},
			0x0000, 0x0000, 0x0000, 0x012C, 0x0000, 0x0022, 0x001A, {0x01,0x00}, 0x0019,
			2.0f, {0x00,0x00}, 0x0000, 0x0000, 0x0000, 0x0000, 0x007F, 0x0009,
			{0x00,0x00,0x00,0x22,0x00,0x00,0x00,0x0A,0x22,0x14,0x00,0x00,0x00,0x00},
			0x0040C124, 0x00000000
		},
		{
			{0x05,0x00,0xF5,0x40,0x00,0x00,0x00,0x00,0x00,0x00,0x00,0x00,0xFF,0xFF},
			0x0000, 0x0000, 0x0000, 0x013B, 0x0000, 0x0028, 0x0020, {0x01,0x00}, 0x0014,
			-3.0f, {0x00,0x00}, 0x0000, 0x0000, 0x0000, 0x0000, 0x004A, -61,
			{0x00,0x00,0x00,0x28,0x00,0x00,0x00,0x00,0x00,0x00,0x00,0x00,0x00,0x00},
			0x00008324, 0x00000000
		},
		{
			{0x0C,0x02,0x5F,0x20,0x00,0x00,0x00,0x00,0x00,0x00,0x00,0x00,0xFF,0xFF},
			0x0000, 0x0000, 0x0000, -1, 0x0000, 0x0057, 0x0021, {0x01,0x00}, 0x0000,
			0.0f, {0x00,0x00}, 0x0000, 0x0000, 0x0000, 0x0059, 0x007E, 0x001F,
			{0x00,0x00,0x00,0x00,0x00,0x00,0x00,0x00,0x00,0x00,0x00,0x00,0x00,0x00},
			0x00000120, 0x00000000
		},
		{
			{0x0C,0x02,0x5F,0x98,0x00,0x00,0x00,0x00,0x00,0x00,0x00,0x00,0xFF,0xFF},
			0x0000, 0x0000, 0x0000, -1, 0x0000, 0x000A, 0x000A, {0x23,0x00}, 0x0000,
			0.0f, {0x00,0x00}, 0x0000, 0x0000, 0x0000, 0x0000, 0x0000, 0x0000,
			{0x00,0x00,0x00,0x00,0x00,0x00,0x00,0x00,0x00,0x00,0x00,0x00,0x00,0x00},
			0x00000020, 0x00000000
		},
		{
			{0x0C,0x02,0x5F,0x48,0x00,0x00,0x00,0x00,0x00,0x00,0x00,0x00,0xFF,0xFF},
			0x0000, 0x0000, 0x0000, -1, 0x0000, 0x001F, 0x0017, {0x01,0x00}, 0x0000,
			0.0f, {0x00,0x00}, 0x0000, 0x0000, 0x0000, 0x0038, 0x008D, 0x0029,
			{0x00,0x00,0x00,0x00,0x00,0x00,0x00,0x00,0x00,0x00,0x00,0x00,0x00,0x00},
			0x00000120, 0x00000000
		},
		{
			{0x0C,0x02,0x5E,0xB8,0x00,0x00,0x00,0x00,0x00,0x00,0x00,0x00,0xFF,0xFF},
			0x0000, 0x0000, 0x0000, 0x00F7, 0x0000, 0x0023, 0x0015, {0x01,0x00}, 0x000A,
			2.0f, {0x00,0x00}, 0x0000, 0x0000, 0x0000, 0x0000, 0x008C, 0x0000,
			{0x00,0x00,0x00,0x23,0x00,0x00,0x00,0x00,0x00,0x00,0x00,0x00,0x00,0x00},
			0x0000C124, 0x00000000
		},
		{
			{0x00,0x00,0x00,0x00,0x00,0x00,0x00,0x00,0x00,0x00,0x00,0x00,0xFF,0xFF},
			0x0000, 0x0000, 0x0000, -1, 0x0000, 0x0000, 0x0000, {0x00,0x00}, 0x0000,
			0.0f, {0x00,0x00}, 0x0000, 0x0000, 0x0000, 0x0000, 0x0000, 0x0000,
			{0x00,0x00,0x00,0x00,0x00,0x00,0x00,0x00,0x00,0x00,0x00,0x00,0x00,0x00},
			0x00000000, 0x00000000
		},
		{
			{0x0C,0x02,0x60,0xE0,0x00,0x00,0x00,0x00,0x00,0x00,0x00,0x00,0xFF,0xFF},
			0x0000, 0x0000, 0x0000, -1, 0x0000, 0x0046, 0x0028, {0x23,0x00}, 0x0000,
			0.0f, {0x00,0x00}, 0x0000, 0x0000, 0x0000, 0x0000, 0x0000, 0x0000,
			{0x00,0x00,0x00,0x00,0x00,0x00,0x00,0x00,0x00,0x00,0x00,0x00,0x00,0x00},
			0x00000020, 0x00000000
		},
		{
			{0x0C,0x02,0x60,0xF0,0x00,0x00,0x00,0x00,0x00,0x00,0x00,0x00,0xFF,0xFF},
			0x0000, 0x0000, 0x0000, 0x017E, 0x0000, 0x0012, 0x000E, {0x26,0x00}, 0x0000,
			0.0f, {0x00,0x5A}, 0x0000, 0x0000, 0x0000, 0x0000, 0x0000, 0x0000,
			{0x00,0x00,0x00,0x00,0x00,0x00,0x00,0x00,0x00,0x00,0x00,0x00,0x00,0x00},
			0x00800022, 0x00000002
		},
		{
			{0x00,0x00,0x00,0x00,0x00,0x00,0x00,0x00,0x00,0x00,0x00,0x00,0xFF,0xFF},
			0x0000, 0x0000, 0x0000, -1, 0x0000, 0x0000, 0x0000, {0x00,0x00}, 0x0000,
			0.0f, {0x00,0x00}, 0x0000, 0x0000, 0x0000, 0x0000, 0x0000, 0x0000,
			{0x00,0x00,0x00,0x00,0x00,0x00,0x00,0x00,0x00,0x00,0x00,0x00,0x00,0x00},
			0x00000000, 0x00000000
		},
		{
			{0x00,0x00,0x00,0x00,0x00,0x00,0x00,0x00,0x00,0x00,0x00,0x00,0xFF,0xFF},
			0x0000, 0x0000, 0x0000, -1, 0x0000, 0x0000, 0x0000, {0x00,0x00}, 0x0000,
			0.0f, {0x00,0x00}, 0x0000, 0x0000, 0x0000, 0x0000, 0x0000, 0x0000,
			{0x00,0x00,0x00,0x00,0x00,0x00,0x00,0x00,0x00,0x00,0x00,0x00,0x00,0x00},
			0x00000000, 0x00000000
		},
		{
			{0x00,0x00,0x00,0x00,0x00,0x00,0x00,0x00,0x00,0x00,0x00,0x00,0xFF,0xFF},
			0x0000, 0x0000, 0x0000, -1, 0x0000, 0x0000, 0x0000, {0x00,0x00}, 0x0000,
			0.0f, {0x00,0x00}, 0x0000, 0x0000, 0x0000, 0x0000, 0x0000, 0x0000,
			{0x00,0x00,0x00,0x00,0x00,0x00,0x00,0x00,0x00,0x00,0x00,0x00,0x00,0x00},
			0x00000000, 0x00000000
		},
		{
			{0x00,0x00,0x00,0x00,0x00,0x00,0x00,0x00,0x00,0x00,0x00,0x00,0xFF,0xFF},
			0x0000, 0x0000, 0x0000, -1, 0x0000, 0x0000, 0x0000, {0x00,0x00}, 0x0000,
			0.0f, {0x00,0x00}, 0x0000, 0x0000, 0x0000, 0x0000, 0x0000, 0x0000,
			{0x00,0x00,0x00,0x00,0x00,0x00,0x00,0x00,0x00,0x00,0x00,0x00,0x00,0x00},
			0x00000000, 0x00000000
		},
		{
			{0x00,0x00,0x00,0x00,0x00,0x00,0x00,0x00,0x00,0x00,0x00,0x00,0xFF,0xFF},
			0x0000, 0x0000, 0x0000, -1, 0x0000, 0x0000, 0x0000, {0x00,0x00}, 0x0000,
			0.0f, {0x00,0x00}, 0x0000, 0x0000, 0x0000, 0x0000, 0x0000, 0x0000,
			{0x00,0x00,0x00,0x00,0x00,0x00,0x00,0x00,0x00,0x00,0x00,0x00,0x00,0x00},
			0x00000000, 0x00000000
		},
		{
			{0x0C,0x02,0x61,0x00,0x00,0x00,0x00,0x00,0x00,0x00,0x00,0x00,0xFF,0xFF},
			0x0000, 0x0000, 0x0000, 0x017C, 0x0000, 0x003A, 0x0026, {0x01,0x00}, 0x0014,
			4.0f, {0x00,0x00}, 0x0000, 0x0000, 0x0000, 0x0000, 0x0000, 0x0006,
			{0x00,0x00,0x00,0x28,0x00,0x00,0x00,0x00,0x00,0x00,0x00,0x00,0x00,0x00},
			0x00011124, 0x00000002
		},
		{
			{0x05,0x00,0xF5,0x98,0x00,0x00,0x00,0x00,0x00,0x00,0x00,0x00,0xFF,0xFF},
			0x0000, 0x0000, 0x0000, 0x013A, 0x0000, 0x0006, 0x0006, {0x28,0x00}, 0x0000,
			0.0f, {0x01,0x68}, 0x0000, 0x0000, 0x0000, 0x0000, 0x0000, 0x0000,
			{0x00,0x00,0x00,0x00,0x00,0x00,0x00,0x00,0x00,0x00,0x00,0x00,0x00,0x00},
			0x0000002A, 0x00000000
		},
		{
			{0x00,0x00,0x00,0x00,0x00,0x00,0x00,0x00,0x00,0x00,0x00,0x00,0xFF,0xFF},
			0x0000, 0x0000, 0x0000, -1, 0x0000, 0x0000, 0x0000, {0x00,0x00}, 0x0000,
			0.0f, {0x00,0x00}, 0x0000, 0x0000, 0x0000, 0x0000, 0x0000, 0x0000,
			{0x00,0x00,0x00,0x00,0x00,0x00,0x00,0x00,0x00,0x00,0x00,0x00,0x00,0x00},
			0x00000000, 0x00000000
		},
		{
			{0x0C,0x00,0x67,0x30,0x00,0x00,0x00,0x00,0x00,0x00,0x00,0x00,0xFF,0xFF},
			0x0000, 0x0000, 0x0000, -1, 0x0000, 0x0060, 0x0008, {0x00,0x00}, 0x0023,
			2.0f, {0x00,0x00}, 0x0000, 0x0000, 0x0000, 0x0000, 0x0000, 0x0000,
			{0x00,0x00,0x00,0x00,0x00,0x00,0x00,0x00,0x00,0x00,0x00,0x00,0x00,0x00},
			0x00002020, 0x00000000
		},
		{
			{0x00,0x00,0x00,0x00,0x00,0x00,0x00,0x00,0x00,0x00,0x00,0x00,0xFF,0xFF},
			0x0000, 0x0000, 0x0000, -1, 0x0000, 0x000F, 0x000F, {0x01,0x00}, 0x0000,
			0.0f, {0x01,0x68}, 0x0000, 0x0000, 0x0000, 0x0000, 0x0000, 0x0000,
			{0x00,0x00,0x00,0x28,0x00,0x00,0x00,0x00,0x00,0x00,0x00,0x00,0x00,0x00},
			0x00000024, 0x00000000
		}
	},
	{	// ---- level 20 ----
		{
			{0x05,0x00,0xF6,0x68,0x00,0x00,0x00,0x00,0x00,0x00,0x00,0x00,0x00,0x01},
			0x0000, 0x000A, 0x0000, 0x00CF, 0x0000, 0x0042, 0x0024, {0x01,0x00}, 0x0000,
			0.0f, {0x00,0x00}, 0x0000, 0x0000, 0x0000, 0x0000, 0x0000, 0x0000,
			{0x00,0x00,0x00,0x42,0x00,0x00,0x00,0x00,0x00,0x00,0x00,0x00,0x00,0x00},
			0x201000EC, 0x00000008
		},
		{
			{0x00,0x00,0x00,0x00,0x00,0x00,0x00,0x00,0x00,0x00,0x00,0x00,0xFF,0xFF},
			0x0000, 0x0000, 0x0000, -1, 0x0000, 0x0000, 0x0000, {0x00,0x00}, 0x0000,
			0.0f, {0x00,0x00}, 0x0000, 0x0000, 0x0000, 0x0000, 0x0000, 0x0000,
			{0x00,0x00,0x00,0x00,0x00,0x00,0x00,0x00,0x00,0x00,0x00,0x00,0x00,0x00},
			0x00000000, 0x00000000
		},
		{
			{0x05,0x00,0xF6,0x18,0x00,0x00,0x00,0x00,0x00,0x00,0x00,0x00,0xFF,0xFF},
			0x0000, 0x0000, 0x0000, -1, 0x0000, 0x0016, 0x001F, {0x01,0x00}, 0x0000,
			0.0f, {0x01,0x68}, 0x0000, 0x0000, 0x0000, 0x0000, 0x0000, 0x0000,
			{0x00,0x00,0x00,0x00,0x00,0x00,0x00,0x00,0x00,0x00,0x00,0x00,0x00,0x00},
			0x00000020, 0x00000000
		},
		{
			{0x05,0x00,0xF6,0x08,0x00,0x00,0x00,0x00,0x00,0x00,0x00,0x00,0x00,0x05},
			0x0000, 0x0023, 0x0000, -1, 0x0000, 0x0014, 0x0014, {0x01,0x00}, 0x0000,
			0.0f, {0x00,0xB4}, 0x0000, 0x0000, 0x0000, 0x0000, 0x0000, 0x0000,
			{0x00,0x00,0x00,0x00,0x00,0x00,0x00,0x00,0x00,0x00,0x00,0x00,0x00,0x00},
			0x00000020, 0x00000000
		},
		{
			{0x05,0x00,0xF5,0xF8,0x00,0x00,0x00,0x00,0x00,0x00,0x00,0x00,0xFF,0xFF},
			0x0000, 0x0000, 0x0000, -1, 0x0000, 0x0028, 0x0028, {0x01,0x00}, 0x0000,
			0.0f, {0x00,0x00}, 0x0000, 0x0000, 0x0000, 0x0000, 0x0000, 0x0000,
			{0x00,0x00,0x00,0x00,0x00,0x00,0x00,0x00,0x00,0x00,0x00,0x00,0x00,0x00},
			0x00000020, 0x00000000
		},
		{
			{0x05,0x00,0xF5,0x68,0x00,0x00,0x00,0x00,0x00,0x00,0x00,0x00,0x00,0x02},
			0x0000, 0x000F, 0x0000, 0x0133, 0x0000, 0x000A, 0x000A, {0x23,0x00}, 0x0000,
			0.0f, {0x01,0x68}, 0x0000, 0x0000, 0x0000, 0x0000, 0x0000, 0x0000,
			{0x00,0x00,0x00,0x00,0x00,0x00,0x00,0x00,0x00,0x00,0x00,0x00,0x00,0x00},
			0x200000FA, 0x00000000
		},
		{
			{0x05,0x00,0xF6,0x58,0x00,0x00,0x00,0x00,0x00,0x00,0x00,0x00,0x00,0x03},
			0x0000, 0x001A, 0x0000, 0x0133, 0x0000, 0x000C, 0x000C, {0x23,0x00}, 0x0000,
			0.0f, {0x01,0x68}, 0x0000, 0x0000, 0x0000, 0x0000, 0x0000, 0x0000,
			{0x00,0x00,0x00,0x00,0x00,0x00,0x00,0x00,0x00,0x00,0x00,0x00,0x00,0x00},
			0x200000FA, 0x00000001
		},
		{
			{0x00,0x00,0x00,0x00,0x00,0x00,0x00,0x00,0x00,0x00,0x00,0x00,0xFF,0xFF},
			0x0000, 0x0000, 0x0000, -1, 0x0000, 0x0000, 0x0000, {0x00,0x00}, 0x0000,
			0.0f, {0x00,0x00}, 0x0000, 0x0000, 0x0000, 0x0000, 0x0000, 0x0000,
			{0x00,0x00,0x00,0x00,0x00,0x00,0x00,0x00,0x00,0x00,0x00,0x00,0x00,0x00},
			0x00000000, 0x00000000
		},
		{
			{0x05,0x00,0xF6,0x48,0x00,0x00,0x00,0x00,0x00,0x00,0x00,0x00,0xFF,0xFF},
			0x0000, 0x0000, 0x0000, -1, 0x0000, 0x0042, 0x001C, {0x01,0x00}, 0x0000,
			0.0f, {0x00,0x00}, 0x0000, 0x0000, 0x0000, 0x0000, 0x0000, 0x0000,
			{0x00,0x00,0x00,0x00,0x00,0x00,0x00,0x00,0x00,0x00,0x00,0x00,0x00,0x00},
			0x00000020, 0x00000000
		},
		{
			{0x05,0x00,0xF6,0x38,0x00,0x00,0x00,0x00,0x00,0x00,0x00,0x00,0xFF,0xFF},
			0x0000, 0x0000, 0x0000, -1, 0x0000, 0x0006, 0x0006, {0x01,0x00}, 0x0000,
			0.0f, {0x00,0x00}, 0x0000, 0x0000, 0x0000, 0x0000, 0x0000, 0x0000,
			{0x00,0x00,0x00,0x00,0x00,0x00,0x00,0x00,0x00,0x00,0x00,0x00,0x00,0x00},
			0x00000020, 0x00000000
		},
		{
			{0x05,0x00,0xF6,0x78,0x00,0x00,0x00,0x00,0x00,0x00,0x00,0x00,0xFF,0xFF},
			0x0000, 0x0000, 0x0000, 0x016C, 0x0000, 0x0038, 0x000A, {0x01,0x00}, 0x0000,
			0.0f, {0x00,0x00}, 0x0000, 0x0000, 0x0000, 0x0000, 0x0000, 0x0000,
			{0x00,0x00,0x00,0x28,0x00,0x00,0x00,0x00,0x00,0x00,0x00,0x00,0x00,0x00},
			0x02000024, 0x00000000
		},
		{
			{0x05,0x00,0xF5,0x20,0x00,0x00,0x00,0x00,0x00,0x00,0x00,0x00,0xFF,0xFF},
			0x0000, 0x0000, 0x0000, -1, 0x0000, 0x0028, 0x0005, {0x23,0x00}, 0x0000,
			0.0f, {0x00,0x00}, 0x0000, 0x0000, 0x0000, 0x0000, 0x0000, 0x0000,
			{0x00,0x00,0x00,0x28,0x00,0x00,0x00,0x00,0x00,0x00,0x00,0x00,0x00,0x00},
			0x02000022, 0x00000000
		},
		{
			{0x00,0x00,0x00,0x00,0x00,0x00,0x00,0x00,0x00,0x00,0x00,0x00,0xFF,0xFF},
			0x0000, 0x0000, 0x0000, -1, 0x0000, 0x0000, 0x0000, {0x00,0x00}, 0x0000,
			0.0f, {0x00,0x00}, 0x0000, 0x0000, 0x0000, 0x0000, 0x0000, 0x0000,
			{0x00,0x00,0x00,0x00,0x00,0x00,0x00,0x00,0x00,0x00,0x00,0x00,0x00,0x00},
			0x00000000, 0x00000000
		},
		{
			{0x00,0x00,0x00,0x00,0x00,0x00,0x00,0x00,0x00,0x00,0x00,0x00,0xFF,0xFF},
			0x0000, 0x0000, 0x0000, -1, 0x0000, 0x0000, 0x0000, {0x00,0x00}, 0x0000,
			0.0f, {0x00,0x00}, 0x0000, 0x0000, 0x0000, 0x0000, 0x0000, 0x0000,
			{0x00,0x00,0x00,0x00,0x00,0x00,0x00,0x00,0x00,0x00,0x00,0x00,0x00,0x00},
			0x00000000, 0x00000000
		},
		{
			{0x05,0x00,0xF5,0x40,0x00,0x00,0x00,0x00,0x00,0x00,0x00,0x00,0xFF,0xFF},
			0x0000, 0x0000, 0x0000, 0x013B, 0x0000, 0x0028, 0x0020, {0x01,0x00}, 0x0014,
			-3.0f, {0x00,0x00}, 0x0000, 0x0000, 0x0000, 0x0000, 0x004A, -61,
			{0x00,0x00,0x00,0x28,0x00,0x00,0x00,0x00,0x00,0x00,0x00,0x00,0x00,0x00},
			0x00008324, 0x00000000
		},
		{
			{0x00,0x00,0x00,0x00,0x00,0x00,0x00,0x00,0x00,0x00,0x00,0x00,0xFF,0xFF},
			0x0000, 0x0000, 0x0000, -1, 0x0000, 0x0000, 0x0000, {0x00,0x00}, 0x0000,
			0.0f, {0x00,0x00}, 0x0000, 0x0000, 0x0000, 0x0000, 0x0000, 0x0000,
			{0x00,0x00,0x00,0x00,0x00,0x00,0x00,0x00,0x00,0x00,0x00,0x00,0x00,0x00},
			0x00000000, 0x00000000
		},
		{
			{0x0C,0x02,0x60,0x40,0x00,0x00,0x00,0x00,0x00,0x00,0x00,0x00,0xFF,0xFF},
			0x0000, 0x0000, 0x0000, 0x016E, 0x0000, 0x001A, 0x001E, {0x28,0x00}, 0x0023,
			3.0f, {0x00,0x5A}, 0x0000, 0x0000, 0x0000, 0x0000, 0x002B, 0x0021,
			{0x00,0x00,0x00,0x00,0x00,0x00,0x00,0x00,0x00,0x00,0x00,0x00,0x00,0x00},
			0x00000922, 0x00000000
		},
		{
			{0x0C,0x02,0x60,0x30,0x00,0x00,0x00,0x00,0x00,0x00,0x00,0x00,0x00,0x07},
			0x0000, 0x0023, 0x001E, 0x0170, 0x0000, 0x001E, 0x0037, {0x01,0x00}, 0x0000,
			0.0f, {0x00,0x00}, 0x0000, 0x0000, 0x0000, 0x0000, 0x0000, 0x0000,
			{0x00,0x00,0x00,0x00,0x00,0x00,0x00,0x00,0x00,0x00,0x00,0x00,0x00,0x00},
			0x20100020, 0x00000000
		},
		{
			{0x00,0x00,0x00,0x00,0x00,0x00,0x00,0x00,0x00,0x00,0x00,0x00,0xFF,0xFF},
			0x0000, 0x0000, 0x0000, -1, 0x0000, 0x0000, 0x0000, {0x00,0x00}, 0x0000,
			0.0f, {0x00,0x00}, 0x0000, 0x0000, 0x0000, 0x0000, 0x0000, 0x0000,
			{0x00,0x00,0x00,0x00,0x00,0x00,0x00,0x00,0x00,0x00,0x00,0x00,0x00,0x00},
			0x00000000, 0x00000000
		},
		{
			{0x0C,0x02,0x5E,0x98,0x00,0x00,0x00,0x00,0x00,0x00,0x00,0x00,0xFF,0xFF},
			0x0000, 0x0000, 0x0000, -1, 0x0000, 0x000A, 0x0013, {0x46,0x00}, 0x0000,
			0.0f, {0x00,0x00}, 0x0000, 0x0000, 0x0000, 0x0000, 0x0000, 0x0000,
			{0x00,0x00,0x00,0x00,0x00,0x00,0x00,0x00,0x00,0x00,0x00,0x00,0x00,0x00},
			0x00000020, 0x00000000
		},
		{
			{0x0C,0x02,0x60,0x88,0x00,0x00,0x00,0x00,0x00,0x00,0x00,0x00,0xFF,0xFF},
			0x0000, 0x0000, 0x0000, -1, 0x0000, 0x0018, 0x0009, {0x01,0x00}, 0x0000,
			0.0f, {0x00,0x00}, 0x0000, 0x0000, 0x0000, 0x0000, 0x0000, 0x0000,
			{0x00,0x00,0x00,0x00,0x00,0x00,0x00,0x00,0x00,0x00,0x00,0x00,0x00,0x00},
			0x00000020, 0x00000000
		},
		{
			{0x0C,0x02,0x5E,0x60,0x00,0x00,0x00,0x00,0x00,0x00,0x00,0x00,0xFF,0xFF},
			0x0000, 0x0000, 0x0000, 0x017F, 0x0000, 0x0099, 0x004D, {0x01,0x00}, 0x0000,
			0.0f, {0x00,0x00}, 0x0000, 0x0000, 0x0000, 0x0000, 0x0000, 0x0000,
			{0x00,0x00,0x00,0x00,0x00,0x00,0x00,0x00,0x00,0x00,0x00,0x00,0x00,0x00},
			0x00100020, 0x00000000
		},
		{
			{0x00,0x00,0x00,0x00,0x00,0x00,0x00,0x00,0x00,0x00,0x00,0x00,0xFF,0xFF},
			0x0000, 0x0000, 0x0000, -1, 0x0000, 0x0000, 0x0000, {0x00,0x00}, 0x0000,
			0.0f, {0x00,0x00}, 0x0000, 0x0000, 0x0000, 0x0000, 0x0000, 0x0000,
			{0x00,0x00,0x00,0x00,0x00,0x00,0x00,0x00,0x00,0x00,0x00,0x00,0x00,0x00},
			0x00000000, 0x00000000
		},
		{
			{0x0C,0x02,0x5F,0xD8,0x00,0x00,0x00,0x00,0x00,0x00,0x00,0x00,0xFF,0xFF},
			0x0000, 0x0000, 0x0000, -1, 0x0000, 0x0023, 0x0023, {0x01,0x00}, 0x0000,
			0.0f, {0x00,0x00}, 0x0000, 0x0000, 0x0000, 0x0000, 0x0000, 0x0000,
			{0x00,0x00,0x00,0x00,0x00,0x00,0x00,0x00,0x00,0x00,0x00,0x00,0x00,0x00},
			0x00000020, 0x00000000
		},
		{
			{0x0C,0x02,0x5E,0x70,0x00,0x00,0x00,0x00,0x00,0x00,0x00,0x00,0xFF,0xFF},
			0x0000, 0x0000, 0x0000, 0x017F, 0x006E, 0x0077, 0x0077, {0x01,0x00}, 0x012C,
			-0.5f, {0x00,0x00}, 0x0000, 0x0000, 0x0000, 0x0000, 0x0000, 0x0000,
			{0x00,0x00,0x00,0x00,0x00,0x00,0x00,0x00,0x00,0x00,0x00,0x00,0x00,0x00},
			0x00302120, 0x00000001
		},
		{
			{0x0C,0x02,0x61,0x50,0x00,0x00,0x00,0x00,0x00,0x00,0x00,0x00,0x00,0x07},
			0x0000, 0x002D, 0x001B, 0x0170, 0x0000, 0x0052, 0x003B, {0x01,0x00}, 0x0000,
			0.0f, {0x00,0x00}, 0x0000, 0x0000, 0x0000, 0x0000, 0x0000, 0x0000,
			{0x00,0x00,0x00,0x00,0x00,0x00,0x00,0x00,0x00,0x00,0x00,0x00,0x00,0x00},
			0x20100020, 0x00000002
		},
		{
			{0x0C,0x02,0x61,0x28,0x00,0x00,0x00,0x00,0x00,0x00,0x00,0x00,0x00,0x04},
			0x0000, 0x0000, 0x0000, 0x013F, 0x0000, 0x000A, 0x0006, {0x28,0x00}, 0x0014,
			6.0f, {0x01,0x68}, 0x0000, 0x0000, 0x0000, 0x0000, 0x0034, -14,
			{0x00,0x00,0x00,0x00,0x00,0x00,0x00,0x00,0x00,0x00,0x00,0x00,0x00,0x00},
			0x00800322, 0x00000002
		},
		{
			{0x0C,0x02,0x61,0x00,0x00,0x00,0x00,0x00,0x00,0x00,0x00,0x00,0xFF,0xFF},
			0x0000, 0x0000, 0x0000, 0x017C, 0x0000, 0x003A, 0x0026, {0x01,0x00}, 0x0014,
			4.0f, {0x00,0x00}, 0x0000, 0x0000, 0x0000, 0x0000, 0x0000, 0x0006,
			{0x00,0x00,0x00,0x28,0x00,0x00,0x00,0x00,0x00,0x00,0x00,0x00,0x00,0x00},
			0x00011124, 0x00000002
		},
		{
			{0x05,0x00,0xF5,0x98,0x00,0x00,0x00,0x00,0x00,0x00,0x00,0x00,0xFF,0xFF},
			0x0000, 0x0000, 0x0000, 0x013A, 0x0000, 0x0006, 0x0006, {0x28,0x00}, 0x0000,
			0.0f, {0x01,0x68}, 0x0000, 0x0000, 0x0000, 0x0000, 0x0000, 0x0000,
			{0x00,0x00,0x00,0x00,0x00,0x00,0x00,0x00,0x00,0x00,0x00,0x00,0x00,0x00},
			0x0000002A, 0x00000000
		},
		{
			{0x00,0x00,0x00,0x00,0x00,0x00,0x00,0x00,0x00,0x00,0x00,0x00,0xFF,0xFF},
			0x0000, 0x0000, 0x0000, -1, 0x0000, 0x0000, 0x0000, {0x00,0x00}, 0x0000,
			0.0f, {0x00,0x00}, 0x0000, 0x0000, 0x0000, 0x0000, 0x0000, 0x0000,
			{0x00,0x00,0x00,0x00,0x00,0x00,0x00,0x00,0x00,0x00,0x00,0x00,0x00,0x00},
			0x00000000, 0x00000000
		},
		{
			{0x0C,0x00,0x8E,0xF0,0x00,0x00,0x00,0x00,0x00,0x00,0x00,0x00,0xFF,0xFF},
			0x0000, 0x0000, 0x0000, -1, 0x0000, 0x0060, 0x0008, {0x00,0x00}, 0x0023,
			2.0f, {0x00,0x00}, 0x0000, 0x0000, 0x0000, 0x0000, 0x0000, 0x0000,
			{0x00,0x00,0x00,0x00,0x00,0x00,0x00,0x00,0x00,0x00,0x00,0x00,0x00,0x00},
			0x00002020, 0x00000000
		},
		{
			{0x00,0x00,0x00,0x00,0x00,0x00,0x00,0x00,0x00,0x00,0x00,0x00,0xFF,0xFF},
			0x0000, 0x0000, 0x0000, -1, 0x0000, 0x000F, 0x000F, {0x01,0x00}, 0x0000,
			0.0f, {0x01,0x68}, 0x0000, 0x0000, 0x0000, 0x0000, 0x0000, 0x0000,
			{0x00,0x00,0x00,0x28,0x00,0x00,0x00,0x00,0x00,0x00,0x00,0x00,0x00,0x00},
			0x00000024, 0x00000000
		}
	},
	{	// ---- level 21 ----
		{
			{0x05,0x00,0xF6,0x68,0x00,0x00,0x00,0x00,0x00,0x00,0x00,0x00,0x00,0x01},
			0x0000, 0x000A, 0x0000, 0x00CF, 0x0000, 0x0042, 0x0024, {0x01,0x00}, 0x0000,
			0.0f, {0x00,0x00}, 0x0000, 0x0000, 0x0000, 0x0000, 0x0000, 0x0000,
			{0x00,0x00,0x00,0x42,0x00,0x00,0x00,0x00,0x00,0x00,0x00,0x00,0x00,0x00},
			0x201000EC, 0x00000008
		},
		{
			{0x00,0x00,0x00,0x00,0x00,0x00,0x00,0x00,0x00,0x00,0x00,0x00,0xFF,0xFF},
			0x0000, 0x0000, 0x0000, -1, 0x0000, 0x0000, 0x0000, {0x00,0x00}, 0x0000,
			0.0f, {0x00,0x00}, 0x0000, 0x0000, 0x0000, 0x0000, 0x0000, 0x0000,
			{0x00,0x00,0x00,0x00,0x00,0x00,0x00,0x00,0x00,0x00,0x00,0x00,0x00,0x00},
			0x00000000, 0x00000000
		},
		{
			{0x05,0x00,0xF6,0x18,0x00,0x00,0x00,0x00,0x00,0x00,0x00,0x00,0xFF,0xFF},
			0x0000, 0x0000, 0x0000, -1, 0x0000, 0x0016, 0x001F, {0x01,0x00}, 0x0000,
			0.0f, {0x01,0x68}, 0x0000, 0x0000, 0x0000, 0x0000, 0x0000, 0x0000,
			{0x00,0x00,0x00,0x00,0x00,0x00,0x00,0x00,0x00,0x00,0x00,0x00,0x00,0x00},
			0x00000020, 0x00000000
		},
		{
			{0x05,0x00,0xF6,0x08,0x00,0x00,0x00,0x00,0x00,0x00,0x00,0x00,0x00,0x05},
			0x0000, 0x0023, 0x0000, -1, 0x0000, 0x0014, 0x0014, {0x01,0x00}, 0x0000,
			0.0f, {0x00,0xB4}, 0x0000, 0x0000, 0x0000, 0x0000, 0x0000, 0x0000,
			{0x00,0x00,0x00,0x00,0x00,0x00,0x00,0x00,0x00,0x00,0x00,0x00,0x00,0x00},
			0x00000020, 0x00000000
		},
		{
			{0x05,0x00,0xF5,0xF8,0x00,0x00,0x00,0x00,0x00,0x00,0x00,0x00,0xFF,0xFF},
			0x0000, 0x0000, 0x0000, -1, 0x0000, 0x0028, 0x0028, {0x01,0x00}, 0x0000,
			0.0f, {0x00,0x00}, 0x0000, 0x0000, 0x0000, 0x0000, 0x0000, 0x0000,
			{0x00,0x00,0x00,0x00,0x00,0x00,0x00,0x00,0x00,0x00,0x00,0x00,0x00,0x00},
			0x00000020, 0x00000000
		},
		{
			{0x05,0x00,0xF5,0x68,0x00,0x00,0x00,0x00,0x00,0x00,0x00,0x00,0x00,0x02},
			0x0000, 0x000F, 0x0000, 0x0133, 0x0000, 0x000A, 0x000A, {0x23,0x00}, 0x0000,
			0.0f, {0x01,0x68}, 0x0000, 0x0000, 0x0000, 0x0000, 0x0000, 0x0000,
			{0x00,0x00,0x00,0x00,0x00,0x00,0x00,0x00,0x00,0x00,0x00,0x00,0x00,0x00},
			0x200000FA, 0x00000000
		},
		{
			{0x05,0x00,0xF6,0x58,0x00,0x00,0x00,0x00,0x00,0x00,0x00,0x00,0x00,0x03},
			0x0000, 0x001A, 0x0000, -1, 0x0000, 0x000C, 0x000C, {0x23,0x00}, 0x0000,
			0.0f, {0x01,0x68}, 0x0000, 0x0000, 0x0000, 0x0000, 0x0000, 0x0000,
			{0x00,0x00,0x00,0x00,0x00,0x00,0x00,0x00,0x00,0x00,0x00,0x00,0x00,0x00},
			0x200000FA, 0x00000001
		},
		{
			{0x05,0x00,0xF6,0xB8,0x00,0x00,0x00,0x00,0x00,0x00,0x00,0x00,0xFF,0xFF},
			0x0000, 0x0000, 0x0000, -1, 0x0000, 0x005C, 0x0022, {0x01,0x00}, 0x0000,
			0.0f, {0x01,0x68}, 0x0000, 0x0000, 0x0000, 0x0000, 0x0000, 0x0000,
			{0x00,0x00,0x00,0x00,0x00,0x00,0x00,0x00,0x00,0x00,0x00,0x00,0x00,0x00},
			0x00000020, 0x00000000
		},
		{
			{0x05,0x00,0xF6,0x48,0x00,0x00,0x00,0x00,0x00,0x00,0x00,0x00,0xFF,0xFF},
			0x0000, 0x0000, 0x0000, -1, 0x0000, 0x0042, 0x001C, {0x01,0x00}, 0x0000,
			0.0f, {0x00,0x00}, 0x0000, 0x0000, 0x0000, 0x0000, 0x0000, 0x0000,
			{0x00,0x00,0x00,0x00,0x00,0x00,0x00,0x00,0x00,0x00,0x00,0x00,0x00,0x00},
			0x00000020, 0x00000000
		},
		{
			{0x05,0x00,0xF6,0x38,0x00,0x00,0x00,0x00,0x00,0x00,0x00,0x00,0xFF,0xFF},
			0x0000, 0x0000, 0x0000, -1, 0x0000, 0x0006, 0x0006, {0x01,0x00}, 0x0000,
			0.0f, {0x00,0x00}, 0x0000, 0x0000, 0x0000, 0x0000, 0x0000, 0x0000,
			{0x00,0x00,0x00,0x00,0x00,0x00,0x00,0x00,0x00,0x00,0x00,0x00,0x00,0x00},
			0x00000020, 0x00000000
		},
		{
			{0x05,0x00,0xF6,0x78,0x00,0x00,0x00,0x00,0x00,0x00,0x00,0x00,0xFF,0xFF},
			0x0000, 0x0000, 0x0000, 0x016C, 0x0000, 0x0038, 0x000A, {0x01,0x00}, 0x0000,
			0.0f, {0x00,0x00}, 0x0000, 0x0000, 0x0000, 0x0000, 0x0000, 0x0000,
			{0x00,0x00,0x00,0x28,0x00,0x00,0x00,0x00,0x00,0x00,0x00,0x00,0x00,0x00},
			0x02000024, 0x00000000
		},
		{
			{0x05,0x00,0xF5,0x20,0x00,0x00,0x00,0x00,0x00,0x00,0x00,0x00,0xFF,0xFF},
			0x0000, 0x0000, 0x0000, -1, 0x0000, 0x0028, 0x0005, {0x23,0x00}, 0x0000,
			0.0f, {0x00,0x00}, 0x0000, 0x0000, 0x0000, 0x0000, 0x0000, 0x0000,
			{0x00,0x00,0x00,0x28,0x00,0x00,0x00,0x00,0x00,0x00,0x00,0x00,0x00,0x00},
			0x02000022, 0x00000000
		},
		{
			{0x00,0x00,0x00,0x00,0x00,0x00,0x00,0x00,0x00,0x00,0x00,0x00,0xFF,0xFF},
			0x0000, 0x0000, 0x0000, -1, 0x0000, 0x0000, 0x0000, {0x00,0x00}, 0x0000,
			0.0f, {0x00,0x00}, 0x0000, 0x0000, 0x0000, 0x0000, 0x0000, 0x0000,
			{0x00,0x00,0x00,0x00,0x00,0x00,0x00,0x00,0x00,0x00,0x00,0x00,0x00,0x00},
			0x00000000, 0x00000000
		},
		{
			{0x00,0x00,0x00,0x00,0x00,0x00,0x00,0x00,0x00,0x00,0x00,0x00,0xFF,0xFF},
			0x0000, 0x0000, 0x0000, -1, 0x0000, 0x0000, 0x0000, {0x00,0x00}, 0x0000,
			0.0f, {0x00,0x00}, 0x0000, 0x0000, 0x0000, 0x0000, 0x0000, 0x0000,
			{0x00,0x00,0x00,0x00,0x00,0x00,0x00,0x00,0x00,0x00,0x00,0x00,0x00,0x00},
			0x00000000, 0x00000000
		},
		{
			{0x05,0x00,0xF5,0x40,0x00,0x00,0x00,0x00,0x00,0x00,0x00,0x00,0xFF,0xFF},
			0x0000, 0x0000, 0x0000, 0x013B, 0x0000, 0x0028, 0x0020, {0x01,0x00}, 0x0014,
			-3.0f, {0x00,0x00}, 0x0000, 0x0000, 0x0000, 0x0000, 0x004A, -61,
			{0x00,0x00,0x00,0x28,0x00,0x00,0x00,0x00,0x00,0x00,0x00,0x00,0x00,0x00},
			0x00008324, 0x00000000
		},
		{
			{0x0C,0x02,0x60,0x78,0x00,0x00,0x00,0x00,0x00,0x00,0x00,0x00,0xFF,0xFF},
			0x0000, 0x0000, 0x0000, -1, 0x0000, 0x0026, 0x0026, {0x01,0x00}, 0x0000,
			0.0f, {0x00,0x00}, 0x0000, 0x0000, 0x0000, 0x0000, 0x0000, 0x0000,
			{0x00,0x00,0x00,0x00,0x00,0x00,0x00,0x00,0x00,0x00,0x00,0x00,0x00,0x00},
			0x00000020, 0x00000000
		},
		{
			{0x00,0x00,0x00,0x00,0x00,0x00,0x00,0x00,0x00,0x00,0x00,0x00,0xFF,0xFF},
			0x0000, 0x0000, 0x0000, -1, 0x0000, 0x0000, 0x0000, {0x00,0x00}, 0x0000,
			0.0f, {0x00,0x00}, 0x0000, 0x0000, 0x0000, 0x0000, 0x0000, 0x0000,
			{0x00,0x00,0x00,0x00,0x00,0x00,0x00,0x00,0x00,0x00,0x00,0x00,0x00,0x00},
			0x00000000, 0x00000000
		},
		{
			{0x0C,0x02,0x60,0xA8,0x00,0x00,0x00,0x00,0x00,0x00,0x00,0x00,0xFF,0xFF},
			0x0000, 0x0000, 0x0000, -1, 0x0000, 0x0146, 0x0064, {0x01,0x00}, 0x0000,
			0.0f, {0x00,0x00}, 0x0000, 0x0000, 0x0000, -259, 0x00C2, 0x0000,
			{0x00,0x00,0x00,0x00,0x00,0x00,0x00,0x00,0x00,0x00,0x00,0x00,0x00,0x00},
			0x00000120, 0x00000000
		},
		{
			{0x00,0x00,0x00,0x00,0x00,0x00,0x00,0x00,0x00,0x00,0x00,0x00,0xFF,0xFF},
			0x0000, 0x0000, 0x0000, -1, 0x0000, 0x0000, 0x0000, {0x00,0x00}, 0x0000,
			0.0f, {0x00,0x00}, 0x0000, 0x0000, 0x0000, 0x0000, 0x0000, 0x0000,
			{0x00,0x00,0x00,0x00,0x00,0x00,0x00,0x00,0x00,0x00,0x00,0x00,0x00,0x00},
			0x00000000, 0x00000000
		},
		{
			{0x0C,0x02,0x5E,0xA8,0x00,0x00,0x00,0x00,0x00,0x00,0x00,0x00,0xFF,0xFF},
			0x0000, 0x0000, 0x0000, -1, 0x0000, 0x002C, 0x001F, {0x01,0x00}, 0x0000,
			0.0f, {0x00,0x00}, 0x0000, 0x0000, 0x0000, 0x0000, 0x0000, 0x0000,
			{0x00,0x00,0x00,0x00,0x00,0x00,0x00,0x00,0x00,0x00,0x00,0x00,0x00,0x00},
			0x00000020, 0x00000000
		},
		{
			{0x0C,0x02,0x5E,0xE0,0x00,0x00,0x00,0x00,0x00,0x00,0x00,0x00,0xFF,0xFF},
			0x0000, 0x0000, 0x0000, -1, 0x0000, 0x001B, 0x001C, {0x01,0x00}, 0x0000,
			0.0f, {0x00,0x00}, 0x0000, 0x0000, 0x0000, 0x0000, 0x0000, 0x0000,
			{0x00,0x00,0x00,0x00,0x00,0x00,0x00,0x00,0x00,0x00,0x00,0x00,0x00,0x00},
			0x00000020, 0x00000000
		},
		{
			{0x00,0x00,0x00,0x00,0x00,0x00,0x00,0x00,0x00,0x00,0x00,0x00,0xFF,0xFF},
			0x0000, 0x0000, 0x0000, -1, 0x0000, 0x0000, 0x0000, {0x00,0x00}, 0x0000,
			0.0f, {0x00,0x00}, 0x0000, 0x0000, 0x0000, 0x0000, 0x0000, 0x0000,
			{0x00,0x00,0x00,0x00,0x00,0x00,0x00,0x00,0x00,0x00,0x00,0x00,0x00,0x00},
			0x00000000, 0x00000000
		},
		{
			{0x00,0x00,0x00,0x00,0x00,0x00,0x00,0x00,0x00,0x00,0x00,0x00,0xFF,0xFF},
			0x0000, 0x0000, 0x0000, -1, 0x0000, 0x0000, 0x0000, {0x00,0x00}, 0x0000,
			0.0f, {0x00,0x00}, 0x0000, 0x0000, 0x0000, 0x0000, 0x0000, 0x0000,
			{0x00,0x00,0x00,0x00,0x00,0x00,0x00,0x00,0x00,0x00,0x00,0x00,0x00,0x00},
			0x00000000, 0x00000000
		},
		{
			{0x00,0x00,0x00,0x00,0x00,0x00,0x00,0x00,0x00,0x00,0x00,0x00,0xFF,0xFF},
			0x0000, 0x0000, 0x0000, -1, 0x0000, 0x0000, 0x0000, {0x00,0x00}, 0x0000,
			0.0f, {0x00,0x00}, 0x0000, 0x0000, 0x0000, 0x0000, 0x0000, 0x0000,
			{0x00,0x00,0x00,0x00,0x00,0x00,0x00,0x00,0x00,0x00,0x00,0x00,0x00,0x00},
			0x00000000, 0x00000000
		},
		{
			{0x00,0x00,0x00,0x00,0x00,0x00,0x00,0x00,0x00,0x00,0x00,0x00,0xFF,0xFF},
			0x0000, 0x0000, 0x0000, -1, 0x0000, 0x0000, 0x0000, {0x00,0x00}, 0x0000,
			0.0f, {0x00,0x00}, 0x0000, 0x0000, 0x0000, 0x0000, 0x0000, 0x0000,
			{0x00,0x00,0x00,0x00,0x00,0x00,0x00,0x00,0x00,0x00,0x00,0x00,0x00,0x00},
			0x00000000, 0x00000000
		},
		{
			{0x00,0x00,0x00,0x00,0x00,0x00,0x00,0x00,0x00,0x00,0x00,0x00,0xFF,0xFF},
			0x0000, 0x0000, 0x0000, -1, 0x0000, 0x0000, 0x0000, {0x00,0x00}, 0x0000,
			0.0f, {0x00,0x00}, 0x0000, 0x0000, 0x0000, 0x0000, 0x0000, 0x0000,
			{0x00,0x00,0x00,0x00,0x00,0x00,0x00,0x00,0x00,0x00,0x00,0x00,0x00,0x00},
			0x00000000, 0x00000000
		},
		{
			{0x00,0x00,0x00,0x00,0x00,0x00,0x00,0x00,0x00,0x00,0x00,0x00,0xFF,0xFF},
			0x0000, 0x0000, 0x0000, -1, 0x0000, 0x0000, 0x0000, {0x00,0x00}, 0x0000,
			0.0f, {0x00,0x00}, 0x0000, 0x0000, 0x0000, 0x0000, 0x0000, 0x0000,
			{0x00,0x00,0x00,0x00,0x00,0x00,0x00,0x00,0x00,0x00,0x00,0x00,0x00,0x00},
			0x00000000, 0x00000000
		},
		{
			{0x00,0x00,0x00,0x00,0x00,0x00,0x00,0x00,0x00,0x00,0x00,0x00,0xFF,0xFF},
			0x0000, 0x0000, 0x0000, -1, 0x0000, 0x0000, 0x0000, {0x00,0x00}, 0x0000,
			0.0f, {0x00,0x00}, 0x0000, 0x0000, 0x0000, 0x0000, 0x0000, 0x0000,
			{0x00,0x00,0x00,0x00,0x00,0x00,0x00,0x00,0x00,0x00,0x00,0x00,0x00,0x00},
			0x00000000, 0x00000000
		},
		{
			{0x05,0x00,0xF5,0x98,0x00,0x00,0x00,0x00,0x00,0x00,0x00,0x00,0xFF,0xFF},
			0x0000, 0x0000, 0x0000, 0x013A, 0x0000, 0x0006, 0x0006, {0x28,0x00}, 0x0000,
			0.0f, {0x01,0x68}, 0x0000, 0x0000, 0x0000, 0x0000, 0x0000, 0x0000,
			{0x00,0x00,0x00,0x00,0x00,0x00,0x00,0x00,0x00,0x00,0x00,0x00,0x00,0x00},
			0x0000002A, 0x00000000
		},
		{
			{0x00,0x00,0x00,0x00,0x00,0x00,0x00,0x00,0x00,0x00,0x00,0x00,0xFF,0xFF},
			0x0000, 0x0000, 0x0000, -1, 0x0000, 0x0000, 0x0000, {0x00,0x00}, 0x0000,
			0.0f, {0x00,0x00}, 0x0000, 0x0000, 0x0000, 0x0000, 0x0000, 0x0000,
			{0x00,0x00,0x00,0x00,0x00,0x00,0x00,0x00,0x00,0x00,0x00,0x00,0x00,0x00},
			0x00000000, 0x00000000
		},
		{
			{0x0C,0x00,0xB4,0x58,0x00,0x00,0x00,0x00,0x00,0x00,0x00,0x00,0xFF,0xFF},
			0x0000, 0x0000, 0x0000, -1, 0x0000, 0x0060, 0x0008, {0x00,0x00}, 0x0023,
			2.0f, {0x00,0x00}, 0x0000, 0x0000, 0x0000, 0x0000, 0x0000, 0x0000,
			{0x00,0x00,0x00,0x00,0x00,0x00,0x00,0x00,0x00,0x00,0x00,0x00,0x00,0x00},
			0x00002020, 0x00000000
		},
		{
			{0x00,0x00,0x00,0x00,0x00,0x00,0x00,0x00,0x00,0x00,0x00,0x00,0xFF,0xFF},
			0x0000, 0x0000, 0x0000, -1, 0x0000, 0x000F, 0x000F, {0x01,0x00}, 0x0000,
			0.0f, {0x01,0x68}, 0x0000, 0x0000, 0x0000, 0x0000, 0x0000, 0x0000,
			{0x00,0x00,0x00,0x28,0x00,0x00,0x00,0x00,0x00,0x00,0x00,0x00,0x00,0x00},
			0x00000024, 0x00000000
		}
	},
	{	// ---- level 22 ----
		{
			{0x05,0x00,0xF6,0x68,0x00,0x00,0x00,0x00,0x00,0x00,0x00,0x00,0x00,0x01},
			0x0000, 0x000A, 0x0000, 0x00CF, 0x0000, 0x0042, 0x0024, {0x01,0x00}, 0x0000,
			0.0f, {0x00,0x00}, 0x0000, 0x0000, 0x0000, 0x0000, 0x0000, 0x0000,
			{0x00,0x00,0x00,0x42,0x00,0x00,0x00,0x00,0x00,0x00,0x00,0x00,0x00,0x00},
			0x201000EC, 0x00000008
		},
		{
			{0x00,0x00,0x00,0x00,0x00,0x00,0x00,0x00,0x00,0x00,0x00,0x00,0xFF,0xFF},
			0x0000, 0x0000, 0x0000, -1, 0x0000, 0x0000, 0x0000, {0x00,0x00}, 0x0000,
			0.0f, {0x00,0x00}, 0x0000, 0x0000, 0x0000, 0x0000, 0x0000, 0x0000,
			{0x00,0x00,0x00,0x00,0x00,0x00,0x00,0x00,0x00,0x00,0x00,0x00,0x00,0x00},
			0x00000000, 0x00000000
		},
		{
			{0x05,0x00,0xF6,0x18,0x00,0x00,0x00,0x00,0x00,0x00,0x00,0x00,0xFF,0xFF},
			0x0000, 0x0000, 0x0000, -1, 0x0000, 0x0016, 0x001F, {0x01,0x00}, 0x0000,
			0.0f, {0x01,0x68}, 0x0000, 0x0000, 0x0000, 0x0000, 0x0000, 0x0000,
			{0x00,0x00,0x00,0x00,0x00,0x00,0x00,0x00,0x00,0x00,0x00,0x00,0x00,0x00},
			0x00000020, 0x00000000
		},
		{
			{0x05,0x00,0xF6,0x08,0x00,0x00,0x00,0x00,0x00,0x00,0x00,0x00,0x00,0x05},
			0x0000, 0x0023, 0x0000, -1, 0x0000, 0x0014, 0x0014, {0x01,0x00}, 0x0000,
			0.0f, {0x00,0xB4}, 0x0000, 0x0000, 0x0000, 0x0000, 0x0000, 0x0000,
			{0x00,0x00,0x00,0x00,0x00,0x00,0x00,0x00,0x00,0x00,0x00,0x00,0x00,0x00},
			0x00000020, 0x00000000
		},
		{
			{0x05,0x00,0xF5,0xF8,0x00,0x00,0x00,0x00,0x00,0x00,0x00,0x00,0xFF,0xFF},
			0x0000, 0x0000, 0x0000, -1, 0x0000, 0x0028, 0x0028, {0x01,0x00}, 0x0000,
			0.0f, {0x00,0x00}, 0x0000, 0x0000, 0x0000, 0x0000, 0x0000, 0x0000,
			{0x00,0x00,0x00,0x00,0x00,0x00,0x00,0x00,0x00,0x00,0x00,0x00,0x00,0x00},
			0x00000020, 0x00000000
		},
		{
			{0x05,0x00,0xF5,0x68,0x00,0x00,0x00,0x00,0x00,0x00,0x00,0x00,0x00,0x02},
			0x0000, 0x000F, 0x0000, 0x0133, 0x0000, 0x000A, 0x000A, {0x23,0x00}, 0x0000,
			0.0f, {0x01,0x68}, 0x0000, 0x0000, 0x0000, 0x0000, 0x0000, 0x0000,
			{0x00,0x00,0x00,0x00,0x00,0x00,0x00,0x00,0x00,0x00,0x00,0x00,0x00,0x00},
			0x200000FA, 0x00000000
		},
		{
			{0x05,0x00,0xF6,0x58,0x00,0x00,0x00,0x00,0x00,0x00,0x00,0x00,0x00,0x03},
			0x0000, 0x001A, 0x0000, 0x0133, 0x0000, 0x000C, 0x000C, {0x23,0x00}, 0x0000,
			0.0f, {0x01,0x68}, 0x0000, 0x0000, 0x0000, 0x0000, 0x0000, 0x0000,
			{0x00,0x00,0x00,0x00,0x00,0x00,0x00,0x00,0x00,0x00,0x00,0x00,0x00,0x00},
			0x200000FA, 0x00000001
		},
		{
			{0x05,0x00,0xF6,0xB8,0x00,0x00,0x00,0x00,0x00,0x00,0x00,0x00,0xFF,0xFF},
			0x0000, 0x0000, 0x0000, -1, 0x0000, 0x005C, 0x0022, {0x01,0x00}, 0x0000,
			0.0f, {0x01,0x68}, 0x0000, 0x0000, 0x0000, 0x0000, 0x0000, 0x0000,
			{0x00,0x00,0x00,0x00,0x00,0x00,0x00,0x00,0x00,0x00,0x00,0x00,0x00,0x00},
			0x00000020, 0x00000000
		},
		{
			{0x05,0x00,0xF6,0x48,0x00,0x00,0x00,0x00,0x00,0x00,0x00,0x00,0xFF,0xFF},
			0x0000, 0x0000, 0x0000, -1, 0x0000, 0x0042, 0x001C, {0x01,0x00}, 0x0000,
			0.0f, {0x00,0x00}, 0x0000, 0x0000, 0x0000, 0x0000, 0x0000, 0x0000,
			{0x00,0x00,0x00,0x00,0x00,0x00,0x00,0x00,0x00,0x00,0x00,0x00,0x00,0x00},
			0x00000020, 0x00000000
		},
		{
			{0x05,0x00,0xF6,0x38,0x00,0x00,0x00,0x00,0x00,0x00,0x00,0x00,0xFF,0xFF},
			0x0000, 0x0000, 0x0000, -1, 0x0000, 0x0006, 0x0006, {0x01,0x00}, 0x0000,
			0.0f, {0x00,0x00}, 0x0000, 0x0000, 0x0000, 0x0000, 0x0000, 0x0000,
			{0x00,0x00,0x00,0x00,0x00,0x00,0x00,0x00,0x00,0x00,0x00,0x00,0x00,0x00},
			0x00000020, 0x00000000
		},
		{
			{0x05,0x00,0xF6,0x78,0x00,0x00,0x00,0x00,0x00,0x00,0x00,0x00,0xFF,0xFF},
			0x0000, 0x0000, 0x0000, 0x016C, 0x0000, 0x0038, 0x000A, {0x01,0x00}, 0x0000,
			0.0f, {0x00,0x00}, 0x0000, 0x0000, 0x0000, 0x0000, 0x0000, 0x0000,
			{0x00,0x00,0x00,0x28,0x00,0x00,0x00,0x00,0x00,0x00,0x00,0x00,0x00,0x00},
			0x02000024, 0x00000000
		},
		{
			{0x05,0x00,0xF5,0x20,0x00,0x00,0x00,0x00,0x00,0x00,0x00,0x00,0xFF,0xFF},
			0x0000, 0x0000, 0x0000, -1, 0x0000, 0x0028, 0x0005, {0x23,0x00}, 0x0000,
			0.0f, {0x00,0x00}, 0x0000, 0x0000, 0x0000, 0x0000, 0x0000, 0x0000,
			{0x00,0x00,0x00,0x28,0x00,0x00,0x00,0x00,0x00,0x00,0x00,0x00,0x00,0x00},
			0x02000022, 0x00000000
		},
		{
			{0x00,0x00,0x00,0x00,0x00,0x00,0x00,0x00,0x00,0x00,0x00,0x00,0xFF,0xFF},
			0x0000, 0x0000, 0x0000, -1, 0x0000, 0x0000, 0x0000, {0x00,0x00}, 0x0000,
			0.0f, {0x00,0x00}, 0x0000, 0x0000, 0x0000, 0x0000, 0x0000, 0x0000,
			{0x00,0x00,0x00,0x00,0x00,0x00,0x00,0x00,0x00,0x00,0x00,0x00,0x00,0x00},
			0x00000000, 0x00000000
		},
		{
			{0x00,0x00,0x00,0x00,0x00,0x00,0x00,0x00,0x00,0x00,0x00,0x00,0xFF,0xFF},
			0x0000, 0x0000, 0x0000, -1, 0x0000, 0x0000, 0x0000, {0x00,0x00}, 0x0000,
			0.0f, {0x00,0x00}, 0x0000, 0x0000, 0x0000, 0x0000, 0x0000, 0x0000,
			{0x00,0x00,0x00,0x00,0x00,0x00,0x00,0x00,0x00,0x00,0x00,0x00,0x00,0x00},
			0x00000000, 0x00000000
		},
		{
			{0x05,0x00,0xF5,0x40,0x00,0x00,0x00,0x00,0x00,0x00,0x00,0x00,0xFF,0xFF},
			0x0000, 0x0000, 0x0000, 0x013B, 0x0000, 0x0028, 0x0020, {0x01,0x00}, 0x0014,
			-3.0f, {0x00,0x00}, 0x0000, 0x0000, 0x0000, 0x0000, 0x004A, -61,
			{0x00,0x00,0x00,0x28,0x00,0x00,0x00,0x00,0x00,0x00,0x00,0x00,0x00,0x00},
			0x00008324, 0x00000000
		},
		{
			{0x0C,0x02,0x5F,0xA8,0x00,0x00,0x00,0x00,0x00,0x00,0x00,0x00,0xFF,0xFF},
			0x0000, 0x0000, 0x0000, -1, 0x0000, 0x0014, 0x0014, {0x01,0x00}, 0x0000,
			0.0f, {0x00,0x00}, 0x0000, 0x0000, 0x0000, 0x0000, 0x0000, 0x0000,
			{0x00,0x00,0x00,0x00,0x00,0x00,0x00,0x00,0x00,0x00,0x00,0x00,0x00,0x00},
			0x00000020, 0x00000000
		},
		{
			{0x00,0x00,0x00,0x00,0x00,0x00,0x00,0x00,0x00,0x00,0x00,0x00,0xFF,0xFF},
			0x0000, 0x0000, 0x0000, -1, 0x0000, 0x0000, 0x0000, {0x00,0x00}, 0x0000,
			0.0f, {0x00,0x00}, 0x0000, 0x0000, 0x0000, 0x0000, 0x0000, 0x0000,
			{0x00,0x00,0x00,0x00,0x00,0x00,0x00,0x00,0x00,0x00,0x00,0x00,0x00,0x00},
			0x00000000, 0x00000000
		},
		{
			{0x0C,0x02,0x5F,0x10,0x00,0x00,0x00,0x00,0x00,0x00,0x00,0x00,0xFF,0xFF},
			0x0000, 0x0000, 0x0000, -1, 0x0000, 0x003E, 0x002E, {0x01,0x00}, 0x0028,
			1.0f, {0x00,0x00}, 0x0000, 0x0000, 0x0000, 0x0000, 0x0000, 0x0000,
			{0x00,0x00,0x00,0x00,0x00,0x00,0x00,0x00,0x00,0x00,0x00,0x00,0x00,0x00},
			0x00000020, 0x00000000
		},
		{
			{0x05,0x00,0xF6,0xA8,0x00,0x00,0x00,0x00,0x00,0x00,0x00,0x00,0x00,0x05},
			0x0000, 0x001E, 0x0000, 0x0139, 0x0000, 0x001C, 0x001C, {0x01,0x00}, 0x0000,
			0.0f, {0x01,0x68}, 0x0000, 0x0000, 0x0000, 0x0000, 0x0000, 0x0000,
			{0x00,0x00,0x00,0x00,0x00,0x00,0x00,0x00,0x00,0x00,0x00,0x00,0x00,0x00},
			0x00000022, 0x00000000
		},
		{
			{0x00,0x00,0x00,0x00,0x00,0x00,0x00,0x00,0x00,0x00,0x00,0x00,0xFF,0xFF},
			0x0000, 0x0000, 0x0000, -1, 0x0000, 0x0000, 0x0000, {0x00,0x00}, 0x0000,
			0.0f, {0x00,0x00}, 0x0000, 0x0000, 0x0000, 0x0000, 0x0000, 0x0000,
			{0x00,0x00,0x00,0x00,0x00,0x00,0x00,0x00,0x00,0x00,0x00,0x00,0x00,0x00},
			0x00000000, 0x00000000
		},
		{
			{0x00,0x00,0x00,0x00,0x00,0x00,0x00,0x00,0x00,0x00,0x00,0x00,0xFF,0xFF},
			0x0000, 0x0000, 0x0000, -1, 0x0000, 0x0000, 0x0000, {0x00,0x00}, 0x0000,
			0.0f, {0x00,0x00}, 0x0000, 0x0000, 0x0000, 0x0000, 0x0000, 0x0000,
			{0x00,0x00,0x00,0x00,0x00,0x00,0x00,0x00,0x00,0x00,0x00,0x00,0x00,0x00},
			0x00000000, 0x00000000
		},
		{
			{0x00,0x00,0x00,0x00,0x00,0x00,0x00,0x00,0x00,0x00,0x00,0x00,0xFF,0xFF},
			0x0000, 0x0000, 0x0000, -1, 0x0000, 0x0000, 0x0000, {0x00,0x00}, 0x0000,
			0.0f, {0x00,0x00}, 0x0000, 0x0000, 0x0000, 0x0000, 0x0000, 0x0000,
			{0x00,0x00,0x00,0x00,0x00,0x00,0x00,0x00,0x00,0x00,0x00,0x00,0x00,0x00},
			0x00000000, 0x00000000
		},
		{
			{0x00,0x00,0x00,0x00,0x00,0x00,0x00,0x00,0x00,0x00,0x00,0x00,0xFF,0xFF},
			0x0000, 0x0000, 0x0000, -1, 0x0000, 0x0000, 0x0000, {0x00,0x00}, 0x0000,
			0.0f, {0x00,0x00}, 0x0000, 0x0000, 0x0000, 0x0000, 0x0000, 0x0000,
			{0x00,0x00,0x00,0x00,0x00,0x00,0x00,0x00,0x00,0x00,0x00,0x00,0x00,0x00},
			0x00000000, 0x00000000
		},
		{
			{0x00,0x00,0x00,0x00,0x00,0x00,0x00,0x00,0x00,0x00,0x00,0x00,0xFF,0xFF},
			0x0000, 0x0000, 0x0000, -1, 0x0000, 0x0000, 0x0000, {0x00,0x00}, 0x0000,
			0.0f, {0x00,0x00}, 0x0000, 0x0000, 0x0000, 0x0000, 0x0000, 0x0000,
			{0x00,0x00,0x00,0x00,0x00,0x00,0x00,0x00,0x00,0x00,0x00,0x00,0x00,0x00},
			0x00000000, 0x00000000
		},
		{
			{0x00,0x00,0x00,0x00,0x00,0x00,0x00,0x00,0x00,0x00,0x00,0x00,0xFF,0xFF},
			0x0000, 0x0000, 0x0000, -1, 0x0000, 0x0000, 0x0000, {0x00,0x00}, 0x0000,
			0.0f, {0x00,0x00}, 0x0000, 0x0000, 0x0000, 0x0000, 0x0000, 0x0000,
			{0x00,0x00,0x00,0x00,0x00,0x00,0x00,0x00,0x00,0x00,0x00,0x00,0x00,0x00},
			0x00000000, 0x00000000
		},
		{
			{0x00,0x00,0x00,0x00,0x00,0x00,0x00,0x00,0x00,0x00,0x00,0x00,0xFF,0xFF},
			0x0000, 0x0000, 0x0000, -1, 0x0000, 0x0000, 0x0000, {0x00,0x00}, 0x0000,
			0.0f, {0x00,0x00}, 0x0000, 0x0000, 0x0000, 0x0000, 0x0000, 0x0000,
			{0x00,0x00,0x00,0x00,0x00,0x00,0x00,0x00,0x00,0x00,0x00,0x00,0x00,0x00},
			0x00000000, 0x00000000
		},
		{
			{0x0C,0x02,0x5F,0xC8,0x00,0x00,0x00,0x00,0x00,0x00,0x00,0x00,0xFF,0xFF},
			0x0000, 0x0000, 0x0000, -1, 0x0000, 0x0060, 0x0060, {0x00,0x00}, 0x0000,
			0.0f, {0x00,0x00}, 0x0000, 0x0000, 0x0000, 0x0000, 0x0000, 0x0000,
			{0x00,0x00,0x00,0x5A,0x00,0x00,0x00,0x00,0x00,0x00,0x00,0x00,0x00,0x00},
			-2147418076, 0x00000004
		},
		{
			{0x0C,0x02,0x5F,0xB8,0x00,0x00,0x00,0x00,0x00,0x00,0x00,0x00,0xFF,0xFF},
			0x0000, 0x0000, 0x0000, -1, 0x0000, 0x0060, 0x0060, {0x00,0x00}, 0x0000,
			0.0f, {0x00,0x00}, 0x0000, 0x0000, 0x0000, 0x0000, 0x0000, 0x0000,
			{0x00,0x00,0x00,0x5A,0x00,0x00,0x00,0x00,0x00,0x00,0x00,0x00,0x00,0x00},
			-2147418076, 0x00000004
		},
		{
			{0x05,0x00,0xF5,0x98,0x00,0x00,0x00,0x00,0x00,0x00,0x00,0x00,0xFF,0xFF},
			0x0000, 0x0000, 0x0000, 0x013A, 0x0000, 0x0006, 0x0006, {0x28,0x00}, 0x0000,
			0.0f, {0x01,0x68}, 0x0000, 0x0000, 0x0000, 0x0000, 0x0000, 0x0000,
			{0x00,0x00,0x00,0x00,0x00,0x00,0x00,0x00,0x00,0x00,0x00,0x00,0x00,0x00},
			0x0000002A, 0x00000000
		},
		{
			{0x00,0x00,0x00,0x00,0x00,0x00,0x00,0x00,0x00,0x00,0x00,0x00,0xFF,0xFF},
			0x0000, 0x0000, 0x0000, -1, 0x0000, 0x0000, 0x0000, {0x00,0x00}, 0x0000,
			0.0f, {0x00,0x00}, 0x0000, 0x0000, 0x0000, 0x0000, 0x0000, 0x0000,
			{0x00,0x00,0x00,0x00,0x00,0x00,0x00,0x00,0x00,0x00,0x00,0x00,0x00,0x00},
			0x00000000, 0x00000000
		},
		{
			{0x0C,0x00,0xE7,0x88,0x00,0x00,0x00,0x00,0x00,0x00,0x00,0x00,0xFF,0xFF},
			0x0000, 0x0000, 0x0000, -1, 0x0000, 0x0060, 0x0008, {0x00,0x00}, 0x0023,
			2.0f, {0x00,0x00}, 0x0000, 0x0000, 0x0000, 0x0000, 0x0000, 0x0000,
			{0x00,0x00,0x00,0x00,0x00,0x00,0x00,0x00,0x00,0x00,0x00,0x00,0x00,0x00},
			0x00002020, 0x00000000
		},
		{
			{0x00,0x00,0x00,0x00,0x00,0x00,0x00,0x00,0x00,0x00,0x00,0x00,0xFF,0xFF},
			0x0000, 0x0000, 0x0000, -1, 0x0000, 0x000F, 0x000F, {0x01,0x00}, 0x0000,
			0.0f, {0x01,0x68}, 0x0000, 0x0000, 0x0000, 0x0000, 0x0000, 0x0000,
			{0x00,0x00,0x00,0x28,0x00,0x00,0x00,0x00,0x00,0x00,0x00,0x00,0x00,0x00},
			0x00000024, 0x00000000
		}
	},
	{	// ---- level 23 ----
		{
			{0x0C,0x02,0xE9,0x30,0x00,0x00,0x00,0x00,0x00,0x00,0x00,0x00,0xFF,0xFF},
			0x0000, 0x0000, 0x0000, 0x017E, 0x0000, 0x0041, 0x0025, {0xEF,0x00}, 0x0000,
			0.0f, {0x00,0x00}, 0x0000, 0x0000, 0x0000, 0x0000, 0x0000, 0x0000,
			{0x00,0x00,0x00,0x19,0x00,0x00,0x00,0x00,0x00,0x00,0x00,0x00,0x00,0x00},
			0x02000024, 0x00000000
		},
		{
			{0x0C,0x02,0xE8,0xD0,0x00,0x00,0x00,0x00,0x00,0x00,0x00,0x00,0xFF,0xFF},
			0x0000, 0x0000, 0x0000, -1, 0x0000, 0x0033, 0x0036, {0x1E,0x00}, 0x0032,
			0.1f, {0x01,0x68}, 0x0000, 0x0000, 0x0000, 0x0000, 0x0000, 0x0000,
			{0x00,0x00,0x00,0x19,0x00,0x00,0x00,0x00,0x00,0x00,0x00,0x00,0x00,0x00},
			0x00082020, 0x00000000
		},
		{
			{0x0C,0x02,0xE8,0xF0,0x00,0x00,0x00,0x00,0x00,0x00,0x00,0x00,0xFF,0xFF},
			0x0000, 0x0000, 0x0000, -1, 0x0000, 0x003C, 0x003C, {0x01,0x00}, 0x0000,
			0.0f, {0x01,0x68}, 0x0000, 0x0000, 0x0000, 0x0000, 0x0000, 0x0000,
			{0x00,0x00,0x00,0x3C,0x00,0x00,0x00,0x00,0x00,0x00,0x00,0x00,0x00,0x00},
			0x02000022, 0x00000000
		},
		{
			{0x0C,0x02,0xE9,0x00,0x00,0x00,0x00,0x00,0x00,0x00,0x00,0x00,0xFF,0xFF},
			0x0000, 0x0000, 0x0000, -1, 0x0000, 0x0019, 0x0019, {0x01,0x00}, 0x0000,
			0.0f, {0x00,0x00}, 0x0000, 0x0000, 0x0000, 0x0000, 0x0000, 0x0000,
			{0x00,0x00,0x00,0x19,0x00,0x00,0x00,0x00,0x00,0x00,0x00,0x00,0x00,0x00},
			0x00000020, 0x00000000
		},
		{
			{0x0C,0x02,0xE9,0x10,0x00,0x00,0x00,0x00,0x00,0x00,0x00,0x00,0xFF,0xFF},
			0x0000, 0x0000, 0x0000, -1, 0x0000, 0x001E, 0x0027, {0x01,0x00}, 0x0028,
			0.05f, {0x00,0x00}, 0x0000, 0x0000, 0x0000, 0x0000, 0x0000, 0x0000,
			{0x00,0x00,0x00,0x19,0x00,0x00,0x00,0x00,0x00,0x00,0x00,0x00,0x00,0x00},
			0x00082020, 0x00000000
		},
		{
			{0x0C,0x02,0xE9,0x20,0x00,0x00,0x00,0x00,0x00,0x00,0x00,0x00,0xFF,0xFF},
			0x0000, 0x0000, 0x0000, 0x017E, 0x0000, 0x0027, 0x002A, {0x07,0x00}, 0x0041,
			0.025f, {0x00,0x00}, 0x0000, 0x0000, 0x0000, 0x0000, 0x0000, 0x0000,
			{0x00,0x00,0x00,0x19,0x00,0x00,0x00,0x00,0x00,0x00,0x00,0x00,0x00,0x00},
			0x02000024, 0x00000000
		},
		{
			{0x00,0x00,0x00,0x00,0x00,0x00,0x00,0x00,0x00,0x00,0x00,0x00,0xFF,0xFF},
			0x0000, 0x0000, 0x0000, -1, 0x0000, 0x0000, 0x0000, {0x00,0x00}, 0x0000,
			0.0f, {0x00,0x00}, 0x0000, 0x0000, 0x0000, 0x0000, 0x0000, 0x0000,
			{0x00,0x00,0x00,0x00,0x00,0x00,0x00,0x00,0x00,0x00,0x00,0x00,0x00,0x00},
			0x00000000, 0x00000000
		},
		{
			{0x00,0x00,0x00,0x00,0x00,0x00,0x00,0x00,0x00,0x00,0x00,0x00,0xFF,0xFF},
			0x0000, 0x0000, 0x0000, -1, 0x0000, 0x0000, 0x0000, {0x00,0x00}, 0x0000,
			0.0f, {0x00,0x00}, 0x0000, 0x0000, 0x0000, 0x0000, 0x0000, 0x0000,
			{0x00,0x00,0x00,0x00,0x00,0x00,0x00,0x00,0x00,0x00,0x00,0x00,0x00,0x00},
			0x00000000, 0x00000000
		},
		{
			{0x00,0x00,0x00,0x00,0x00,0x00,0x00,0x00,0x00,0x00,0x00,0x00,0xFF,0xFF},
			0x0000, 0x0000, 0x0000, -1, 0x0000, 0x0000, 0x0000, {0x00,0x00}, 0x0000,
			0.0f, {0x00,0x00}, 0x0000, 0x0000, 0x0000, 0x0000, 0x0000, 0x0000,
			{0x00,0x00,0x00,0x00,0x00,0x00,0x00,0x00,0x00,0x00,0x00,0x00,0x00,0x00},
			0x00000000, 0x00000000
		},
		{
			{0x00,0x00,0x00,0x00,0x00,0x00,0x00,0x00,0x00,0x00,0x00,0x00,0xFF,0xFF},
			0x0000, 0x0000, 0x0000, -1, 0x0000, 0x0000, 0x0000, {0x00,0x00}, 0x0000,
			0.0f, {0x00,0x00}, 0x0000, 0x0000, 0x0000, 0x0000, 0x0000, 0x0000,
			{0x00,0x00,0x00,0x00,0x00,0x00,0x00,0x00,0x00,0x00,0x00,0x00,0x00,0x00},
			0x00000000, 0x00000000
		},
		{
			{0x00,0x00,0x00,0x00,0x00,0x00,0x00,0x00,0x00,0x00,0x00,0x00,0xFF,0xFF},
			0x0000, 0x0000, 0x0000, -1, 0x0000, 0x0000, 0x0000, {0x00,0x00}, 0x0000,
			0.0f, {0x00,0x00}, 0x0000, 0x0000, 0x0000, 0x0000, 0x0000, 0x0000,
			{0x00,0x00,0x00,0x00,0x00,0x00,0x00,0x00,0x00,0x00,0x00,0x00,0x00,0x00},
			0x00000000, 0x00000000
		},
		{
			{0x00,0x00,0x00,0x00,0x00,0x00,0x00,0x00,0x00,0x00,0x00,0x00,0xFF,0xFF},
			0x0000, 0x0000, 0x0000, -1, 0x0000, 0x0000, 0x0000, {0x00,0x00}, 0x0000,
			0.0f, {0x00,0x00}, 0x0000, 0x0000, 0x0000, 0x0000, 0x0000, 0x0000,
			{0x00,0x00,0x00,0x00,0x00,0x00,0x00,0x00,0x00,0x00,0x00,0x00,0x00,0x00},
			0x00000000, 0x00000000
		},
		{
			{0x00,0x00,0x00,0x00,0x00,0x00,0x00,0x00,0x00,0x00,0x00,0x00,0xFF,0xFF},
			0x0000, 0x0000, 0x0000, -1, 0x0000, 0x0000, 0x0000, {0x00,0x00}, 0x0000,
			0.0f, {0x00,0x00}, 0x0000, 0x0000, 0x0000, 0x0000, 0x0000, 0x0000,
			{0x00,0x00,0x00,0x00,0x00,0x00,0x00,0x00,0x00,0x00,0x00,0x00,0x00,0x00},
			0x00000000, 0x00000000
		},
		{
			{0x00,0x00,0x00,0x00,0x00,0x00,0x00,0x00,0x00,0x00,0x00,0x00,0xFF,0xFF},
			0x0000, 0x0000, 0x0000, -1, 0x0000, 0x0000, 0x0000, {0x00,0x00}, 0x0000,
			0.0f, {0x00,0x00}, 0x0000, 0x0000, 0x0000, 0x0000, 0x0000, 0x0000,
			{0x00,0x00,0x00,0x00,0x00,0x00,0x00,0x00,0x00,0x00,0x00,0x00,0x00,0x00},
			0x00000000, 0x00000000
		},
		{
			{0x00,0x00,0x00,0x00,0x00,0x00,0x00,0x00,0x00,0x00,0x00,0x00,0xFF,0xFF},
			0x0000, 0x0000, 0x0000, -1, 0x0000, 0x0000, 0x0000, {0x00,0x00}, 0x0000,
			0.0f, {0x00,0x00}, 0x0000, 0x0000, 0x0000, 0x0000, 0x0000, 0x0000,
			{0x00,0x00,0x00,0x00,0x00,0x00,0x00,0x00,0x00,0x00,0x00,0x00,0x00,0x00},
			0x00000000, 0x00000000
		},
		{
			{0x00,0x00,0x00,0x00,0x00,0x00,0x00,0x00,0x00,0x00,0x00,0x00,0xFF,0xFF},
			0x0000, 0x0000, 0x0000, -1, 0x0000, 0x0000, 0x0000, {0x00,0x00}, 0x0000,
			0.0f, {0x00,0x00}, 0x0000, 0x0000, 0x0000, 0x0000, 0x0000, 0x0000,
			{0x00,0x00,0x00,0x00,0x00,0x00,0x00,0x00,0x00,0x00,0x00,0x00,0x00,0x00},
			0x00000000, 0x00000000
		},
		{
			{0x00,0x00,0x00,0x00,0x00,0x00,0x00,0x00,0x00,0x00,0x00,0x00,0xFF,0xFF},
			0x0000, 0x0000, 0x0000, -1, 0x0000, 0x0000, 0x0000, {0x00,0x00}, 0x0000,
			0.0f, {0x00,0x00}, 0x0000, 0x0000, 0x0000, 0x0000, 0x0000, 0x0000,
			{0x00,0x00,0x00,0x00,0x00,0x00,0x00,0x00,0x00,0x00,0x00,0x00,0x00,0x00},
			0x00000000, 0x00000000
		},
		{
			{0x00,0x00,0x00,0x00,0x00,0x00,0x00,0x00,0x00,0x00,0x00,0x00,0xFF,0xFF},
			0x0000, 0x0000, 0x0000, -1, 0x0000, 0x0000, 0x0000, {0x00,0x00}, 0x0000,
			0.0f, {0x00,0x00}, 0x0000, 0x0000, 0x0000, 0x0000, 0x0000, 0x0000,
			{0x00,0x00,0x00,0x00,0x00,0x00,0x00,0x00,0x00,0x00,0x00,0x00,0x00,0x00},
			0x00000000, 0x00000000
		},
		{
			{0x00,0x00,0x00,0x00,0x00,0x00,0x00,0x00,0x00,0x00,0x00,0x00,0xFF,0xFF},
			0x0000, 0x0000, 0x0000, -1, 0x0000, 0x0000, 0x0000, {0x00,0x00}, 0x0000,
			0.0f, {0x00,0x00}, 0x0000, 0x0000, 0x0000, 0x0000, 0x0000, 0x0000,
			{0x00,0x00,0x00,0x00,0x00,0x00,0x00,0x00,0x00,0x00,0x00,0x00,0x00,0x00},
			0x00000000, 0x00000000
		},
		{
			{0x00,0x00,0x00,0x00,0x00,0x00,0x00,0x00,0x00,0x00,0x00,0x00,0xFF,0xFF},
			0x0000, 0x0000, 0x0000, -1, 0x0000, 0x0000, 0x0000, {0x00,0x00}, 0x0000,
			0.0f, {0x00,0x00}, 0x0000, 0x0000, 0x0000, 0x0000, 0x0000, 0x0000,
			{0x00,0x00,0x00,0x00,0x00,0x00,0x00,0x00,0x00,0x00,0x00,0x00,0x00,0x00},
			0x00000000, 0x00000000
		},
		{
			{0x00,0x00,0x00,0x00,0x00,0x00,0x00,0x00,0x00,0x00,0x00,0x00,0xFF,0xFF},
			0x0000, 0x0000, 0x0000, -1, 0x0000, 0x0000, 0x0000, {0x00,0x00}, 0x0000,
			0.0f, {0x00,0x00}, 0x0000, 0x0000, 0x0000, 0x0000, 0x0000, 0x0000,
			{0x00,0x00,0x00,0x00,0x00,0x00,0x00,0x00,0x00,0x00,0x00,0x00,0x00,0x00},
			0x00000000, 0x00000000
		},
		{
			{0x00,0x00,0x00,0x00,0x00,0x00,0x00,0x00,0x00,0x00,0x00,0x00,0xFF,0xFF},
			0x0000, 0x0000, 0x0000, -1, 0x0000, 0x0000, 0x0000, {0x00,0x00}, 0x0000,
			0.0f, {0x00,0x00}, 0x0000, 0x0000, 0x0000, 0x0000, 0x0000, 0x0000,
			{0x00,0x00,0x00,0x00,0x00,0x00,0x00,0x00,0x00,0x00,0x00,0x00,0x00,0x00},
			0x00000000, 0x00000000
		},
		{
			{0x00,0x00,0x00,0x00,0x00,0x00,0x00,0x00,0x00,0x00,0x00,0x00,0xFF,0xFF},
			0x0000, 0x0000, 0x0000, -1, 0x0000, 0x0000, 0x0000, {0x00,0x00}, 0x0000,
			0.0f, {0x00,0x00}, 0x0000, 0x0000, 0x0000, 0x0000, 0x0000, 0x0000,
			{0x00,0x00,0x00,0x00,0x00,0x00,0x00,0x00,0x00,0x00,0x00,0x00,0x00,0x00},
			0x00000000, 0x00000000
		},
		{
			{0x00,0x00,0x00,0x00,0x00,0x00,0x00,0x00,0x00,0x00,0x00,0x00,0xFF,0xFF},
			0x0000, 0x0000, 0x0000, -1, 0x0000, 0x0000, 0x0000, {0x00,0x00}, 0x0000,
			0.0f, {0x00,0x00}, 0x0000, 0x0000, 0x0000, 0x0000, 0x0000, 0x0000,
			{0x00,0x00,0x00,0x00,0x00,0x00,0x00,0x00,0x00,0x00,0x00,0x00,0x00,0x00},
			0x00000000, 0x00000000
		},
		{
			{0x00,0x00,0x00,0x00,0x00,0x00,0x00,0x00,0x00,0x00,0x00,0x00,0xFF,0xFF},
			0x0000, 0x0000, 0x0000, -1, 0x0000, 0x0000, 0x0000, {0x00,0x00}, 0x0000,
			0.0f, {0x00,0x00}, 0x0000, 0x0000, 0x0000, 0x0000, 0x0000, 0x0000,
			{0x00,0x00,0x00,0x00,0x00,0x00,0x00,0x00,0x00,0x00,0x00,0x00,0x00,0x00},
			0x00000000, 0x00000000
		},
		{
			{0x00,0x00,0x00,0x00,0x00,0x00,0x00,0x00,0x00,0x00,0x00,0x00,0xFF,0xFF},
			0x0000, 0x0000, 0x0000, -1, 0x0000, 0x0000, 0x0000, {0x00,0x00}, 0x0000,
			0.0f, {0x00,0x00}, 0x0000, 0x0000, 0x0000, 0x0000, 0x0000, 0x0000,
			{0x00,0x00,0x00,0x00,0x00,0x00,0x00,0x00,0x00,0x00,0x00,0x00,0x00,0x00},
			0x00000000, 0x00000000
		},
		{
			{0x00,0x00,0x00,0x00,0x00,0x00,0x00,0x00,0x00,0x00,0x00,0x00,0xFF,0xFF},
			0x0000, 0x0000, 0x0000, -1, 0x0000, 0x0000, 0x0000, {0x00,0x00}, 0x0000,
			0.0f, {0x00,0x00}, 0x0000, 0x0000, 0x0000, 0x0000, 0x0000, 0x0000,
			{0x00,0x00,0x00,0x00,0x00,0x00,0x00,0x00,0x00,0x00,0x00,0x00,0x00,0x00},
			0x00000000, 0x00000000
		},
		{
			{0x00,0x00,0x00,0x00,0x00,0x00,0x00,0x00,0x00,0x00,0x00,0x00,0xFF,0xFF},
			0x0000, 0x0000, 0x0000, -1, 0x0000, 0x0000, 0x0000, {0x00,0x00}, 0x0000,
			0.0f, {0x00,0x00}, 0x0000, 0x0000, 0x0000, 0x0000, 0x0000, 0x0000,
			{0x00,0x00,0x00,0x00,0x00,0x00,0x00,0x00,0x00,0x00,0x00,0x00,0x00,0x00},
			0x00000000, 0x00000000
		},
		{
			{0x00,0x00,0x00,0x00,0x00,0x00,0x00,0x00,0x00,0x00,0x00,0x00,0xFF,0xFF},
			0x0000, 0x0000, 0x0000, -1, 0x0000, 0x0000, 0x0000, {0x00,0x00}, 0x0000,
			0.0f, {0x00,0x00}, 0x0000, 0x0000, 0x0000, 0x0000, 0x0000, 0x0000,
			{0x00,0x00,0x00,0x00,0x00,0x00,0x00,0x00,0x00,0x00,0x00,0x00,0x00,0x00},
			0x00000000, 0x00000000
		},
		{
			{0x00,0x00,0x00,0x00,0x00,0x00,0x00,0x00,0x00,0x00,0x00,0x00,0xFF,0xFF},
			0x0000, 0x0000, 0x0000, -1, 0x0000, 0x0000, 0x0000, {0x00,0x00}, 0x0000,
			0.0f, {0x00,0x00}, 0x0000, 0x0000, 0x0000, 0x0000, 0x0000, 0x0000,
			{0x00,0x00,0x00,0x00,0x00,0x00,0x00,0x00,0x00,0x00,0x00,0x00,0x00,0x00},
			0x00000000, 0x00000000
		},
		{
			{0x00,0x00,0x00,0x00,0x00,0x00,0x00,0x00,0x00,0x00,0x00,0x00,0xFF,0xFF},
			0x0000, 0x0000, 0x0000, -1, 0x0000, 0x0000, 0x0000, {0x00,0x00}, 0x0000,
			0.0f, {0x00,0x00}, 0x0000, 0x0000, 0x0000, 0x0000, 0x0000, 0x0000,
			{0x00,0x00,0x00,0x00,0x00,0x00,0x00,0x00,0x00,0x00,0x00,0x00,0x00,0x00},
			0x00000000, 0x00000000
		},
		{
			{0x00,0x00,0x00,0x00,0x00,0x00,0x00,0x00,0x00,0x00,0x00,0x00,0xFF,0xFF},
			0x0000, 0x0000, 0x0000, -1, 0x0000, 0x000F, 0x000F, {0x01,0x00}, 0x0000,
			0.0f, {0x01,0x68}, 0x0000, 0x0000, 0x0000, 0x0000, 0x0000, 0x0000,
			{0x00,0x00,0x00,0x00,0x00,0x00,0x00,0x00,0x00,0x00,0x00,0x00,0x00,0x00},
			0x00000022, 0x00000000
		}
	},
	{	// ---- level 24 ----
		{
			{0x0D,0x00,0xBC,0x30,0x00,0x00,0x00,0x00,0x00,0x00,0x00,0x00,0xFF,0xFF},
			0x0000, 0x0000, 0x0000, -1, 0x0000, 0x0016, 0x0016, {0x01,0x00}, 0x000A,
			-3.0f, {0x01,0x68}, 0x0000, 0x0000, 0x0000, 0x0000, 0x0063, -35,
			{0x00,0x00,0x00,0x00,0x00,0x00,0x00,0x00,0x00,0x00,0x00,0x00,0x00,0x00},
			0x00008322, 0x00000000
		},
		{
			{0x0D,0x00,0xBC,0x20,0x00,0x00,0x00,0x00,0x00,0x00,0x00,0x00,0x00,0x08},
			0x0000, 0x0000, 0x0000, -1, 0x0064, 0x0019, 0x0019, {0x1E,0x00}, 0x0000,
			0.0f, {0x01,0x68}, 0x0000, 0x0000, 0x0000, 0x0000, 0x0000, 0x0000,
			{0x00,0x00,0x00,0x00,0x00,0x00,0x00,0x00,0x00,0x00,0x00,0x00,0x00,0x00},
			0x20A00024, 0x00000001
		},
		{
			{0x0D,0x00,0xBB,0xC0,0x00,0x00,0x00,0x00,0x00,0x00,0x00,0x00,0xFF,0xFF},
			0x0000, 0x0000, 0x0000, -1, 0x0000, 0x0023, 0x0020, {0x01,0x00}, 0x0000,
			0.0f, {0x00,0x00}, 0x0000, 0x0000, 0x0000, 0x0000, 0x0000, 0x0000,
			{0x00,0x00,0x00,0x00,0x00,0x00,0x00,0x00,0x00,0x00,0x00,0x00,0x00,0x00},
			0x00000020, 0x00000000
		},
		{
			{0x0D,0x00,0xBB,0xD0,0x00,0x00,0x00,0x00,0x00,0x00,0x00,0x00,0xFF,0xFF},
			0x0000, 0x0000, 0x0000, -1, 0x0000, 0x0028, 0x0028, {0x01,0x00}, 0x0028,
			0.1f, {0x00,0x00}, 0x0000, 0x0000, 0x0000, 0x0000, 0x0000, 0x0000,
			{0x00,0x00,0x00,0x00,0x00,0x00,0x00,0x00,0x00,0x00,0x00,0x00,0x00,0x00},
			0x00082120, 0x00000001
		},
		{
			{0x0D,0x00,0xBC,0x58,0x00,0x00,0x00,0x00,0x00,0x00,0x00,0x00,0xFF,0xFF},
			0x0000, 0x0000, 0x0000, -1, 0x0000, 0x0026, 0x0026, {0x01,0x00}, 0x0005,
			-3.0f, {0x01,0x68}, 0x0000, 0x0000, 0x0000, 0x0000, 0x00AD, 0x0000,
			{0x00,0x00,0x00,0x00,0x00,0x00,0x00,0x00,0x00,0x00,0x00,0x00,0x00,0x00},
			0x00002122, 0x00000000
		},
		{
			{0x0D,0x00,0xBC,0x80,0x00,0x00,0x00,0x00,0x00,0x00,0x00,0x00,0xFF,0xFF},
			0x0000, 0x0000, 0x0000, -1, 0x0000, 0x002D, 0x0092, {0x01,0x00}, 0x0000,
			0.0f, {0x00,0x00}, 0x0000, 0x0000, 0x0000, 0x0000, 0x0000, 0x0000,
			{0x00,0x00,0x00,0x00,0x00,0x00,0x00,0x00,0x00,0x00,0x00,0x00,0x00,0x00},
			0x00000020, 0x00000000
		},
		{
			{0x0D,0x00,0xBB,0xB0,0x00,0x00,0x00,0x00,0x00,0x00,0x00,0x00,0xFF,0xFF},
			0x0000, 0x0000, 0x0000, -1, 0x0000, 0x002E, 0x0010, {0x01,0x00}, 0x0000,
			0.0f, {0x00,0x00}, 0x0000, 0x0000, 0x0000, 0x0000, 0x0000, 0x0000,
			{0x00,0x00,0x00,0x00,0x00,0x00,0x00,0x00,0x00,0x00,0x00,0x00,0x00,0x00},
			0x00000020, 0x00000000
		},
		{
			{0x0D,0x00,0xBC,0x90,0x00,0x00,0x00,0x00,0x00,0x00,0x00,0x00,0xFF,0xFF},
			0x0000, 0x0000, 0x0000, -1, 0x0000, 0x0080, 0x0053, {0x01,0x00}, 0x0000,
			0.0f, {0x00,0x00}, 0x0000, 0x0000, 0x0000, 0x0000, 0x0000, 0x0000,
			{0x00,0x00,0x00,0x00,0x00,0x00,0x00,0x00,0x00,0x00,0x00,0x00,0x00,0x00},
			0x00000020, 0x00000000
		},
		{
			{0x0D,0x00,0xBB,0xF8,0x00,0x00,0x00,0x00,0x00,0x00,0x00,0x00,0xFF,0xFF},
			0x0000, 0x0000, 0x0000, -1, 0x0000, 0x002C, 0x002C, {0x01,0x00}, 0x0000,
			0.0f, {0x00,0x00}, 0x0000, 0x0000, 0x0000, 0x0000, 0x0000, 0x0000,
			{0x00,0x00,0x00,0x00,0x00,0x00,0x00,0x00,0x00,0x00,0x00,0x00,0x00,0x00},
			0x00000120, 0x00000001
		},
		{
			{0x00,0x00,0x00,0x00,0x00,0x00,0x00,0x00,0x00,0x00,0x00,0x00,0xFF,0xFF},
			0x0000, 0x0000, 0x0000, -1, 0x0000, 0x0000, 0x0000, {0x00,0x00}, 0x0000,
			0.0f, {0x00,0x00}, 0x0000, 0x0000, 0x0000, 0x0000, 0x0000, 0x0000,
			{0x00,0x00,0x00,0x00,0x00,0x00,0x00,0x00,0x00,0x00,0x00,0x00,0x00,0x00},
			0x00000000, 0x00000000
		},
		{
			{0x00,0x00,0x00,0x00,0x00,0x00,0x00,0x00,0x00,0x00,0x00,0x00,0xFF,0xFF},
			0x0000, 0x0000, 0x0000, -1, 0x0000, 0x0000, 0x0000, {0x00,0x00}, 0x0000,
			0.0f, {0x00,0x00}, 0x0000, 0x0000, 0x0000, 0x0000, 0x0000, 0x0000,
			{0x00,0x00,0x00,0x00,0x00,0x00,0x00,0x00,0x00,0x00,0x00,0x00,0x00,0x00},
			0x00000000, 0x00000000
		},
		{
			{0x00,0x00,0x00,0x00,0x00,0x00,0x00,0x00,0x00,0x00,0x00,0x00,0xFF,0xFF},
			0x0000, 0x0000, 0x0000, -1, 0x0000, 0x0000, 0x0000, {0x00,0x00}, 0x0000,
			0.0f, {0x00,0x00}, 0x0000, 0x0000, 0x0000, 0x0000, 0x0000, 0x0000,
			{0x00,0x00,0x00,0x00,0x00,0x00,0x00,0x00,0x00,0x00,0x00,0x00,0x00,0x00},
			0x00000000, 0x00000000
		},
		{
			{0x00,0x00,0x00,0x00,0x00,0x00,0x00,0x00,0x00,0x00,0x00,0x00,0xFF,0xFF},
			0x0000, 0x0000, 0x0000, -1, 0x0000, 0x0000, 0x0000, {0x00,0x00}, 0x0000,
			0.0f, {0x00,0x00}, 0x0000, 0x0000, 0x0000, 0x0000, 0x0000, 0x0000,
			{0x00,0x00,0x00,0x00,0x00,0x00,0x00,0x00,0x00,0x00,0x00,0x00,0x00,0x00},
			0x00000000, 0x00000000
		},
		{
			{0x00,0x00,0x00,0x00,0x00,0x00,0x00,0x00,0x00,0x00,0x00,0x00,0xFF,0xFF},
			0x0000, 0x0000, 0x0000, -1, 0x0000, 0x0000, 0x0000, {0x00,0x00}, 0x0000,
			0.0f, {0x00,0x00}, 0x0000, 0x0000, 0x0000, 0x0000, 0x0000, 0x0000,
			{0x00,0x00,0x00,0x00,0x00,0x00,0x00,0x00,0x00,0x00,0x00,0x00,0x00,0x00},
			0x00000000, 0x00000000
		},
		{
			{0x00,0x00,0x00,0x00,0x00,0x00,0x00,0x00,0x00,0x00,0x00,0x00,0xFF,0xFF},
			0x0000, 0x0000, 0x0000, -1, 0x0000, 0x0000, 0x0000, {0x00,0x00}, 0x0000,
			0.0f, {0x00,0x00}, 0x0000, 0x0000, 0x0000, 0x0000, 0x0000, 0x0000,
			{0x00,0x00,0x00,0x00,0x00,0x00,0x00,0x00,0x00,0x00,0x00,0x00,0x00,0x00},
			0x00000000, 0x00000000
		},
		{
			{0x00,0x00,0x00,0x00,0x00,0x00,0x00,0x00,0x00,0x00,0x00,0x00,0xFF,0xFF},
			0x0000, 0x0000, 0x0000, -1, 0x0000, 0x0000, 0x0000, {0x00,0x00}, 0x0000,
			0.0f, {0x00,0x00}, 0x0000, 0x0000, 0x0000, 0x0000, 0x0000, 0x0000,
			{0x00,0x00,0x00,0x00,0x00,0x00,0x00,0x00,0x00,0x00,0x00,0x00,0x00,0x00},
			0x00000000, 0x00000000
		},
		{
			{0x00,0x00,0x00,0x00,0x00,0x00,0x00,0x00,0x00,0x00,0x00,0x00,0xFF,0xFF},
			0x0000, 0x0000, 0x0000, -1, 0x0000, 0x0000, 0x0000, {0x00,0x00}, 0x0000,
			0.0f, {0x00,0x00}, 0x0000, 0x0000, 0x0000, 0x0000, 0x0000, 0x0000,
			{0x00,0x00,0x00,0x00,0x00,0x00,0x00,0x00,0x00,0x00,0x00,0x00,0x00,0x00},
			0x00000000, 0x00000000
		},
		{
			{0x00,0x00,0x00,0x00,0x00,0x00,0x00,0x00,0x00,0x00,0x00,0x00,0xFF,0xFF},
			0x0000, 0x0000, 0x0000, -1, 0x0000, 0x0000, 0x0000, {0x00,0x00}, 0x0000,
			0.0f, {0x00,0x00}, 0x0000, 0x0000, 0x0000, 0x0000, 0x0000, 0x0000,
			{0x00,0x00,0x00,0x00,0x00,0x00,0x00,0x00,0x00,0x00,0x00,0x00,0x00,0x00},
			0x00000000, 0x00000000
		},
		{
			{0x00,0x00,0x00,0x00,0x00,0x00,0x00,0x00,0x00,0x00,0x00,0x00,0xFF,0xFF},
			0x0000, 0x0000, 0x0000, -1, 0x0000, 0x0000, 0x0000, {0x00,0x00}, 0x0000,
			0.0f, {0x00,0x00}, 0x0000, 0x0000, 0x0000, 0x0000, 0x0000, 0x0000,
			{0x00,0x00,0x00,0x00,0x00,0x00,0x00,0x00,0x00,0x00,0x00,0x00,0x00,0x00},
			0x00000000, 0x00000000
		},
		{
			{0x00,0x00,0x00,0x00,0x00,0x00,0x00,0x00,0x00,0x00,0x00,0x00,0xFF,0xFF},
			0x0000, 0x0000, 0x0000, -1, 0x0000, 0x0000, 0x0000, {0x00,0x00}, 0x0000,
			0.0f, {0x00,0x00}, 0x0000, 0x0000, 0x0000, 0x0000, 0x0000, 0x0000,
			{0x00,0x00,0x00,0x00,0x00,0x00,0x00,0x00,0x00,0x00,0x00,0x00,0x00,0x00},
			0x00000000, 0x00000000
		},
		{
			{0x00,0x00,0x00,0x00,0x00,0x00,0x00,0x00,0x00,0x00,0x00,0x00,0xFF,0xFF},
			0x0000, 0x0000, 0x0000, -1, 0x0000, 0x0000, 0x0000, {0x00,0x00}, 0x0000,
			0.0f, {0x00,0x00}, 0x0000, 0x0000, 0x0000, 0x0000, 0x0000, 0x0000,
			{0x00,0x00,0x00,0x00,0x00,0x00,0x00,0x00,0x00,0x00,0x00,0x00,0x00,0x00},
			0x00000000, 0x00000000
		},
		{
			{0x00,0x00,0x00,0x00,0x00,0x00,0x00,0x00,0x00,0x00,0x00,0x00,0xFF,0xFF},
			0x0000, 0x0000, 0x0000, -1, 0x0000, 0x0000, 0x0000, {0x00,0x00}, 0x0000,
			0.0f, {0x00,0x00}, 0x0000, 0x0000, 0x0000, 0x0000, 0x0000, 0x0000,
			{0x00,0x00,0x00,0x00,0x00,0x00,0x00,0x00,0x00,0x00,0x00,0x00,0x00,0x00},
			0x00000000, 0x00000000
		},
		{
			{0x00,0x00,0x00,0x00,0x00,0x00,0x00,0x00,0x00,0x00,0x00,0x00,0xFF,0xFF},
			0x0000, 0x0000, 0x0000, -1, 0x0000, 0x0000, 0x0000, {0x00,0x00}, 0x0000,
			0.0f, {0x00,0x00}, 0x0000, 0x0000, 0x0000, 0x0000, 0x0000, 0x0000,
			{0x00,0x00,0x00,0x00,0x00,0x00,0x00,0x00,0x00,0x00,0x00,0x00,0x00,0x00},
			0x00000000, 0x00000000
		},
		{
			{0x00,0x00,0x00,0x00,0x00,0x00,0x00,0x00,0x00,0x00,0x00,0x00,0xFF,0xFF},
			0x0000, 0x0000, 0x0000, -1, 0x0000, 0x0000, 0x0000, {0x00,0x00}, 0x0000,
			0.0f, {0x00,0x00}, 0x0000, 0x0000, 0x0000, 0x0000, 0x0000, 0x0000,
			{0x00,0x00,0x00,0x00,0x00,0x00,0x00,0x00,0x00,0x00,0x00,0x00,0x00,0x00},
			0x00000000, 0x00000000
		},
		{
			{0x00,0x00,0x00,0x00,0x00,0x00,0x00,0x00,0x00,0x00,0x00,0x00,0xFF,0xFF},
			0x0000, 0x0000, 0x0000, -1, 0x0000, 0x0000, 0x0000, {0x00,0x00}, 0x0000,
			0.0f, {0x00,0x00}, 0x0000, 0x0000, 0x0000, 0x0000, 0x0000, 0x0000,
			{0x00,0x00,0x00,0x00,0x00,0x00,0x00,0x00,0x00,0x00,0x00,0x00,0x00,0x00},
			0x00000000, 0x00000000
		},
		{
			{0x00,0x00,0x00,0x00,0x00,0x00,0x00,0x00,0x00,0x00,0x00,0x00,0xFF,0xFF},
			0x0000, 0x0000, 0x0000, -1, 0x0000, 0x0000, 0x0000, {0x00,0x00}, 0x0000,
			0.0f, {0x00,0x00}, 0x0000, 0x0000, 0x0000, 0x0000, 0x0000, 0x0000,
			{0x00,0x00,0x00,0x00,0x00,0x00,0x00,0x00,0x00,0x00,0x00,0x00,0x00,0x00},
			0x00000000, 0x00000000
		},
		{
			{0x00,0x00,0x00,0x00,0x00,0x00,0x00,0x00,0x00,0x00,0x00,0x00,0xFF,0xFF},
			0x0000, 0x0000, 0x0000, -1, 0x0000, 0x0000, 0x0000, {0x00,0x00}, 0x0000,
			0.0f, {0x00,0x00}, 0x0000, 0x0000, 0x0000, 0x0000, 0x0000, 0x0000,
			{0x00,0x00,0x00,0x00,0x00,0x00,0x00,0x00,0x00,0x00,0x00,0x00,0x00,0x00},
			0x00000000, 0x00000000
		},
		{
			{0x00,0x00,0x00,0x00,0x00,0x00,0x00,0x00,0x00,0x00,0x00,0x00,0xFF,0xFF},
			0x0000, 0x0000, 0x0000, -1, 0x0000, 0x0000, 0x0000, {0x00,0x00}, 0x0000,
			0.0f, {0x00,0x00}, 0x0000, 0x0000, 0x0000, 0x0000, 0x0000, 0x0000,
			{0x00,0x00,0x00,0x00,0x00,0x00,0x00,0x00,0x00,0x00,0x00,0x00,0x00,0x00},
			0x00000000, 0x00000000
		},
		{
			{0x00,0x00,0x00,0x00,0x00,0x00,0x00,0x00,0x00,0x00,0x00,0x00,0xFF,0xFF},
			0x0000, 0x0000, 0x0000, -1, 0x0000, 0x0000, 0x0000, {0x00,0x00}, 0x0000,
			0.0f, {0x00,0x00}, 0x0000, 0x0000, 0x0000, 0x0000, 0x0000, 0x0000,
			{0x00,0x00,0x00,0x00,0x00,0x00,0x00,0x00,0x00,0x00,0x00,0x00,0x00,0x00},
			0x00000000, 0x00000000
		},
		{
			{0x00,0x00,0x00,0x00,0x00,0x00,0x00,0x00,0x00,0x00,0x00,0x00,0xFF,0xFF},
			0x0000, 0x0000, 0x0000, -1, 0x0000, 0x0000, 0x0000, {0x00,0x00}, 0x0000,
			0.0f, {0x00,0x00}, 0x0000, 0x0000, 0x0000, 0x0000, 0x0000, 0x0000,
			{0x00,0x00,0x00,0x00,0x00,0x00,0x00,0x00,0x00,0x00,0x00,0x00,0x00,0x00},
			0x00000000, 0x00000000
		},
		{
			{0x0D,0x00,0x2E,0x48,0x00,0x00,0x00,0x00,0x00,0x00,0x00,0x00,0xFF,0xFF},
			0x0000, 0x0000, 0x0000, -1, 0x0000, 0x0060, 0x0008, {0x00,0x00}, 0x0023,
			2.0f, {0x00,0x00}, 0x0000, 0x0000, 0x0000, 0x0000, 0x0000, 0x0000,
			{0x00,0x00,0x00,0x00,0x00,0x00,0x00,0x00,0x00,0x00,0x00,0x00,0x00,0x00},
			0x00002020, 0x00000000
		},
		{
			{0x00,0x00,0x00,0x00,0x00,0x00,0x00,0x00,0x00,0x00,0x00,0x00,0xFF,0xFF},
			0x0000, 0x0000, 0x0000, -1, 0x0000, 0x000F, 0x000F, {0x01,0x00}, 0x0000,
			0.0f, {0x01,0x68}, 0x0000, 0x0000, 0x0000, 0x0000, 0x0000, 0x0000,
			{0x00,0x00,0x00,0x00,0x00,0x00,0x00,0x00,0x00,0x00,0x00,0x00,0x00,0x00},
			0x00000022, 0x00000000
		}
	}
};

u8 D_8009C1A8_184268[0x31C] = {
	0x09,0x00,0x27,0x08,0x09,0x00,0x27,0x28,0x09,0x00,0x27,0x58,0x09,0x00,0x26,0xF8,
	0x09,0x00,0x26,0xD0,0x09,0x00,0x27,0x48,0x09,0x00,0x27,0x18,0x09,0x00,0x27,0x38,
	0x09,0x00,0x53,0x90,0x09,0x00,0x53,0xA0,0x09,0x00,0x53,0xD0,0x09,0x00,0x53,0x80,
	0x09,0x00,0x53,0x58,0x09,0x00,0x53,0xE0,0x09,0x00,0x53,0xB0,0x09,0x00,0x53,0xC0,
	0x09,0x00,0x81,0x00,0x09,0x00,0x81,0x10,0x09,0x00,0x81,0x40,0x09,0x00,0x80,0xF0,
	0x09,0x00,0x81,0x70,0x09,0x00,0x81,0x50,0x09,0x00,0x81,0x20,0x09,0x00,0x81,0x30,
	0x09,0x00,0xAE,0x50,0x09,0x00,0xAE,0x80,0x09,0x00,0xAE,0x70,0x09,0x00,0xAE,0x40,
	0x09,0x00,0xAE,0x18,0x09,0x00,0xAE,0x90,0x09,0x00,0xAE,0x60,0x09,0x00,0xAE,0xA0,
	0x09,0x00,0xCD,0x90,0x09,0x00,0xCD,0xA0,0x09,0x00,0xCD,0xA0,0x09,0x00,0xCD,0x80,
	0x09,0x00,0xCD,0xB0,0x09,0x00,0xCD,0xE8,0x09,0x00,0xCD,0xD8,0x09,0x00,0xCD,0xA0,
	0x09,0x00,0xE8,0xC8,0x09,0x00,0xE8,0xD8,0x09,0x00,0xE8,0xF8,0x09,0x00,0xE8,0xB8,
	0x09,0x00,0xE8,0x90,0x09,0x00,0xE9,0x08,0x09,0x00,0xE8,0xE8,0x00,0x00,0x00,0x00,
	0x0A,0x00,0x24,0x88,0x0A,0x00,0x24,0x98,0x0A,0x00,0x24,0xC8,0x0A,0x00,0x24,0x78,
	0x0A,0x00,0x24,0xF8,0x0A,0x00,0x24,0xD8,0x0A,0x00,0x24,0xA8,0x0A,0x00,0x24,0xB8,
	0x0A,0x00,0x49,0x00,0x0A,0x00,0x49,0x10,0x0A,0x00,0x49,0x40,0x0A,0x00,0x48,0xF0,
	0x0A,0x00,0x49,0x70,0x0A,0x00,0x49,0x50,0x0A,0x00,0x49,0x20,0x0A,0x00,0x49,0x30,
	0x0A,0x00,0x9F,0xE0,0x0A,0x00,0x9F,0xF0,0x0A,0x00,0xA0,0x20,0x0A,0x00,0x9F,0xD0,
	0x0A,0x00,0xA0,0x50,0x0A,0x00,0xA0,0x30,0x0A,0x00,0xA0,0x00,0x0A,0x00,0xA0,0x10,
	0x0A,0x00,0x6E,0x28,0x0A,0x00,0x6E,0x38,0x0A,0x00,0x6E,0x68,0x0A,0x00,0x6E,0x18,
	0x0A,0x00,0x6E,0x98,0x0A,0x00,0x6E,0x78,0x0A,0x00,0x6E,0x48,0x0A,0x00,0x6E,0x58,
	0x00,0x00,0x00,0x00,0x00,0x00,0x00,0x00,0x00,0x00,0x00,0x00,0x00,0x00,0x00,0x00,
	0x00,0x00,0x00,0x00,0x00,0x00,0x00,0x00,0x00,0x00,0x00,0x00,0x00,0x00,0x00,0x00,
	0x0A,0x00,0xBB,0x48,0x0A,0x00,0xBB,0x58,0x0A,0x00,0xBB,0x78,0x0A,0x00,0xBB,0x38,
	0x0A,0x00,0xBB,0x10,0x0A,0x00,0xBB,0x88,0x0A,0x00,0xBB,0x68,0x00,0x00,0x00,0x00,
	0x0B,0x00,0x26,0x88,0x0B,0x00,0x26,0x98,0x0B,0x00,0x26,0xC8,0x0B,0x00,0x26,0x78,
	0x0B,0x00,0x26,0xF8,0x0B,0x00,0x26,0xD8,0x0B,0x00,0x26,0xA8,0x0B,0x00,0x26,0xB8,
	0x0B,0x00,0x4C,0x90,0x0B,0x00,0x4C,0xA0,0x0B,0x00,0x4C,0xD0,0x0B,0x00,0x4C,0x80,
	0x0B,0x00,0x4D,0x00,0x0B,0x00,0x4C,0xE0,0x0B,0x00,0x4C,0xB0,0x0B,0x00,0x4C,0xC0,
	0x0B,0x00,0x7D,0x70,0x0B,0x00,0x7D,0x80,0x0B,0x00,0x7D,0xB0,0x0B,0x00,0x7D,0x60,
	0x0B,0x00,0x7D,0xE0,0x0B,0x00,0x7D,0xC0,0x0B,0x00,0x7D,0x90,0x0B,0x00,0x7D,0xA0,
	0x0B,0x00,0xA2,0x80,0x0B,0x00,0xA2,0x90,0x0B,0x00,0xA2,0xC0,0x0B,0x00,0xA2,0x70,
	0x0B,0x00,0xA2,0xF0,0x0B,0x00,0xA2,0xD0,0x0B,0x00,0xA2,0xA0,0x0B,0x00,0xA2,0xB0,
	0x0B,0x00,0xC4,0xC8,0x0B,0x00,0xC4,0xD8,0x0B,0x00,0xC4,0xA8,0x0B,0x00,0xC4,0xB8,
	0x0B,0x00,0xC4,0x70,0x0B,0x00,0xC4,0xF8,0x0B,0x00,0xC4,0xE8,0x0B,0x00,0xC4,0x98,
	0x0B,0x00,0xDF,0xE8,0x0B,0x00,0xDF,0xF8,0x0B,0x00,0xE0,0x18,0x0B,0x00,0xDF,0xD8,
	0x0B,0x00,0xDF,0xB0,0x0B,0x00,0xE0,0x28,0x0B,0x00,0xE0,0x08,0x00,0x00,0x00,0x00,
	0x0C,0x00,0x41,0xA8,0x0C,0x00,0x41,0xB8,0x0C,0x00,0x41,0xE8,0x0C,0x00,0x41,0x98,
	0x0C,0x00,0x42,0x18,0x0C,0x00,0x41,0xF8,0x0C,0x00,0x41,0xC8,0x0C,0x00,0x41,0xD8,
	0x0C,0x00,0x66,0xD0,0x0C,0x00,0x66,0xE0,0x0C,0x00,0x67,0x10,0x0C,0x00,0x66,0xC0,
	0x0C,0x00,0x67,0x40,0x0C,0x00,0x67,0x20,0x0C,0x00,0x66,0xF0,0x0C,0x00,0x67,0x00,
	0x0C,0x00,0x8E,0x90,0x0C,0x00,0x8E,0xA0,0x0C,0x00,0x8E,0xD0,0x0C,0x00,0x8E,0x80,
	0x0C,0x00,0x8F,0x00,0x0C,0x00,0x8E,0xE0,0x0C,0x00,0x8E,0xB0,0x0C,0x00,0x8E,0xC0,
	0x0C,0x00,0xB3,0xF8,0x0C,0x00,0xB4,0x08,0x0C,0x00,0xB4,0x38,0x0C,0x00,0xB3,0xE8,
	0x0C,0x00,0xB4,0x68,0x0C,0x00,0xB4,0x48,0x0C,0x00,0xB4,0x18,0x0C,0x00,0xB4,0x28,
	0x0C,0x00,0xE7,0x28,0x0C,0x00,0xE7,0x38,0x0C,0x00,0xE7,0x68,0x0C,0x00,0xE7,0x18,
	0x0C,0x00,0xE7,0x98,0x0C,0x00,0xE7,0x78,0x0C,0x00,0xE7,0x48,0x0C,0x00,0xE7,0x58,
	0x0C,0x00,0x1A,0xC8,0x0C,0x00,0x1A,0xD8,0x0C,0x00,0x1A,0xF8,0x0C,0x00,0x1A,0xB8,
	0x0C,0x00,0x1A,0x90,0x0C,0x00,0x1B,0x08,0x0C,0x00,0x1A,0xE8,0x00,0x00,0x00,0x00,
	0x0D,0x00,0x2D,0xE8,0x0D,0x00,0x2D,0xF8,0x0D,0x00,0x2E,0x28,0x0D,0x00,0x2D,0xD8,
	0x0D,0x00,0x2E,0x58,0x0D,0x00,0x2E,0x38,0x0D,0x00,0x2E,0x08,
};

s32 D_8009C4C4_184584[8] = {
	0x0D002E18, 0x00000006, 0x00000006, 0x00000006, 0x00000006, 0x00000001, 0x00000000, -1,
};

u8 D_8009C4E4_1845A4[0x320] = {
	0x00,0x00,0x0C,0x00,0x00,0x00,0x0C,0x00,0x00,0x00,0x0C,0x00,0x00,0x00,0x0C,0x00,
	0x00,0x00,0x0C,0x00,0x00,0x00,0x0C,0x00,0x00,0x00,0x00,0x00,0x00,0x00,0x00,0x00,
	0x00,0x00,0x08,0x00,0x00,0x00,0x08,0x00,0x00,0x00,0x08,0x00,0x00,0x00,0x08,0x00,
	0x00,0x00,0x08,0x00,0x00,0x00,0x08,0x00,0x00,0x00,0x00,0x00,0x00,0x00,0x00,0x00,
	0x00,0x00,0x08,0x00,0x00,0x00,0x08,0x00,0x00,0x00,0x08,0x00,0x00,0x00,0x08,0x00,
	0x00,0x00,0x08,0x00,0x00,0x00,0x08,0x00,0x00,0x00,0x00,0x00,0x00,0x00,0x00,0x00,
	0x00,0x00,0x08,0x00,0x00,0x00,0x08,0x00,0x00,0x00,0x08,0x00,0x00,0x00,0x08,0x00,
	0x00,0x00,0x08,0x00,0x00,0x00,0x08,0x00,0x00,0x00,0x00,0x00,0x00,0x00,0x00,0x00,
	0x00,0x00,0x0B,0x00,0x00,0x00,0x0B,0x00,0x00,0x00,0x0B,0x00,0x00,0x00,0x0B,0x00,
	0x00,0x00,0x0B,0x00,0x00,0x00,0x0B,0x00,0x00,0x00,0x00,0x00,0x00,0x00,0x00,0x00,
	0x00,0x00,0x06,0x00,0x00,0x00,0x00,0x00,0x00,0x00,0x00,0x00,0x00,0x00,0x00,0x00,
	0x00,0x00,0x00,0x00,0x00,0x00,0x00,0x00,0x00,0x00,0x00,0x00,0x00,0x00,0x00,0x00,
	0x00,0x00,0x08,0x00,0x00,0x00,0x08,0x00,0x00,0x00,0x08,0x00,0x00,0x00,0x00,0x00,
	0x00,0x00,0x00,0x00,0x00,0x00,0x00,0x00,0x00,0x00,0x00,0x00,0x00,0x00,0x00,0x00,
	0x00,0x00,0x08,0x00,0x00,0x00,0x08,0x00,0x00,0x00,0x08,0x00,0x00,0x00,0x08,0x00,
	0x00,0x00,0x08,0x00,0x00,0x00,0x08,0x00,0x00,0x00,0x00,0x00,0x00,0x00,0x00,0x00,
	0x00,0x00,0x09,0x00,0x00,0x00,0x09,0x00,0x00,0x00,0x09,0x00,0x00,0x00,0x09,0x00,
	0x00,0x00,0x09,0x00,0x00,0x00,0x09,0x00,0x00,0x00,0x00,0x00,0x00,0x00,0x00,0x00,
	0x00,0x00,0x08,0x00,0x00,0x00,0x08,0x00,0x00,0x00,0x08,0x00,0x00,0x00,0x08,0x00,
	0x00,0x00,0x08,0x00,0x00,0x00,0x00,0x00,0x00,0x00,0x00,0x00,0x00,0x00,0x00,0x00,
	0x00,0x00,0x00,0x00,0x00,0x00,0x00,0x00,0x00,0x00,0x00,0x00,0x00,0x00,0x00,0x00,
	0x00,0x00,0x00,0x00,0x00,0x00,0x00,0x00,0x00,0x00,0x00,0x00,0x00,0x00,0x00,0x00,
	0x00,0x00,0x06,0x00,0x00,0x00,0x00,0x00,0x00,0x00,0x00,0x00,0x00,0x00,0x00,0x00,
	0x00,0x00,0x00,0x00,0x00,0x00,0x00,0x00,0x00,0x00,0x00,0x00,0x00,0x00,0x00,0x00,
	0x00,0x00,0x08,0x00,0x00,0x00,0x08,0x00,0x00,0x00,0x08,0x00,0x00,0x00,0x08,0x00,
	0x00,0x00,0x08,0x00,0x00,0x00,0x08,0x00,0x00,0x00,0x00,0x00,0x00,0x00,0x00,0x00,
	0x00,0x00,0x08,0x00,0x00,0x00,0x08,0x00,0x00,0x00,0x08,0x00,0x00,0x00,0x08,0x00,
	0x00,0x00,0x00,0x00,0x00,0x00,0x00,0x00,0x00,0x00,0x00,0x00,0x00,0x00,0x00,0x00,
	0x00,0x00,0x09,0x00,0x00,0x00,0x09,0x00,0x00,0x00,0x09,0x00,0x00,0x00,0x09,0x00,
	0x00,0x00,0x09,0x00,0x00,0x00,0x09,0x00,0x00,0x00,0x00,0x00,0x00,0x00,0x00,0x00,
	0x00,0x00,0x08,0x00,0x00,0x00,0x08,0x00,0x00,0x00,0x08,0x00,0x00,0x00,0x08,0x00,
	0x00,0x00,0x08,0x00,0x00,0x00,0x08,0x00,0x00,0x00,0x08,0x00,0x00,0x00,0x00,0x00,
	0x00,0x00,0x0C,0x00,0x00,0x00,0x0C,0x00,0x00,0x00,0x0C,0x00,0x00,0x00,0x00,0x00,
	0x00,0x00,0x00,0x00,0x00,0x00,0x00,0x00,0x00,0x00,0x00,0x00,0x00,0x00,0x00,0x00,
	0x00,0x00,0x06,0x00,0x00,0x00,0x00,0x00,0x00,0x00,0x00,0x00,0x00,0x00,0x00,0x00,
	0x00,0x00,0x00,0x00,0x00,0x00,0x00,0x00,0x00,0x00,0x00,0x00,0x00,0x00,0x00,0x00,
	0x00,0x00,0x08,0x00,0x00,0x00,0x08,0x00,0x00,0x00,0x08,0x00,0x00,0x00,0x08,0x00,
	0x00,0x00,0x00,0x00,0x00,0x00,0x00,0x00,0x00,0x00,0x00,0x00,0x00,0x00,0x00,0x00,
	0x00,0x00,0x08,0x00,0x00,0x00,0x08,0x00,0x00,0x00,0x08,0x00,0x00,0x00,0x08,0x00,
	0x00,0x00,0x00,0x00,0x00,0x00,0x00,0x00,0x00,0x00,0x00,0x00,0x00,0x00,0x00,0x00,
	0x00,0x00,0x08,0x00,0x00,0x00,0x08,0x00,0x00,0x00,0x08,0x00,0x00,0x00,0x08,0x00,
	0x00,0x00,0x00,0x00,0x00,0x00,0x00,0x00,0x00,0x00,0x00,0x00,0x00,0x00,0x00,0x00,
	0x00,0x00,0x08,0x00,0x00,0x00,0x08,0x00,0x00,0x00,0x08,0x00,0x00,0x00,0x00,0x00,
	0x00,0x00,0x00,0x00,0x00,0x00,0x00,0x00,0x00,0x00,0x00,0x00,0x00,0x00,0x00,0x00,
	0x00,0x00,0x09,0x00,0x00,0x00,0x09,0x00,0x00,0x00,0x09,0x00,0x00,0x00,0x09,0x00,
	0x00,0x00,0x00,0x00,0x00,0x00,0x00,0x00,0x00,0x00,0x00,0x00,0x00,0x00,0x00,0x00,
	0x00,0x00,0x06,0x00,0x00,0x00,0x00,0x00,0x00,0x00,0x00,0x00,0x00,0x00,0x00,0x00,
	0x00,0x00,0x00,0x00,0x00,0x00,0x00,0x00,0x00,0x00,0x00,0x00,0x00,0x00,0x00,0x00,
	0x00,0x00,0x08,0x00,0x00,0x00,0x08,0x00,0x00,0x00,0x00,0x00,0x00,0x00,0x00,0x00,
	0x00,0x00,0x00,0x00,0x00,0x00,0x00,0x00,0x00,0x00,0x00,0x00,0x00,0x00,0x00,0x00,
};

Unk9C804 D_8009C804_1848C4[25] = {
	{ 0x01, {0x00,0x00,0x00}, 0x00000047, 0x00000000, 0x00000400, 25.0f, 25.0f, 0x000000B3, -185, 0x00000003, -3, 0x0030, 0x0060, 0x00000000, 0x0000, 0x0132, 0x0000, 0x013E }
	,
	{ 0x01, {0x00,0x00,0x00}, 0x00000047, 0x00000000, 0x00000400, 25.0f, 25.0f, 0x000000B2, -182, 0x00000003, -3, 0x0048, 0x003C, 0x00000000, 0x0000, 0x0132, 0x0000, 0x013E }
	,
	{ 0x01, {0x00,0x00,0x00}, 0x00000047, 0x00000000, 0x00000400, 25.0f, 25.0f, 0x000000B2, -182, 0x00000003, -3, 0x0048, 0x003C, 0x00000000, 0x0000, 0x0132, 0x0000, 0x013E }
	,
	{ 0x01, {0x00,0x00,0x00}, 0x00000047, 0x00000000, 0x00000400, 25.0f, 25.0f, 0x000000B2, -192, 0x00000003, -3, 0x0048, 0x003C, 0x00000000, 0x0000, 0x0132, 0x0000, 0x013E }
	,
	{ 0x03, {0x00,0x00,0x00}, 0x00000032, 0x00000000, 0x00002000, 52.0f, 52.0f, -191, -192, -8, 0x00000008, 0x0030, 0x0060, 0x0902C330, 0x0000, 0x0168, 0x0000, 0x013E }
	,
	{ 0x02, {0x00,0x00,0x00}, 0x00000047, 0x00000000, 0x00001000, 25.0f, 25.0f, 0x0000000D, -198, -6, 0x00000006, 0x0048, 0x003C, 0x00000000, 0x0000, 0x017C, -1, -1 }
	,
	{ 0x01, {0x00,0x00,0x00}, 0x00000047, 0x00000000, 0x00000400, 25.0f, 25.0f, 0x000000B3, -185, 0x00000003, -3, 0x0030, 0x0060, 0x00000000, 0x0000, 0x0132, 0x0000, 0x013E }
	,
	{ 0x01, {0x00,0x00,0x00}, 0x00000047, 0x00000000, 0x00000400, 25.0f, 25.0f, 0x000000B2, -182, 0x00000003, -3, 0x0048, 0x003C, 0x00000000, 0x0000, 0x0132, 0x0000, 0x013E }
	,
	{ 0x01, {0x00,0x00,0x00}, 0x00000047, 0x00000000, 0x00000400, 25.0f, 25.0f, 0x000000B2, -182, 0x00000003, -3, 0x0048, 0x003C, 0x00000000, 0x0000, 0x0132, 0x0000, 0x013E }
	,
	{ 0x01, {0x00,0x00,0x00}, 0x00000047, 0x00000000, 0x00000400, 25.0f, 25.0f, 0x000000B2, -192, 0x00000003, -3, 0x0048, 0x003C, 0x00000000, 0x0000, 0x0132, 0x0000, 0x013E }
	,
	{ 0x01, {0x00,0x00,0x00}, 0x00000047, 0x00000000, 0x00000400, 25.0f, 25.0f, 0x000000B2, -192, 0x00000003, -3, 0x0048, 0x003C, 0x00000000, 0x0000, 0x0132, 0x0000, 0x013E }
	,
	{ 0x02, {0x00,0x00,0x00}, 0x00000047, 0x00000000, 0x00001000, 25.0f, 25.0f, 0x0000000D, -198, -6, 0x00000006, 0x0048, 0x003C, 0x00000000, 0x0000, 0x017C, -1, -1 }
	,
	{ 0x01, {0x00,0x00,0x00}, 0x00000047, 0x00000000, 0x00000400, 25.0f, 25.0f, 0x000000B2, -182, 0x00000003, -3, 0x0048, 0x003C, 0x00000000, 0x0000, 0x0132, 0x0000, 0x013E }
	,
	{ 0x01, {0x00,0x00,0x00}, 0x00000047, 0x00000000, 0x00000400, 25.0f, 25.0f, 0x000000B2, -182, 0x00000003, -3, 0x0048, 0x003C, 0x00000000, 0x0000, 0x0132, 0x0000, 0x013E }
	,
	{ 0x04, {0x00,0x00,0x00}, 0x00000047, 0x00000000, 0x000000FF, 0.0f, 0.0f, 0x00000000, 0x00000000, 0x00000000, 0x00000000, 0x0030, 0x0060, 0x00000000, -1, -1, -1, -1 }
	,
	{ 0x01, {0x00,0x00,0x00}, 0x00000047, 0x00000000, 0x00000400, 25.0f, 25.0f, 0x000000B2, -182, 0x00000003, -3, 0x0048, 0x003C, 0x00000000, 0x0000, 0x0132, 0x0000, 0x013E }
	,
	{ 0x01, {0x00,0x00,0x00}, 0x00000047, 0x00000000, 0x00000400, 25.0f, 25.0f, 0x000000B3, -185, 0x00000003, -3, 0x0030, 0x0060, 0x00000000, 0x0000, 0x0132, 0x0000, 0x013E }
	,
	{ 0x02, {0x00,0x00,0x00}, 0x00000047, 0x00000000, 0x00001000, 25.0f, 25.0f, 0x0000000D, -198, -6, 0x00000006, 0x0048, 0x003C, 0x00000000, 0x0000, 0x017C, -1, -1 }
	,
	{ 0x01, {0x00,0x00,0x00}, 0x00000047, 0x00000000, 0x00000400, 25.0f, 25.0f, 0x000000B2, -182, 0x00000003, -3, 0x0048, 0x003C, 0x00000000, 0x0000, 0x0132, 0x0000, 0x013E }
	,
	{ 0x01, {0x00,0x00,0x00}, 0x00000047, 0x00000000, 0x00000400, 25.0f, 25.0f, 0x000000B2, -182, 0x00000003, -3, 0x0048, 0x003C, 0x00000000, 0x0000, 0x0132, 0x0000, 0x013E }
	,
	{ 0x01, {0x00,0x00,0x00}, 0x00000047, 0x00000000, 0x00000400, 25.0f, 25.0f, 0x000000B2, -182, 0x00000003, -3, 0x0048, 0x003C, 0x00000000, 0x0000, 0x0132, 0x0000, 0x013E }
	,
	{ 0x01, {0x00,0x00,0x00}, 0x00000047, 0x00000000, 0x00000400, 25.0f, 25.0f, 0x000000B2, -182, 0x00000003, -3, 0x0048, 0x003C, 0x00000000, 0x0000, 0x0132, 0x0000, 0x013E }
	,
	{ 0x01, {0x00,0x00,0x00}, 0x00000047, 0x00000000, 0x00000400, 25.0f, 25.0f, 0x000000B3, -185, 0x00000003, -3, 0x0030, 0x0060, 0x00000000, 0x0000, 0x0132, 0x0000, 0x013E }
	,
	{ 0x02, {0x00,0x00,0x00}, 0x00000047, 0x00000000, 0x00001000, 25.0f, 25.0f, 0x0000000D, -198, -6, 0x00000006, 0x0048, 0x003C, 0x00000000, 0x0000, 0x017C, -1, -1 }
	,
	{ 0x02, {0x00,0x00,0x00}, 0x00000047, 0x00000000, 0x00001000, 25.0f, 25.0f, 0x00000000, -204, -6, 0x00000006, 0x0048, 0x003C, 0x00000000, 0x0000, 0x0132, 0x0000, 0x013E }

};

u8 D_8009CD7C_184E3C[0x98] = {
	0x1B,0x3A,0x0F,0x0F,0x0F,0x0F,0x0F,0x0F,0x0F,0x0F,0x0F,0x0F,0x0F,0x0F,0x0F,0x0F,
	0x0F,0x0F,0x0F,0x0F,0x0F,0x0F,0x0F,0x0F,0x0F,0x0F,0x0F,0x0F,0x0F,0x0F,0x1B,0x3A,
	0x0F,0x0F,0x0F,0x0F,0x0F,0x0F,0x0F,0x0F,0x30,0x4B,0x0F,0x0F,0x0F,0x0F,0x0F,0x0F,
	0x0F,0x0F,0x0F,0x0F,0x14,0x1E,0x0F,0x0F,0x0F,0x0F,0x0F,0x0F,0x1B,0x3A,0x1F,0x10,
	0x1D,0x14,0x19,0x15,0x0F,0x0F,0x17,0x19,0x18,0x12,0x17,0x10,0x0F,0x0F,0x14,0x12,
	0x19,0x14,0x0F,0x0F,0x0F,0x0F,0x0F,0x0F,0x0F,0x0F,0x1B,0x3A,0x1A,0x10,0x12,0x23,
	0x0F,0x0F,0x1B,0x12,0x0F,0x0F,0x1B,0x2E,0x1A,0x15,0x1D,0x1D,0x12,0x14,0x35,0x51,
	0x0F,0x0F,0x0F,0x0F,0x0F,0x0F,0x0F,0x0F,0x1B,0x33,0x77,0x68,0x0F,0x0F,0x0F,0x0F,
	0x0F,0x0F,0x0F,0x0F,0x0F,0x0F,0x0F,0x0F,0x0F,0x0F,0x0F,0x0F,0x0F,0x0F,0x0F,0x0F,
	0x0F,0x0F,0x0F,0x0F,0x0F,0x0F,0x00,0x00,
};

s16 D_8009CE14_184ED4[16] = {
	0x005D, 0x000A, 0x0096, 0x0077, 0x000C, 0x008D, 0x0038, 0x0055, 0x0049, 0x0073, 0x004A, 0x0063, -1, -1, -1, 0x0000,
};

s16 D_8009CE34_184EF4[22] = {
	0x005C, 0x0071, 0x0043, 0x007D, 0x007E, 0x008C, 0x0020, 0x002A, 0x002C, 0x001C, 0x0026, 0x0069, -1, -1, -1, 0x0000, 0x0000, 0x0000, 0x0000, 0x0000, 0x0000, 0x0000,
};
