#include <ultra64.h>
#include "common.h"

// Frontend data section 0x68FA0-0x7D5A0

// Pointer table into earlier frontend data (D_800965F0_66AA0 etc.)
void* D_80098AF0_68FA0[45] = {
    (void*)0x80096750, (void*)0x80098250, (void*)0x80096970, (void*)0x80097E70, (void*)0x80098370, (void*)0x80096B80,
    (void*)0x80096A88, (void*)0x80096CB8, (void*)0x80098488, (void*)0x80096C18, (void*)0x80097CF0, (void*)0x800968C8,
    (void*)0x80096640, (void*)0x80097888, (void*)0x800979A0, (void*)0x800977F8, (void*)0x80096F00, (void*)0x80096E08,
    (void*)0x80097F00, (void*)0x80098098, (void*)0x80098010, (void*)0x800981E8, (void*)0x80097050, (void*)0x80096848,
    (void*)0x800972B0, (void*)0x80097520, (void*)0x80097428, (void*)0x80097598, (void*)0x80097650, (void*)0x80098160,
    (void*)0x800971D0, (void*)0x800976E0, (void*)0x80097A30, (void*)0x80096A40, (void*)0x80097AE8, (void*)0x80097CA0,
    (void*)0x80097B50, (void*)0x80097BE8, (void*)0x80098548, (void*)0x80098610, (void*)0x800986F8, (void*)0x800987B8,
    (void*)0x800989E0, (void*)0x80098870, (void*)0x80098928,
};

// Frontend animation script entries
Unk8007E12CEntry8 D_80098BA4_69054[136] = {
    { 0x00000000, 0x07, 0x00, { 0x00, 0x00 } },
    { 0x00000000, 0x12, 0x01, { 0x00, 0x00 } },
    { 0x00000000, 0x03, 0x01, { 0x00, 0x00 } },
    { 0x00000000, 0x09, 0x2C, { 0x00, 0x00 } },
    { 0x00000000, 0x0A, 0x06, { 0x00, 0x00 } },
    { 0x00000000, 0x0B, 0x02, { 0x00, 0x00 } },
    { 0x00000000, 0x05, 0x04, { 0x00, 0x00 } },
    { 0x00000000, 0x05, 0x05, { 0x00, 0x00 } },
    { 0x00000000, 0x05, 0x00, { 0x00, 0x00 } },
    { 0x00000000, 0x05, 0x1B, { 0x00, 0x00 } },
    { 0x00000000, 0x10, 0x46, { 0x00, 0x00 } },
    { 0x00000000, 0x10, 0x47, { 0x00, 0x00 } },
    { 0x00000000, 0x1E, 0x00, { 0x00, 0x00 } },
    { 0x00000000, 0x1F, 0x00, { 0x00, 0x00 } },
    { 0x00000000, 0x00, 0x46, { 0x00, 0x00 } },
    { 0x00000000, 0x00, 0x47, { 0x00, 0x00 } },
    { 0x0000003C, 0x03, 0x02, { 0x00, 0x00 } },
    { 0x00000078, 0x06, 0x04, { 0x00, 0x00 } },
    { 0x00000078, 0x06, 0x05, { 0x00, 0x00 } },
    { 0x00000078, 0x06, 0x00, { 0x00, 0x00 } },
    { 0x00000078, 0x06, 0x1B, { 0x00, 0x00 } },
    { 0x00000078, 0x08, 0x00, { 0x00, 0x00 } },
    { 0x00000000, 0x07, 0x00, { 0x00, 0x00 } },
    { 0x00000000, 0x12, 0x01, { 0x00, 0x00 } },
    { 0x00000000, 0x09, 0x2D, { 0x00, 0x00 } },
    { 0x00000000, 0x01, 0x04, { 0x00, 0x00 } },
    { 0x00000000, 0x0A, 0x00, { 0x00, 0x00 } },
    { 0x00000000, 0x0B, 0x0A, { 0x00, 0x00 } },
    { 0x00000000, 0x0B, 0x0B, { 0x00, 0x00 } },
    { 0x00000000, 0x05, 0x03, { 0x00, 0x00 } },
    { 0x00000000, 0x10, 0x50, { 0x00, 0x00 } },
    { 0x00000000, 0x05, 0x14, { 0x00, 0x00 } },
    { 0x00000000, 0x10, 0x4F, { 0x00, 0x00 } },
    { 0x00000000, 0x05, 0x02, { 0x00, 0x00 } },
    { 0x00000000, 0x1E, 0x09, { 0x00, 0x00 } },
    { 0x00000000, 0x10, 0x4E, { 0x00, 0x00 } },
    { 0x00000000, 0x00, 0x4E, { 0x00, 0x00 } },
    { 0x00000032, 0x19, 0x8C, { 0x00, 0x00 } },
    { 0x00000064, 0x19, 0x8D, { 0x00, 0x00 } },
    { 0x00000082, 0x19, 0x8E, { 0x00, 0x00 } },
    { 0x0000008C, 0x19, 0x8F, { 0x00, 0x00 } },
    { 0x000000AA, 0x19, 0x90, { 0x00, 0x00 } },
    { 0x000000BE, 0x19, 0x91, { 0x00, 0x00 } },
    { 0x000000DC, 0x19, 0x92, { 0x00, 0x00 } },
    { 0x000000E6, 0x19, 0x93, { 0x00, 0x00 } },
    { 0x00000104, 0x19, 0x94, { 0x00, 0x00 } },
    { 0x00000118, 0x19, 0x95, { 0x00, 0x00 } },
    { 0x00000122, 0x19, 0x96, { 0x00, 0x00 } },
    { 0x0000014A, 0x19, 0x8C, { 0x00, 0x00 } },
    { 0x0000015E, 0x19, 0x8D, { 0x00, 0x00 } },
    { 0x00000168, 0x19, 0x8E, { 0x00, 0x00 } },
    { 0x0000016D, 0x19, 0x8F, { 0x00, 0x00 } },
    { 0x0000017C, 0x19, 0x90, { 0x00, 0x00 } },
    { 0x00000190, 0x19, 0x91, { 0x00, 0x00 } },
    { 0x000001A4, 0x19, 0x92, { 0x00, 0x00 } },
    { 0x000001AE, 0x19, 0x93, { 0x00, 0x00 } },
    { 0x000001BD, 0x19, 0x94, { 0x00, 0x00 } },
    { 0x000001E0, 0x19, 0x95, { 0x00, 0x00 } },
    { 0x000001E5, 0x19, 0x96, { 0x00, 0x00 } },
    { 0x0000023F, 0x19, 0x97, { 0x00, 0x00 } },
    { 0x00000244, 0x12, 0x03, { 0x00, 0x00 } },
    { 0x00000244, 0x13, 0xFF, { 0x00, 0x00 } },
    { 0x00000244, 0x03, 0x02, { 0x00, 0x00 } },
    { 0x0000026C, 0x13, 0x05, { 0x00, 0x00 } },
    { 0x0000026C, 0x03, 0x01, { 0x00, 0x00 } },
    { 0x0000026C, 0x06, 0x02, { 0x00, 0x00 } },
    { 0x0000026C, 0x05, 0x19, { 0x00, 0x00 } },
    { 0x0000026C, 0x10, 0x3E, { 0x00, 0x00 } },
    { 0x0000026C, 0x00, 0x42, { 0x00, 0x00 } },
    { 0x0000026C, 0x05, 0x1C, { 0x00, 0x00 } },
    { 0x0000026C, 0x05, 0x1D, { 0x00, 0x00 } },
    { 0x0000026C, 0x10, 0x48, { 0x00, 0x00 } },
    { 0x0000026C, 0x10, 0x49, { 0x00, 0x00 } },
    { 0x0000026C, 0x00, 0x48, { 0x00, 0x00 } },
    { 0x0000026C, 0x00, 0x49, { 0x00, 0x00 } },
    { 0x0000026C, 0x05, 0x1E, { 0x00, 0x00 } },
    { 0x0000026C, 0x05, 0x1F, { 0x00, 0x00 } },
    { 0x0000026C, 0x10, 0x4A, { 0x00, 0x00 } },
    { 0x0000026C, 0x10, 0x4B, { 0x00, 0x00 } },
    { 0x0000026C, 0x00, 0x4A, { 0x00, 0x00 } },
    { 0x0000026C, 0x00, 0x4B, { 0x00, 0x00 } },
    { 0x0000026C, 0x05, 0x20, { 0x00, 0x00 } },
    { 0x0000026C, 0x05, 0x21, { 0x00, 0x00 } },
    { 0x0000026C, 0x10, 0x4C, { 0x00, 0x00 } },
    { 0x0000026C, 0x10, 0x4D, { 0x00, 0x00 } },
    { 0x0000026C, 0x00, 0x4C, { 0x00, 0x00 } },
    { 0x0000026C, 0x00, 0x4D, { 0x00, 0x00 } },
    { 0x0000026E, 0x19, 0xA2, { 0x00, 0x00 } },
    { 0x00000270, 0x19, 0xA3, { 0x00, 0x00 } },
    { 0x00000271, 0x19, 0x99, { 0x00, 0x00 } },
    { 0x00000271, 0x19, 0x9A, { 0x00, 0x00 } },
    { 0x00000272, 0x19, 0x9B, { 0x00, 0x00 } },
    { 0x00000272, 0x19, 0xA4, { 0x00, 0x00 } },
    { 0x00000273, 0x19, 0x9C, { 0x00, 0x00 } },
    { 0x00000273, 0x19, 0xA5, { 0x00, 0x00 } },
    { 0x00000274, 0x19, 0x9D, { 0x00, 0x00 } },
    { 0x00000275, 0x19, 0x9E, { 0x00, 0x00 } },
    { 0x00000276, 0x19, 0x9F, { 0x00, 0x00 } },
    { 0x00000276, 0x19, 0xA6, { 0x00, 0x00 } },
    { 0x00000277, 0x19, 0xA0, { 0x00, 0x00 } },
    { 0x00000278, 0x19, 0xA1, { 0x00, 0x00 } },
    { 0x00000278, 0x19, 0xA7, { 0x00, 0x00 } },
    { 0x00000278, 0x19, 0xA8, { 0x00, 0x00 } },
    { 0x0000027A, 0x19, 0xA9, { 0x00, 0x00 } },
    { 0x0000027B, 0x19, 0xAA, { 0x00, 0x00 } },
    { 0x00000320, 0x06, 0x02, { 0x00, 0x00 } },
    { 0x00000320, 0x06, 0x03, { 0x00, 0x00 } },
    { 0x00000320, 0x06, 0x14, { 0x00, 0x00 } },
    { 0x00000320, 0x06, 0x1C, { 0x00, 0x00 } },
    { 0x00000320, 0x06, 0x1D, { 0x00, 0x00 } },
    { 0x00000320, 0x06, 0x1E, { 0x00, 0x00 } },
    { 0x00000320, 0x06, 0x1F, { 0x00, 0x00 } },
    { 0x00000320, 0x06, 0x20, { 0x00, 0x00 } },
    { 0x00000320, 0x06, 0x21, { 0x00, 0x00 } },
    { 0x00000320, 0x0E, 0x00, { 0x00, 0x00 } },
    { 0x00000000, 0x07, 0x00, { 0x00, 0x00 } },
    { 0x00000000, 0x12, 0x01, { 0x00, 0x00 } },
    { 0x00000000, 0x04, 0x03, { 0x00, 0x00 } },
    { 0x00000000, 0x09, 0x2D, { 0x00, 0x00 } },
    { 0x00000000, 0x0A, 0x00, { 0x00, 0x00 } },
    { 0x00000000, 0x0B, 0x0A, { 0x00, 0x00 } },
    { 0x00000000, 0x0B, 0x0B, { 0x00, 0x00 } },
    { 0x00000000, 0x05, 0x03, { 0x00, 0x00 } },
    { 0x00000000, 0x10, 0x52, { 0x00, 0x00 } },
    { 0x00000000, 0x05, 0x14, { 0x00, 0x00 } },
    { 0x00000000, 0x10, 0x4F, { 0x00, 0x00 } },
    { 0x00000000, 0x05, 0x19, { 0x00, 0x00 } },
    { 0x00000000, 0x10, 0x51, { 0x00, 0x00 } },
    { 0x00000000, 0x00, 0x41, { 0x00, 0x00 } },
    { 0x0000012C, 0x12, 0x01, { 0x00, 0x00 } },
    { 0x0000012C, 0x13, 0x07, { 0x00, 0x00 } },
    { 0x0000012C, 0x03, 0x02, { 0x00, 0x00 } },
    { 0x00000172, 0x06, 0x19, { 0x00, 0x00 } },
    { 0x00000172, 0x06, 0x03, { 0x00, 0x00 } },
    { 0x00000172, 0x06, 0x14, { 0x00, 0x00 } },
    { 0x00000172, 0x08, 0x00, { 0x00, 0x00 } },
};

// Pointer table into the animation-script entries above
void* D_80098FE4_69494[3] = { &D_80098BA4_69054[22], &D_80098BA4_69054[115], &D_80098BA4_69054[0] };

// Pointer table into earlier frontend data (referenced as (s32*)&D_80098FF0_694A0[n] in 40720.c)
void* D_80098FF0_694A0[3] = { &D_80098AF0_68FA0[0], &D_80098FE4_69494[0], &D_80098FE4_69494[2] };

// Frontend animation keyframe/source data
u32 D_80098FFC_694AC[20541] = {
    0x00000000, 0x0000000A, 0x00000002, 0x00020002, 0x00040002, 0x00060002, 0x00080002, 0x00000000,
    0x00000000, 0x00000000, 0x00000000, 0x00000000, 0x00000000, 0x00000000, 0x00000000, 0x00000000,
    0x00000000, 0x00000000, 0x00000000, 0x00000000, 0x00000000, 0x00000000, 0x00010000, 0x00000000,
    0x00000000, 0x0000001D, 0xFF37015A, 0xFF510000, 0x00000000, 0x0001FF37, 0x015AFF51, 0x00000000,
    0x0000001D, 0x00FF0158, 0xFF520000, 0x00000000, 0x000100FF, 0x0158FF52, 0x00000000, 0x0000001D,
    0x000000CC, 0x00000000, 0x00000000, 0x00010000, 0x002E0000, 0x00000000, 0x0000001D, 0x000000CC,
    0x00000000, 0x00000000, 0x00010000, 0x01600000, 0x00000000, 0x0000001D, 0x00000000, 0x00000000,
    0x00000000, 0x00000006, 0x00000002, 0x00020002, 0x00040002, 0x00000000, 0x00000000, 0x00000000,
    0x00000000, 0x00000000, 0x00000000, 0x00000000, 0x00000000, 0x00000000, 0x00000000, 0x00000000,
    0x00000000, 0x00000000, 0x00000000, 0x00000000, 0x00000000, 0x00000000, 0x00010000, 0x00000000,
    0x00000000, 0x00000013, 0x00000001, 0x00000000, 0x00000000, 0x0001FFAC, 0x00010000, 0x00000000,
    0x00000013, 0x00000001, 0x00000000, 0x00000000, 0x00010052, 0x00010000, 0x00000000, 0x00000013,
    0x00000000, 0x00000008, 0x00000002, 0x00020002, 0x00040002, 0x00060002, 0x00000000, 0x00000000,
    0x00000000, 0x00000000, 0x00000000, 0x00000000, 0x00000000, 0x00000000, 0x00000000, 0x00000000,
    0x00000000, 0x00000000, 0x00000000, 0x00000000, 0x00000000, 0x00000000, 0x00010000, 0x00000000,
    0x00000000, 0x0000001D, 0x00000000, 0x00000000, 0x00000000, 0x0001FFE5, 0xFFF60000, 0x00000000,
    0x0000001D, 0x00000000, 0x00000000, 0x00000000, 0x0001FFF7, 0xFFF10000, 0x00000000, 0x0000001D,
    0x00000000, 0x00000000, 0x00000000, 0x0001FFE1, 0xFFFF0000, 0x00000000, 0x0000001D, 0x00000000,
    0x00000000, 0x00000002, 0x00000002, 0x00000000, 0x00000000, 0x00000000, 0x00000000, 0x00000000,
    0x00000000, 0x00000000, 0x00000000, 0x00000000, 0x00000000, 0x00000000, 0x00000000, 0x00000000,
    0x00000000, 0x00000000, 0x00000000, 0x00000000, 0x00000000, 0x00000000, 0x00010000, 0x00000000,
    0x0000E000, 0x00000888, 0x00000000, 0x00000000, 0x00000000, 0x000000B0, 0x0000000B, 0x000B000B,
    0x0016000B, 0x0021000B, 0x002C000B, 0x0037000B, 0x0042000B, 0x004D000B, 0x0058000B, 0x0063000B,
    0x006E000B, 0x0079000B, 0x0084000B, 0x008F000B, 0x009A000B, 0x00A5000B, 0x00000000, 0x00000000,
    0x000001C4, 0xFFE8001B, 0x00010000, 0x00000000, 0x0000F4E6, 0x0000000E, 0x00000000, 0x00000000,
    0xF4E60000, 0x000A0000, 0x00000000, 0xFE86F3F9, 0x00000003, 0x00000000, 0x00000000, 0xF4E60000,
    0x00070000, 0x00000000, 0x0000F4E6, 0x00000005, 0x00000000, 0x0000FE86, 0xF3F90000, 0x00030000,
    0x00000000, 0x0000F4E6, 0x00000007, 0x00000000, 0x00000000, 0xF4E60000, 0x00050000, 0x00000000,
    0xFE86F3F9, 0x00000003, 0x00000000, 0x00000000, 0xF4E60000, 0x00070000, 0x00120004, 0x00000000,
    0x00000001, 0x00000012, 0x00040000, 0x00000000, 0x000E0000, 0x00120004, 0x00000000, 0x0000000A,
    0x00000012, 0x0004004D, 0xFE0EFFC6, 0x00030000, 0x00120004, 0x00000000, 0x00000007, 0x00000012,
    0x00040000, 0x00000000, 0x00050000, 0x00120004, 0x004DFE0E, 0xFFC60003, 0x00000012, 0x00040000,
    0x00000000, 0x00070000, 0x00120004, 0x00000000, 0x00000005, 0x00000012, 0x0004004D, 0xFE0EFFC6,
    0x00030000, 0x00120004, 0x00000000, 0x00000007, 0x00000021, 0x001A0000, 0x00000000, 0x00010000,
    0x0021001A, 0x00000000, 0x0000000E, 0x00000021, 0x001A0000, 0x00000000, 0x000A0000, 0x0021001A,
    0x00000000, 0x00000003, 0x00000021, 0x001A0000, 0x00000000, 0x00070000, 0x0021001A, 0x00000000,
    0x00000005, 0x00000021, 0x001A0000, 0x00000000, 0x00030000, 0x0021001A, 0x00000000, 0x00000007,
    0x00000021, 0x001A0000, 0x00000000, 0x00050000, 0x0021001A, 0x00000000, 0x00000003, 0x00000021,
    0x001A0000, 0x00000000, 0x00070000, 0x0021FFE8, 0x00000000, 0x00000001, 0x00000021, 0xFFE80000,
    0x00000000, 0x000E0000, 0x0021FFE8, 0x00000000, 0x0000000A, 0x00000021, 0xFFE80000, 0x00000000,
    0x00030000, 0x0021FFE8, 0x00000000, 0x00000007, 0x00000021, 0xFFE80000, 0x00000000, 0x00050000,
    0x0021FFE8, 0x00000000, 0x00000003, 0x00000021, 0xFFE80000, 0x00000000, 0x00070000, 0x0021FFE8,
    0x00000000, 0x00000005, 0x00000021, 0xFFE80000, 0x00000000, 0x00030000, 0x0021FFE8, 0x00000000,
    0x00000007, 0x0000000F, 0x00120000, 0x0000FFFE, 0x00010000, 0x000F0012, 0x00000000, 0x0000000E,
    0x0000000F, 0x00120000, 0x00000000, 0x000A0000, 0x000F0012, 0x00000000, 0x00000003, 0x0000000F,
    0x00120000, 0x00000000, 0x00070000, 0x000F0012, 0x00000000, 0x00000005, 0x0000000F, 0x00120000,
    0x00000000, 0x00030000, 0x000F0012, 0x00000000, 0x00000007, 0x0000000F, 0x00120000, 0x00000000,
    0x00050000, 0x000F0012, 0x00000000, 0x00000003, 0x0000000F, 0x00120000, 0x00000000, 0x00070000,
    0x003EFFFE, 0x017EFFCC, 0x00110001, 0x0000003E, 0xFFFE0011, 0xFE94FF50, 0x000E0000, 0x003EFFFE,
    0x0011FE94, 0xFF50000A, 0x0000003E, 0xFFFE0011, 0xFE94FF50, 0x00030000, 0x003EFFFE, 0x0011FE94,
    0xFF500007, 0x0000003E, 0xFFFE0011, 0xFE94FF50, 0x00050000, 0x003EFFFE, 0x0011FE94, 0xFF500003,
    0x0000003E, 0xFFFE0011, 0xFE94FF50, 0x00070000, 0x003EFFFE, 0x0011FE94, 0xFF500005, 0x0000003E,
    0xFFFE0011, 0xFE94FF50, 0x00030000, 0x003EFFFE, 0x0011FE94, 0xFF500007, 0x00000013, 0x0006002B,
    0xFFC8FFF9, 0x00010000, 0x00130006, 0xFF87FD39, 0xFFC2000E, 0x00000013, 0x0006FF87, 0xFD39FFC2,
    0x000A0000, 0x00130006, 0x014FFC20, 0xFFEA0003, 0x00000013, 0x0006FF87, 0xFD39FFC2, 0x00070000,
    0x00130006, 0xFF87FD39, 0xFFC20005, 0x00000013, 0x0006014F, 0xFC20FFEA, 0x00030000, 0x00130006,
    0xFF87FD39, 0xFFC20007, 0x00000013, 0x0006FF87, 0xFD39FFC2, 0x00050000, 0x00130006, 0x014FFC20,
    0xFFEA0003, 0x00000013, 0x0006FF87, 0xFD39FFC2, 0x00070000, 0x00050002, 0x00000000, 0x00000001,
    0x00000005, 0x00020000, 0x00000000, 0x000E0000, 0x00050002, 0x00000000, 0x0000000A, 0x00000005,
    0x00020000, 0x00000000, 0x00030000, 0x00050002, 0x00000000, 0x00000007, 0x00000005, 0x00020000,
    0x00000000, 0x00050000, 0x00050002, 0x00000000, 0x00000003, 0x00000005, 0x00020000, 0x00000000,
    0x00070000, 0x00050002, 0x00000000, 0x00000005, 0x00000005, 0x00020000, 0x00000000, 0x00030000,
    0x00050002, 0x00000000, 0x00000007, 0xFFDF002B, 0xFFFCFDB8, 0x0267018E, 0x0001FFDF, 0x002BFFFC,
    0xFD1FFBF4, 0xFDC9000E, 0xFFDF002B, 0xFFFCFD1F, 0xFBF4FDC9, 0x000AFFDF, 0x002BFFFC, 0xFB5BFA13,
    0xFD890003, 0xFFDF002B, 0xFFFCFD1F, 0xFBF4FDC9, 0x0007FFDF, 0x002BFFFC, 0xFD1FFBF4, 0xFDC90005,
    0xFFDF002B, 0xFFFCFB5B, 0xFA13FD89, 0x0003FFDF, 0x002BFFFC, 0xFD1FFBF4, 0xFDC90007, 0xFFDF002B,
    0xFFFCFD1F, 0xFBF4FDC9, 0x0005FFDF, 0x002BFFFC, 0xFB5BFA13, 0xFD890003, 0xFFDF002B, 0xFFFCFD1F,
    0xFBF4FDC9, 0x0007FFF5, 0xFFDD0001, 0xFEFC0150, 0x00470001, 0xFFF5FFDD, 0x0001FED1, 0xFCF10140,
    0x000EFFF5, 0xFFDD0001, 0xFED1FCF1, 0x0140000A, 0xFFF5FFDD, 0x0001FB89, 0xFFE0FED8, 0x0003FFF5,
    0xFFDD0001, 0xFED1FCF1, 0x01400007, 0xFFF5FFDD, 0x0001FED1, 0xFCF10140, 0x0005FFF5, 0xFFDD0001,
    0xFB89FFE0, 0xFED80003, 0xFFF5FFDD, 0x0001FED1, 0xFCF10140, 0x0007FFF5, 0xFFDD0001, 0xFED1FCF1,
    0x01400005, 0xFFF5FFDD, 0x0001FB89, 0xFFE0FED8, 0x0003FFF5, 0xFFDD0001, 0xFED1FCF1, 0x01400007,
    0x0001FFF0, 0x00210000, 0x00000000, 0x00010001, 0xFFF00021, 0x01C5FF90, 0xFECD000E, 0x0001FFF0,
    0x002101C5, 0xFF90FECD, 0x000A0001, 0xFFF00021, 0x01C5FF90, 0xFECD0003, 0x0001FFF0, 0x002101C5,
    0xFF90FECD, 0x00070001, 0xFFF00021, 0x01C5FF90, 0xFECD0005, 0x0001FFF0, 0x002101C5, 0xFF90FECD,
    0x00030001, 0xFFF00021, 0x01C5FF90, 0xFECD0007, 0x0001FFF0, 0x002101C5, 0xFF90FECD, 0x00050001,
    0xFFF00021, 0x01C5FF90, 0xFECD0003, 0x0001FFF0, 0x002101C5, 0xFF90FECD, 0x00070003, 0xFFF90007,
    0x00000000, 0xFF710001, 0x0003FFF9, 0x00070000, 0x00000000, 0x000E0003, 0xFFF90007, 0x00000000,
    0x0000000A, 0x0003FFF9, 0x00070000, 0x00000000, 0x00030003, 0xFFF90007, 0x00000000, 0x00000007,
    0x0003FFF9, 0x00070000, 0x00000000, 0x00050003, 0xFFF90007, 0x00000000, 0x00000003, 0x0003FFF9,
    0x00070000, 0x00000000, 0x00070003, 0xFFF90007, 0x00000000, 0x00000005, 0x0003FFF9, 0x00070000,
    0x00000000, 0x00030003, 0xFFF90007, 0x00000000, 0x00000007, 0x000BFFFB, 0x00260000, 0x0000FFEC,
    0x0001000B, 0xFFFB0026, 0x00000000, 0x0000000E, 0x000BFFFB, 0x00260000, 0x00000000, 0x000A000B,
    0xFFFB0026, 0x00000000, 0x00000003, 0x000BFFFB, 0x00260000, 0x00000000, 0x0007000B, 0xFFFB0026,
    0x00000000, 0x00000005, 0x000BFFFB, 0x00260000, 0x00000000, 0x0003000B, 0xFFFB0026, 0x00000000,
    0x00000007, 0x000BFFFB, 0x00260000, 0x00000000, 0x0005000B, 0xFFFB0026, 0x00000000, 0x00000003,
    0x000BFFFB, 0x00260000, 0x00000000, 0x00070023, 0x002BFFFC, 0xFDB5FCE3, 0x000C0001, 0x0023002B,
    0xFFFC0112, 0x01F60381, 0x000E0023, 0x002BFFFC, 0x011201F6, 0x0381000A, 0x0023002B, 0xFFFC00ED,
    0x00BF01DC, 0x00030023, 0x002BFFFC, 0x011201F6, 0x03810007, 0x0023002B, 0xFFFC0112, 0x01F60381,
    0x00050023, 0x002BFFFC, 0x00ED00BF, 0x01DC0003, 0x0023002B, 0xFFFC0112, 0x01F60381, 0x00070023,
    0x002BFFFC, 0x011201F6, 0x03810005, 0x0023002B, 0xFFFC00ED, 0x00BF01DC, 0x00030023, 0x002BFFFC,
    0x011201F6, 0x03810007, 0x000BFFDD, 0x00030240, 0x003C00B8, 0x0001000B, 0xFFDD0003, 0xFF6A01E2,
    0x004E000E, 0x000BFFDD, 0x0003FF6A, 0x01E2004E, 0x000A000B, 0xFFDD0003, 0xFB1EFFE2, 0x012B0003,
    0x000BFFDD, 0x0003FF6A, 0x01E2004E, 0x0007000B, 0xFFDD0003, 0xFF6A01E2, 0x004E0005, 0x000BFFDD,
    0x0003FB1E, 0xFFE2012B, 0x0003000B, 0xFFDD0003, 0xFF6A01E2, 0x004E0007, 0x000BFFDD, 0x0003FF6A,
    0x01E2004E, 0x0005000B, 0xFFDD0003, 0xFB1EFFE2, 0x012B0003, 0x000BFFDD, 0x0003FF6A, 0x01E2004E,
    0x0007FFFB, 0xFFEF001F, 0x00000000, 0x00000001, 0xFFFBFFEF, 0x001F0000, 0x00000000, 0x000EFFFB,
    0xFFEF001F, 0x00000000, 0x0000000A, 0xFFFBFFEF, 0x001F0000, 0x00000000, 0x0003FFFB, 0xFFEF001F,
    0x00000000, 0x00000007, 0xFFFBFFEF, 0x001F0000, 0x00000000, 0x0005FFFB, 0xFFEF001F, 0x00000000,
    0x00000003, 0xFFFBFFEF, 0x001F0000, 0x00000000, 0x0007FFFB, 0xFFEF001F, 0x00000000, 0x00000005,
    0xFFFBFFEF, 0x001F0000, 0x00000000, 0x0003FFFB, 0xFFEF001F, 0x00000000, 0x00000007, 0x00000000,
    0x00000000, 0x00000020, 0x00000002, 0x00020002, 0x00040002, 0x00060002, 0x00080002, 0x000A0002,
    0x000C0002, 0x000E0002, 0x00100002, 0x00120002, 0x00140002, 0x00160002, 0x00180002, 0x001A0002,
    0x001C0002, 0x001E0002, 0x00000000, 0x0000FFDC, 0xFFFD0000, 0x00000000, 0x00010000, 0xFFDCFFFD,
    0x00000000, 0x0000001D, 0x00000012, 0x00040000, 0x00000000, 0x00010000, 0x00120004, 0x00000000,
    0x0000001D, 0x00000027, 0x001A0000, 0x00000000, 0x00010000, 0x0021001A, 0x00000000, 0x0000001D,
    0x00000021, 0xFFE80000, 0x00000000, 0x00010000, 0x0021FFE8, 0x00000000, 0x0000001D, 0x0000000F,
    0x00120000, 0x00000000, 0x00010000, 0x000F0012, 0x00000000, 0x0000001D, 0x0000003E, 0xFFFE0000,
    0x00000000, 0x00010000, 0x003EFFFE, 0x00000000, 0x0000001D, 0x00000013, 0x00060000, 0x00000000,
    0x00010000, 0x00130006, 0x00000000, 0x0000001D, 0x00000005, 0x00020000, 0x00000000, 0x00010000,
    0x00050002, 0x00000000, 0x0000001D, 0xFFDF002B, 0xFFFCFB2B, 0x0345FDD3, 0x0001FFDF, 0x002BFFFC,
    0xFBC502CC, 0xFD7A001D, 0xFFF5FFDD, 0x0001FFE3, 0x003B056C, 0x0001FFF5, 0xFFDD0001, 0xFED6021F,
    0x0646001D, 0x0001FFF0, 0x00210000, 0x00000000, 0x00010001, 0xFFF00021, 0xFFFCFE84, 0xFFB3001D,
    0x0003FFF9, 0x00070000, 0x00000000, 0x00010003, 0xFFF90007, 0x00000000, 0x0000001D, 0x000BFFFB,
    0x00260000, 0x00000000, 0x0001000B, 0xFFFB0026, 0x00000000, 0x0000001D, 0x0023002B, 0xFFFCFE7E,
    0x0002FFF3, 0x00010023, 0x002BFFFC, 0x006A0000, 0xFFF3001D, 0x000BFFDD, 0x0003F973, 0x0061FF96,
    0x0001000B, 0xFFDD0003, 0xF8C90061, 0xFF96001D, 0xFFFBFFEF, 0x001FFE3C, 0xFFB1F657, 0x0001FFFB,
    0xFFEF001F, 0xFE3CFFB1, 0xF657001D, 0x00000000, 0x00000000, 0x00000020, 0x00000002, 0x00020002,
    0x00040002, 0x00060002, 0x00080002, 0x000A0002, 0x000C0002, 0x000E0002, 0x00100002, 0x00120002,
    0x00140002, 0x00160002, 0x00180002, 0x001A0002, 0x001C0002, 0x001E0002, 0x00000000, 0x00000000,
    0x00000000, 0x00000000, 0x00010000, 0x00000000, 0x00000000, 0x00000013, 0x00000012, 0x00040000,
    0x00000000, 0x00010000, 0x00120004, 0x00000000, 0x00000013, 0x00000021, 0x001A0000, 0x00000000,
    0x00010000, 0x0021001A, 0x00000000, 0x00000013, 0x00000021, 0xFFE80000, 0x00000000, 0x00010000,
    0x0021FFE8, 0x00000000, 0x00000013, 0x0000000F, 0x00120000, 0x00000000, 0x00010000, 0x000F0012,
    0x00000000, 0x00000013, 0x0000003E, 0xFFFE0000, 0x00000000, 0x00010000, 0x003EFFFE, 0x00000000,
    0x00000013, 0x00000013, 0x00060000, 0x00000000, 0x00010000, 0x00130006, 0x00000000, 0x00000013,
    0x00000005, 0x0002FEFE, 0x00000000, 0x00010000, 0x00050002, 0xFFEE0000, 0x00000013, 0xFFDF002B,
    0xFFFCFA17, 0x0165FDA2, 0x0001FFDF, 0x002BFFFC, 0xFA950162, 0xFDAC0013, 0xFFF5FFDD, 0x0001FBC8,
    0x016E01E5, 0x0001FFF5, 0xFFDD0001, 0xFB9B01B3, 0x01D90013, 0x0001FFF0, 0x0021FE48, 0xFD38018C,
    0x00010001, 0xFFF00021, 0xFE48FD38, 0x018C0013, 0x0003FFF9, 0x0007FF71, 0x00E5FFFE, 0x00010003,
    0xFFF90007, 0xFF7100E5, 0xFFFE0013, 0x000BFFFB, 0x00260000, 0x00000000, 0x0001000B, 0xFFFB0026,
    0x00000000, 0x00000013, 0x0023002B, 0xFFFC0000, 0x00000000, 0x00010023, 0x002BFFFC, 0x00000000,
    0x00000013, 0x000BFFDD, 0x00030000, 0x00000000, 0x0001000B, 0xFFDD0003, 0x00000000, 0x00000013,
    0xFFFBFFEF, 0x001F0000, 0x00000000, 0x0001FFFB, 0xFFEF001F, 0x00000000, 0x00000013, 0x00000000,
    0x00000000, 0x00000020, 0x00000002, 0x00020002, 0x00040002, 0x00060002, 0x00080002, 0x000A0002,
    0x000C0002, 0x000E0002, 0x00100002, 0x00120002, 0x00140002, 0x00160002, 0x00180002, 0x001A0002,
    0x001C0002, 0x001E0002, 0x00000000, 0x0000FFDC, 0xFFFD0000, 0x00000000, 0x00010000, 0xFFDCFFFD,
    0x00000000, 0x0000001D, 0x00000012, 0x00040000, 0x00000000, 0x00010000, 0x00120004, 0x00000000,
    0x0000001D, 0x00000021, 0x001A0000, 0x00000000, 0x00010000, 0x0021001A, 0x00000000, 0x0000001D,
    0x0000002B, 0xFFE80000, 0x00000000, 0x00010000, 0x0021FFE8, 0x00000000, 0x0000001D, 0x0000000F,
    0x00120000, 0x00000000, 0x00010000, 0x000F0012, 0x00000000, 0x0000001D, 0x0000003E, 0xFFFE0000,
    0x00000000, 0x00010000, 0x003EFFFE, 0x00000000, 0x0000001D, 0x00000013, 0x00060000, 0x00000000,
    0x00010000, 0x00130006, 0x00000000, 0x0000001D, 0x00000005, 0x00020000, 0x00000000, 0x00010000,
    0x00050002, 0x00000000, 0x0000001D, 0xFFDF002B, 0xFFFC0000, 0x0000FD4A, 0x0001FFDF, 0x002BFFFC,
    0x00000000, 0x0000001D, 0xFFF5FFDD, 0x0001F899, 0x00000000, 0x0001FFF5, 0xFFDD0001, 0xF8990000,
    0x0000001D, 0x0001FFF0, 0x00210000, 0x00000000, 0x00010001, 0xFFF00021, 0x00000000, 0x0000001D,
    0x0003FFF9, 0x00070000, 0x00000000, 0x00010003, 0xFFF90007, 0x00000000, 0x0000001D, 0x000BFFFB,
    0x00260000, 0x00000000, 0x0001000B, 0xFFFB0026, 0x00000000, 0x0000001D, 0x0023002B, 0xFFFCFFD3,
    0x000002B1, 0x00010023, 0x002BFFFC, 0xFFD30000, 0x0000001D, 0x000BFFDD, 0x0003F892, 0x00000000,
    0x0001000B, 0xFFDD0003, 0xF8920000, 0x0000001D, 0xFFFBFFEF, 0x001F0000, 0x00000000, 0x0001FFFB,
    0xFFEF001F, 0x00000000, 0x0000001D, 0x00000000, 0x00000000, 0x00000040, 0x00000004, 0x00040004,
    0x00080004, 0x000C0004, 0x00100004, 0x00140004, 0x00180004, 0x001C0004, 0x00200004, 0x00240004,
    0x00280004, 0x002C0004, 0x00300004, 0x00340004, 0x00380004, 0x003C0004, 0x00000000, 0x00000000,
    0x00000000, 0x00000000, 0x00010000, 0x00000000, 0x00000000, 0x0000000D, 0x00000000, 0x00000000,
    0x00000000, 0x00070000, 0x00000000, 0x00000000, 0x00000018, 0x00000012, 0x00040000, 0x00000000,
    0x00010000, 0x00120004, 0x00000000, 0x0000000D, 0x00000012, 0x00040000, 0x00000000, 0x00070000,
    0x00120004, 0x00000000, 0x00000018, 0x00000021, 0x001A0000, 0x00000000, 0x00010000, 0x0021001A,
    0x00000000, 0x0000000D, 0x00000021, 0x001A0000, 0x00000000, 0x00070000, 0x0021001A, 0x00000000,
    0x00000018, 0x00000021, 0xFFE80000, 0x00000000, 0x00010000, 0x0021FFE8, 0x00000000, 0x0000000D,
    0x00000021, 0xFFE80000, 0x00000000, 0x00070000, 0x0021FFE8, 0x00000000, 0x00000018, 0x0000000F,
    0x00120000, 0x00000000, 0x00010000, 0x000F0012, 0x00000000, 0x0000000D, 0x0000000F, 0x00120000,
    0x00000000, 0x00070000, 0x000F0012, 0x00000000, 0x00000018, 0x0000003E, 0xFFFE0000, 0x00000000,
    0x00010000, 0x003EFFFE, 0x00000000, 0x0000000D, 0x0000003E, 0xFFFE0000, 0x00000000, 0x00070000,
    0x003EFFFE, 0x00000000, 0x00000018, 0x00000013, 0x00060000, 0x00000000, 0x00010000, 0x00130006,
    0xFE0C0106, 0xFFEC000D, 0x00000013, 0x0006FE0C, 0x0106FFEC, 0x00070000, 0x00130006, 0x00440752,
    0x023F0018, 0x00000005, 0x00020000, 0x00000000, 0x00010000, 0x00050002, 0x00000000, 0x0000000D,
    0x00000005, 0x00020000, 0x00000000, 0x00070000, 0x00050002, 0x00000000, 0x00000018, 0xFFDF002B,
    0xFFFCFC21, 0x04230138, 0x0001FFDF, 0x002BFFFC, 0xFC210423, 0x0138000D, 0xFFDF002B, 0xFFFCFC21,
    0x04230138, 0x0007FFDF, 0x002BFFFC, 0xFC210423, 0x01380018, 0xFFF5FFDD, 0x00010089, 0x00B9FF71,
    0x0001FFF5, 0xFFDD0001, 0x008900B9, 0xFF71000D, 0xFFF5FFDD, 0x00010089, 0x00B9FF71, 0x0007FFF5,
    0xFFDD0001, 0x008900B9, 0xFF710018, 0x0001FFF0, 0x002100B3, 0x043F0010, 0x00010001, 0xFFF00021,
    0x00B3043F, 0x0010000D, 0x0001FFF0, 0x002100B3, 0x043F0010, 0x00070001, 0xFFF00021, 0x00B3043F,
    0x00100018, 0x0003FFF9, 0x00070000, 0x00000000, 0x00010003, 0xFFF90007, 0x00000000, 0x0000000D,
    0x0003FFF9, 0x00070000, 0x00000000, 0x00070003, 0xFFF90007, 0x00000000, 0x00000018, 0x000BFFFB,
    0x00260000, 0x00000000, 0x0001000B, 0xFFFB0026, 0x00000000, 0x0000000D, 0x000BFFFB, 0x00260000,
    0x00000000, 0x0007000B, 0xFFFB0026, 0x00000000, 0x00000018, 0x0023002B, 0xFFFCFCAC, 0xFD0C004D,
    0x00010023, 0x002BFFFC, 0xFCACFD0C, 0x004D000D, 0x0023002B, 0xFFFCFCAC, 0xFD0C004D, 0x00070023,
    0x002BFFFC, 0xFCACFD0C, 0x004D0018, 0x000BFFDD, 0x000303E0, 0xFF75FF2D, 0x0001000B, 0xFFDD0003,
    0x03E0FF75, 0xFF2D000D, 0x000BFFDD, 0x000303E0, 0xFF75FF2D, 0x0007000B, 0xFFDD0003, 0x03E0FF75,
    0xFF2D0018, 0xFFFBFFEF, 0x001F0000, 0x00000000, 0x0001FFFB, 0xFFEF001F, 0x00000000, 0x0000000D,
    0xFFFBFFEF, 0x001F0000, 0x00000000, 0x0007FFFB, 0xFFEF001F, 0x00000000, 0x00000018, 0x00000000,
    0x00000000, 0x00000120, 0x00000012, 0x00120012, 0x00240012, 0x00360012, 0x00480012, 0x005A0012,
    0x006C0012, 0x007E0012, 0x00900012, 0x00A20012, 0x00B40012, 0x00C60012, 0x00D80012, 0x00EA0012,
    0x00FC0012, 0x010E0012, 0x00000000, 0x00000000, 0x00000000, 0x00000000, 0x00010000, 0x00000000,
    0x00000000, 0x0000001D, 0x00000000, 0x00000000, 0x00000000, 0x000C0000, 0x00000000, 0x00000000,
    0x0000000C, 0x00000000, 0x00000000, 0x00000000, 0x000A0000, 0x00000000, 0x00000000, 0x00000006,
    0x00000000, 0x00000000, 0x00000000, 0x00080000, 0xFFFD0034, 0x00C50000, 0x00000007, 0x00000000,
    0x00590000, 0x00000000, 0x00050000, 0x00000059, 0x00000000, 0x0000000A, 0x00000000, 0x00590000,
    0x00000000, 0x000A0000, 0x00000059, 0x00000000, 0x00000009, 0x00000000, 0x00590000, 0x00000000,
    0x00070000, 0x00000059, 0x00000000, 0x00000006, 0x00000000, 0x00590000, 0x00000000, 0x00060044,
    0x00000059, 0x00000138, 0xFF9F000C, 0x00B1FFFA, 0x00440000, 0x0138FF9F, 0x000A010E, 0x00000059,
    0x00000138, 0xFF9F000A, 0x00000012, 0x00040000, 0x00000000, 0x00010000, 0x00120004, 0x00000000,
    0x0000001D, 0x00000012, 0x00040000, 0x00000000, 0x000C0000, 0x00120004, 0x00000000, 0x0000000C,
    0x00000012, 0x00040000, 0x00000000, 0x000A0000, 0x00120004, 0x00000000, 0x00000006, 0x00000012,
    0x00040000, 0x00000000, 0x00080000, 0x00120004, 0x00000000, 0x00000007, 0x00000012, 0x00040000,
    0x00000000, 0x00050000, 0x00120004, 0x0137FEBE, 0x0000000A, 0x00000012, 0x00040137, 0xFEBE0000,
    0x000A0000, 0x00120004, 0x0137031B, 0x00000009, 0x00000012, 0x00040137, 0x031B0000, 0x00070000,
    0x00120004, 0x013702DD, 0x00000006, 0x00000012, 0x00040137, 0x02DD0000, 0x00060000, 0x00120004,
    0x01E90390, 0x0000000C, 0x00000012, 0x000401E9, 0x03900000, 0x000A0000, 0x00120004, 0x01E90390,
    0x0000000A, 0x00000021, 0x001A0000, 0x00000000, 0x00010000, 0x0021001A, 0x00000000, 0x0000001D,
    0x00000021, 0x001A0000, 0x00000000, 0x000C0000, 0x0021001A, 0x00000000, 0x0000000C, 0x00000021,
    0x001A0000, 0x00000000, 0x000A0000, 0x0021001A, 0x00000000, 0x00000006, 0x00000021, 0x001A0000,
    0x00000000, 0x00080000, 0x0021001A, 0x00000000, 0x00000007, 0x00000021, 0x001A0000, 0x00000000,
    0x00050000, 0x0021001A, 0x00000000, 0x0000000A, 0x00000021, 0x001A0000, 0x00000000, 0x000A0000,
    0x0021001A, 0x00000000, 0x00000009, 0x00000021, 0x001A0000, 0x00000000, 0x00070000, 0x0021001A,
    0x00000000, 0x00000006, 0x00000021, 0x001A0000, 0x00000000, 0x00060000, 0x0021001A, 0x00000000,
    0x0000000C, 0x00000021, 0x001A0000, 0x00000000, 0x000A0000, 0x0021001A, 0x00000000, 0x0000000A,
    0x00000021, 0xFFE80000, 0x00000000, 0x00010000, 0x0021FFE8, 0x00000000, 0x0000001D, 0x00000021,
    0xFFE80000, 0x00000000, 0x000C0000, 0x0021FFE8, 0x00000000, 0x0000000C, 0x00000021, 0xFFE80000,
    0x00000000, 0x000A0000, 0x0021FFE8, 0x00000000, 0x00000006, 0x00000021, 0xFFE80000, 0x00000000,
    0x00080000, 0x0021FFE8, 0x00000000, 0x00000007, 0x00000021, 0xFFE80000, 0x00000000, 0x00050000,
    0x0021FFE8, 0x00000000, 0x0000000A, 0x00000021, 0xFFE80000, 0x00000000, 0x000A0000, 0x0021FFE8,
    0x00000000, 0x00000009, 0x00000021, 0xFFE80000, 0x00000000, 0x00070000, 0x0021FFE8, 0x00000000,
    0x00000006, 0x00000021, 0xFFE80000, 0x00000000, 0x00060000, 0x0021FFE8, 0x00000000, 0x0000000C,
    0x00000021, 0xFFE80000, 0x00000000, 0x000A0000, 0x0021FFE8, 0x00000000, 0x0000000A, 0x0000000F,
    0x00120000, 0x00000000, 0x00010000, 0x000F0012, 0x00000000, 0x0000001D, 0x0000000F, 0x00120000,
    0x00000000, 0x000C0000, 0x000F0012, 0x00000000, 0x0000000C, 0x0000000F, 0x00120000, 0x00000000,
    0x000A0000, 0x000F0012, 0x00000000, 0x00000006, 0x0000000F, 0x00120000, 0x00000000, 0x00080000,
    0x000F0012, 0x00000000, 0x00000007, 0x0000000F, 0x00120000, 0x00000000, 0x00050000, 0x000F0012,
    0x00000000, 0x0000000A, 0x0000000F, 0x00120000, 0x00000000, 0x000A0000, 0x000F0012, 0x00000000,
    0x00000009, 0x0000000F, 0x00120000, 0x00000000, 0x00070000, 0x000F0012, 0x00000000, 0x00000006,
    0x0000000F, 0x00120000, 0x00000000, 0x00060000, 0x000F0012, 0x00000000, 0x0000000C, 0x0000000F,
    0x00120000, 0x00000000, 0x000A0000, 0x000F0012, 0x00000000, 0x0000000A, 0x0000003E, 0xFFFE0103,
    0x00000000, 0x00010000, 0x003EFFFE, 0xFFD90000, 0x0000001D, 0x0000003E, 0xFFFEFF5D, 0x00000000,
    0x000C0000, 0x003EFFFE, 0xFF5D0000, 0x0000000C, 0x0000003E, 0xFFFEFF5D, 0x00000000, 0x000A0000,
    0x003EFFFE, 0xFF5D0000, 0x00000006, 0x0000003E, 0xFFFEFF5D, 0x00000000, 0x00080000, 0x003EFFFE,
    0xFF5D0000, 0x00000007, 0x0000003E, 0xFFFEFF5D, 0x00000000, 0x00050000, 0x003EFFFE, 0x0016FF81,
    0x0000000A, 0x0000003E, 0xFFFE0016, 0xFF810000, 0x000A0000, 0x003EFFFE, 0x0016006F, 0x00000009,
    0x0000003E, 0xFFFE0016, 0x006F0000, 0x00070000, 0x003EFFFE, 0x0016FFF5, 0x00000006, 0x0000003E,
    0xFFFE0016, 0xFFF50000, 0x00060000, 0x003EFFFE, 0x00160068, 0x0000000C, 0x0000003E, 0xFFFE0016,
    0x00680000, 0x000A0000, 0x003EFFFE, 0x00160068, 0x0000000A, 0x00000013, 0x0006006F, 0x00000000,
    0x00010000, 0x00130006, 0xFF3B0000, 0x0000001D, 0x00000013, 0x0006FEBB, 0x00000000, 0x000C0000,
    0x00130006, 0xFEBB0000, 0x0000000C, 0x00000013, 0x0006FEBB, 0x00000000, 0x000A0000, 0x00130006,
    0xFEBB0000, 0x00000006, 0x00000013, 0x0006FEBB, 0x00000000, 0x00080000, 0x00130006, 0xFEBB0000,
    0x00000007, 0x00000013, 0x0006FEBB, 0x00000000, 0x00050000, 0x00130006, 0xFEBBFE0E, 0x0000000A,
    0x00000013, 0x0006FEBB, 0xFE0E0000, 0x000A0000, 0x00130006, 0xFEBB0399, 0x00000009, 0x00000013,
    0x0006FEBB, 0x03990000, 0x00070000, 0x00130006, 0xFE9BFDB1, 0x00760006, 0x00000013, 0x0006FE9B,
    0xFDB10076, 0x00060000, 0x00130006, 0xFDA80278, 0xFF3F000C, 0x00000013, 0x0006FDA8, 0x0278FF3F,
    0x000A0000, 0x00130006, 0xFDA80278, 0xFF3F000A, 0x00000005, 0x00020000, 0x00000000, 0x00010000,
    0x00050002, 0x00000000, 0x0000001D, 0x00000005, 0x00020000, 0x00000000, 0x000C0000, 0x00050002,
    0x00000000, 0x0000000C, 0x00000005, 0x00020000, 0x00000000, 0x000A0000, 0x00050002, 0x00000000,
    0x00000006, 0x00000005, 0x00020000, 0x00000000, 0x00080000, 0x00050002, 0x00000000, 0x00000007,
    0x00000005, 0x00020000, 0x00000000, 0x00050000, 0x00050002, 0x00000000, 0x0000000A, 0x00000005,
    0x00020000, 0x00000000, 0x000A0000, 0x00050002, 0x00000000, 0x00000009, 0x00000005, 0x00020000,
    0x00000000, 0x00070000, 0x00050002, 0x00000000, 0x00000006, 0x00000005, 0x00020000, 0x00000000,
    0x00060000, 0x00050002, 0x00000000, 0x0000000C, 0x00000005, 0x00020000, 0x00000000, 0x000A0000,
    0x00050002, 0x00000000, 0x0000000A, 0xFFDF002B, 0xFFFC0000, 0x00000000, 0x0001FFDF, 0x002BFFFC,
    0xFE8501CD, 0xFF98001D, 0xFFDF002B, 0xFFFCFDE7, 0x028DFF6D, 0x000CFFDF, 0x002BFFFC, 0xFDE7028D,
    0xFF6D000C, 0xFFDF002B, 0xFFFCFDE7, 0x028DFF6D, 0x000AFFDF, 0x002BFFFC, 0xFDE7028D, 0xFF6D0006,
    0xFFDF002B, 0xFFFCFDE7, 0x028DFF6D, 0x0008FFDF, 0x002BFFFC, 0xFDE7028D, 0xFF6D0007, 0xFFDF002B,
    0xFFFCFDE7, 0x028DFF6D, 0x0005FFDF, 0x002BFFFC, 0xFDE7028D, 0xFF6D000A, 0xFFDF002B, 0xFFFCFDE7,
    0x028DFF6D, 0x000AFFDF, 0x002BFFFC, 0xFDE7028D, 0xFF6D0009, 0xFFDF002B, 0xFFFCFDE7, 0x028DFF6D,
    0x0007FFDF, 0x002BFFFC, 0xFDE7028D, 0xFF6D0006, 0xFFDF002B, 0xFFFCFDE7, 0x028DFF6D, 0x0006FFDF,
    0x002BFFFC, 0xFDE7028D, 0xFF6D000C, 0xFFDF002B, 0xFFFCFDE7, 0x028DFF6D, 0x000AFFDF, 0x002BFFFC,
    0xFDE7028D, 0xFF6D000A, 0xFFF5FFDD, 0x0001044B, 0x00000000, 0x0001FFF5, 0xFFDD0001, 0xFFF00163,
    0xFFFD001D, 0xFFF5FFDD, 0x0001FE23, 0x01F6FFFC, 0x000CFFF5, 0xFFDD0001, 0xFE2301F6, 0xFFFC000C,
    0xFFF5FFDD, 0x0001FE23, 0x01F6FFFC, 0x000AFFF5, 0xFFDD0001, 0xFE2301F6, 0xFFFC0006, 0xFFF5FFDD,
    0x0001FE23, 0x01F6FFFC, 0x0008FFF5, 0xFFDD0001, 0xFE2301F6, 0xFFFC0007, 0xFFF5FFDD, 0x0001FE23,
    0x01F6FFFC, 0x0005FFF5, 0xFFDD0001, 0xFE2301F6, 0xFFFC000A, 0xFFF5FFDD, 0x0001FE23, 0x01F6FFFC,
    0x000AFFF5, 0xFFDD0001, 0xFE2301F6, 0xFFFC0009, 0xFFF5FFDD, 0x0001FE23, 0x01F6FFFC, 0x0007FFF5,
    0xFFDD0001, 0xFE2301F6, 0xFFFC0006, 0xFFF5FFDD, 0x0001FE23, 0x01F6FFFC, 0x0006FFF5, 0xFFDD0001,
    0xFE2301F6, 0xFFFC000C, 0xFFF5FFDD, 0x0001FE23, 0x01F6FFFC, 0x000AFFF5, 0xFFDD0001, 0xFE2301F6,
    0xFFFC000A, 0x0001FFF0, 0x00210000, 0x00000000, 0x00010001, 0xFFF00021, 0x0030002D, 0x030C001D,
    0x0001FFF0, 0x00210044, 0x003F044F, 0x000C0001, 0xFFF00021, 0x0044003F, 0x044F000C, 0x0001FFF0,
    0x00210044, 0x003F044F, 0x000A0001, 0xFFF00021, 0x0044003F, 0x044F0006, 0x0001FFF0, 0x00210044,
    0x003F044F, 0x00080001, 0xFFF00021, 0x0044003F, 0x044F0007, 0x0001FFF0, 0x00210044, 0x003F044F,
    0x00050001, 0xFFF00021, 0x0044003F, 0x044F000A, 0x0001FFF0, 0x00210044, 0x003F044F, 0x000A0001,
    0xFFF00021, 0x0044003F, 0x044F0009, 0x0001FFF0, 0x00210044, 0x003F044F, 0x00070001, 0xFFF00021,
    0x0044003F, 0x044F0006, 0x0001FFF0, 0x00210044, 0x003F044F, 0x00060001, 0xFFF00021, 0x0044003F,
    0x044F000C, 0x0001FFF0, 0x00210044, 0x003F044F, 0x000A0001, 0xFFF00021, 0x0044003F, 0x044F000A,
    0x0003FFF9, 0x00070000, 0x00000000, 0x00010003, 0xFFF90007, 0x00000000, 0x0000001D, 0x0003FFF9,
    0x00070000, 0x00000000, 0x000C0003, 0xFFF90007, 0x00000000, 0x0000000C, 0x0003FFF9, 0x00070000,
    0x00000000, 0x000A0003, 0xFFF90007, 0x00000000, 0x00000006, 0x0003FFF9, 0x00070000, 0x00000000,
    0x00080003, 0xFFF90007, 0x00000000, 0x00000007, 0x0003FFF9, 0x00070000, 0x00000000, 0x00050003,
    0xFFF90007, 0x00000000, 0x0000000A, 0x0003FFF9, 0x00070000, 0x00000000, 0x000A0003, 0xFFF90007,
    0x00000000, 0x00000009, 0x0003FFF9, 0x00070000, 0x00000000, 0x00070003, 0xFFF90007, 0x00000000,
    0x00000006, 0x0003FFF9, 0x00070000, 0x00000000, 0x00060003, 0xFFF90007, 0x00000000, 0x0000000C,
    0x0003FFF9, 0x00070000, 0x00000000, 0x000A0003, 0xFFF90007, 0x00000000, 0x0000000A, 0x000BFFFB,
    0x00260000, 0x00000000, 0x0001000B, 0xFFFB0026, 0x00000000, 0x0000001D, 0x000BFFFB, 0x00260000,
    0x00000000, 0x000C000B, 0xFFFB0026, 0x00000000, 0x0000000C, 0x0009FFFE, 0x00200000, 0x00000000,
    0x000A000B, 0xFFFB0026, 0x00000000, 0x00000006, 0x000BFFFB, 0x00260000, 0x00000000, 0x0008000B,
    0xFFFB0026, 0x00000000, 0x00000007, 0x000BFFFB, 0x00260000, 0x00000000, 0x0005000B, 0xFFFB0026,
    0x00000000, 0x0000000A, 0x000BFFFB, 0x00260000, 0x00000000, 0x000A000B, 0xFFFB0026, 0x00000000,
    0x00000009, 0x000BFFFB, 0x00260000, 0x00000000, 0x0007000B, 0xFFFB0026, 0x00000000, 0x00000006,
    0x000BFFFB, 0x00260000, 0x00000000, 0x0006000B, 0xFFFB0026, 0x00000000, 0x0000000C, 0x000BFFFB,
    0x00260000, 0x00000000, 0x000A000B, 0xFFFB0026, 0x00000000, 0x0000000A, 0x0023002B, 0xFFFC0000,
    0x00000000, 0x00010023, 0x002BFFFC, 0xFFED0000, 0x0000001D, 0x0023002B, 0xFFFCFFE5, 0x00000000,
    0x000C0023, 0x002BFFFC, 0xFFE50000, 0x0000000C, 0x0023002B, 0xFFFCFFE5, 0xFFB50000, 0x000A0023,
    0x002BFFFC, 0xFFE50000, 0x00000006, 0x0023002B, 0xFFFCFFE5, 0x00000000, 0x00080023, 0x002BFFFC,
    0xFFE50000, 0x00000007, 0x0023002B, 0xFFFCFFE5, 0x00000000, 0x00050023, 0x002BFFFC, 0xFFE50000,
    0x0000000A, 0x0023002B, 0xFFFCFFE5, 0x00000000, 0x000A0023, 0x002BFFFC, 0xFFE50000, 0x00000009,
    0x0023002B, 0xFFFCFFE5, 0x00000000, 0x00070023, 0x002BFFFC, 0xFFE50000, 0x00000006, 0x0023002B,
    0xFFFCFFE5, 0x00000000, 0x00060023, 0x002BFFFC, 0xFFE50000, 0x0000000C, 0x0023002B, 0xFFFCFFE5,
    0x00000000, 0x000A0023, 0x002BFFFC, 0xFFE50000, 0x0000000A, 0x000BFFDD, 0x0003049D, 0x00000000,
    0x0001000B, 0xFFDE0004, 0x0508022B, 0x0013001D, 0x000BFFDE, 0x0004FAED, 0xFE92FD08, 0x000C000B,
    0xFFDE0004, 0xFAEDFE92, 0xFD08000C, 0x000BFFDE, 0x0004FAED, 0xFE05FD08, 0x000A000B, 0xFFDE0004,
    0xFAEDFE92, 0xFD080006, 0x000BFFDE, 0x0004FAED, 0xFE92FD08, 0x0008000B, 0xFFDE0004, 0xFAEDFE92,
    0xFD080007, 0x000BFFDE, 0x0004FAED, 0xFE92FD08, 0x0005000B, 0xFFDE0004, 0xFAEDFE92, 0xFD08000A,
    0x000BFFDE, 0x0004FAED, 0xFE92FD08, 0x000A000B, 0xFFDE0004, 0xFAEDFE92, 0xFD080009, 0x000BFFDE,
    0x0004FAED, 0xFE92FD08, 0x0007000B, 0xFFDE0004, 0xFAEDFE92, 0xFD080006, 0x000BFFDE, 0x0004FAED,
    0xFE92FD08, 0x0006000B, 0xFFDE0004, 0xFAEDFE92, 0xFD08000C, 0x000BFFDE, 0x0004FAED, 0xFE92FD08,
    0x000A000B, 0xFFDE0004, 0xFAEDFE92, 0xFD08000A, 0xFFFBFFEF, 0x001F0000, 0x00000000, 0x0001FFFB,
    0xFFEF001F, 0x00480085, 0xFCE5001D, 0xFFFBFFEF, 0x001F0066, 0x00BCFB9C, 0x000CFFFB, 0xFFEF001F,
    0x006600BC, 0xFB9C000C, 0xFFFBFFEF, 0x001F011E, 0x0216FC5C, 0x000AFFFB, 0xFFEF001F, 0x006600BC,
    0xFB9C0006, 0xFFFBFFEF, 0x001F0066, 0x00BCFB9C, 0x0008FFFB, 0xFFEF001F, 0x006600BC, 0xFB9C0007,
    0xFFFBFFEF, 0x001F0066, 0x00BCFB9C, 0x0005FFFB, 0xFFEF001F, 0x006600BC, 0xFB9C000A, 0xFFFBFFEF,
    0x001F0066, 0x00BCFB9C, 0x000AFFFB, 0xFFEF001F, 0x006600BC, 0xFB9C0009, 0xFFFBFFEF, 0x001F0066,
    0x00BCFB9C, 0x0007FFFB, 0xFFEF001F, 0x006600BC, 0xFB9C0006, 0xFFFBFFEF, 0x001F0066, 0x00BCFB9C,
    0x0006FFFB, 0xFFEF001F, 0x006600BC, 0xFB9C000C, 0xFFFBFFEF, 0x001F0066, 0x00BCFB9C, 0x000AFFFB,
    0xFFEF001F, 0x006600BC, 0xFB9C000A, 0x00000000, 0x00000000, 0x00000060, 0x00000006, 0x00060006,
    0x000C0006, 0x00120006, 0x00180006, 0x001E0006, 0x00240006, 0x002A0006, 0x00300006, 0x00360006,
    0x003C0006, 0x00420006, 0x00480006, 0x004E0006, 0x00540006, 0x005A0006, 0x00000000, 0x00000000,
    0x00000000, 0x00000000, 0x00010000, 0x00000000, 0x00000000, 0x00000009, 0x00000001, 0x00390000,
    0x00000000, 0x00060000, 0xFFF80054, 0x01850000, 0x00000008, 0x0000FFFE, 0x005E0185, 0x00000000,
    0x000A0000, 0xFFFE0063, 0x01850000, 0x0000000C, 0x00000012, 0x00040000, 0x00000000, 0x00010000,
    0x00120004, 0x0080FD29, 0xFF9A0009, 0x00000012, 0x000401CF, 0x036C00FE, 0x00060000, 0x00120004,
    0xFE0E0083, 0xFFB50008, 0x00000012, 0x0004FE0E, 0x0083FFB5, 0x000A0000, 0x00120004, 0xFE0C0081,
    0xFFB3000C, 0x00000021, 0x001A0000, 0x00000000, 0x00010000, 0x0021001A, 0x00000000, 0x00000009,
    0x00000021, 0x001A0000, 0x00000000, 0x00060000, 0x0021001A, 0x00000000, 0x00000008, 0x00000021,
    0x001A0000, 0x00000000, 0x000A0000, 0x0021001A, 0x00000000, 0x0000000C, 0x00000021, 0xFFE80000,
    0x00000000, 0x00010000, 0x0021FFE8, 0x00000000, 0x00000009, 0x00000021, 0xFFE80000, 0x00000000,
    0x00060000, 0x0021FFE8, 0x00000000, 0x00000008, 0x00000021, 0xFFE80000, 0x00000000, 0x000A0000,
    0x0021FFE8, 0x00000000, 0x0000000C, 0x0000000F, 0x00120000, 0x00000000, 0x00010000, 0x000F0012,
    0x00000000, 0x00000009, 0x0000000F, 0x00120000, 0x00000000, 0x00060000, 0x000F0012, 0x00000000,
    0x00000008, 0x0000000F, 0x00120000, 0x00000000, 0x000A0000, 0x000F0012, 0x00000000, 0x0000000C,
    0x0000003E, 0xFFFE0000, 0x00000000, 0x00010000, 0x003EFFFE, 0x00080021, 0x000E0009, 0x0000003E,
    0xFFFEFD3B, 0x0057FFB7, 0x00060000, 0x003EFFFE, 0x026200E1, 0x000C0008, 0x0000003E, 0xFFFE0262,
    0x00E1000C, 0x000A0000, 0x003EFFFE, 0x025C00E0, 0x0017000C, 0x00000013, 0x00060000, 0x00000000,
    0x00010000, 0x00130006, 0x006F02C7, 0x01760009, 0x00000013, 0x0006FC7F, 0x0007FF69, 0x00060000,
    0x00130006, 0xFF2500F3, 0xFFFF0008, 0x00000013, 0x0006FD1B, 0x00E2FFE1, 0x000A0000, 0x00130006,
    0xFCEE03E6, 0xFF5C000C, 0x00000005, 0x00020000, 0x00000000, 0x00010000, 0x00050002, 0x00000000,
    0x00000009, 0x00000005, 0x00020000, 0x00000000, 0x00060000, 0x00050002, 0x00000000, 0x00000008,
    0x00000005, 0x00020000, 0x00000000, 0x000A0000, 0x00050002, 0x00000000, 0x0000000C, 0xFFDF002B,
    0xFFFC00CD, 0xFF3EFF3F, 0x0001FFDF, 0x002BFFFC, 0xFFC4FF42, 0x00250009, 0xFFDF002B, 0xFFFCFF48,
    0xFEEEFDD6, 0x0006FFDF, 0x002BFFFC, 0xFB6403A1, 0x00210008, 0xFFDF002B, 0xFFFCFB64, 0x03A10021,
    0x000AFFDF, 0x002BFFFC, 0xFB4C03B3, 0xFFE6000C, 0xFFF5FFDD, 0x000101D8, 0xFF430192, 0x0001FFF5,
    0xFFDD0001, 0x0044FF2C, 0x02B00009, 0xFFF5FFDD, 0x0001009E, 0xFF2D01C3, 0x0006FFF5, 0xFFDD0001,
    0x00DC00E3, 0x02B80008, 0xFFF5FFDD, 0x000100DC, 0x00E302B8, 0x000AFFF5, 0xFFDD0001, 0x00BF00C6,
    0x02C4000C, 0x0001FFF0, 0x00210000, 0x00000000, 0x00010001, 0xFFF00021, 0x0004FFFB, 0x00020009,
    0x0001FFF0, 0x00210000, 0x00000000, 0x00060001, 0xFFF00021, 0x01C00113, 0x000D0008, 0x0001FFF0,
    0x002101C0, 0x0113000D, 0x000A0001, 0xFFF00021, 0x01B8010B, 0x001F000C, 0x0003FFF9, 0x00070000,
    0x00000000, 0x00010003, 0xFFF90007, 0xFFF40007, 0xFFE20009, 0x0003FFF9, 0x00070000, 0x00000000,
    0x00060003, 0xFFF90007, 0x00000000, 0x00000008, 0x0003FFF9, 0x00070000, 0x00000000, 0x000A0003,
    0xFFF90007, 0x0009FFFB, 0xFFF0000C, 0x000BFFFB, 0x00260000, 0x00000000, 0x0001000B, 0xFFFB0026,
    0x00000000, 0xFFF80009, 0x000BFFFB, 0x00260000, 0x00000000, 0x0006000B, 0xFFFB0026, 0x00000000,
    0x00000008, 0x000BFFFB, 0x00260000, 0x00000000, 0x000A000B, 0xFFFB0026, 0x00000000, 0xFFF7000C,
    0x0023002B, 0xFFFCFF72, 0xFFDAFFD9, 0x00010023, 0x002BFFFC, 0xFFDD0210, 0xFFD00009, 0x0023002B,
    0xFFFCFA59, 0xFE07FFA9, 0x00060023, 0x002BFFFC, 0xFDAEFE67, 0xFFCB0008, 0x0023002B, 0xFFFCFDBF,
    0xFEAC0003, 0x000A0023, 0x002BFFFC, 0xFDBAFED0, 0xFFE8000C, 0x000BFFDD, 0x0003FD93, 0xFF1DFF57,
    0x0001000B, 0xFFDD0003, 0xFEAC0119, 0xFF6C0009, 0x000BFFDD, 0x0003054C, 0x016501C6, 0x0006000B,
    0xFFDD0003, 0xFF6F0072, 0x005A0008, 0x000BFFDD, 0x00030426, 0x0179011F, 0x000A000B, 0xFFDD0003,
    0x0427016B, 0x0126000C, 0xFFFBFFEF, 0x001F0000, 0x00000000, 0x0001FFFB, 0xFFEF001F, 0x00010000,
    0x00000009, 0xFFFBFFEF, 0x001F0000, 0x00000000, 0x0006FFFB, 0xFFEF001F, 0x00000000, 0x00000008,
    0xFFFBFFEF, 0x001F0000, 0x00000000, 0x000AFFFB, 0xFFEF001F, 0x0001FFF4, 0x000A000C, 0x00000000,
    0x00000000, 0x00000020, 0x00000002, 0x00020002, 0x00040002, 0x00060002, 0x00080002, 0x000A0002,
    0x000C0002, 0x000E0002, 0x00100002, 0x00120002, 0x00140002, 0x00160002, 0x00180002, 0x001A0002,
    0x001C0002, 0x001E0002, 0x00000000, 0x00000000, 0x000001C4, 0xFFE8001B, 0x00010000, 0x00000000,
    0x01C4FFE8, 0x001B0001, 0x00000012, 0x00040000, 0x00000000, 0x00010000, 0x00120004, 0x00000000,
    0x00000001, 0x00000021, 0x001A0000, 0x00000000, 0x00010000, 0x0021001A, 0x00000000, 0x00000001,
    0x00000021, 0xFFE80000, 0x00000000, 0x00010000, 0x0021FFE8, 0x00000000, 0x00000001, 0x0000000F,
    0x00120000, 0x0000FFFE, 0x00010000, 0x000F0012, 0x00000000, 0xFFFE0001, 0x0000003E, 0xFFFE017E,
    0xFFCC0011, 0x00010000, 0x003EFFFE, 0x017EFFCC, 0x00110001, 0x00000013, 0x0006002B, 0xFFC8FFF9,
    0x00010000, 0x00130006, 0x002BFFC8, 0xFFF90001, 0x00000005, 0x00020000, 0x00000000, 0x00010000,
    0x00050002, 0x00000000, 0x00000001, 0xFFDF002B, 0xFFFCFDB8, 0x0267018E, 0x0001FFDF, 0x002BFFFC,
    0xFDB80267, 0x018E0001, 0xFFF5FFDD, 0x0001FEFC, 0x01500047, 0x0001FFF5, 0xFFDD0001, 0xFEFC0150,
    0x00470001, 0x0001FFF0, 0x00210000, 0x00000000, 0x00010001, 0xFFF00021, 0x00000000, 0x00000001,
    0x0003FFF9, 0x00070000, 0x0000FF71, 0x00010003, 0xFFF90007, 0x00000000, 0xFF710001, 0x000BFFFB,
    0x00260000, 0x0000FFEC, 0x0001000B, 0xFFFB0026, 0x00000000, 0xFFEC0001, 0x0023002B, 0xFFFCFDB5,
    0xFCE3000C, 0x00010023, 0x002BFFFC, 0xFDB5FCE3, 0x000C0001, 0x000BFFDD, 0x00030240, 0x003C00B8,
    0x0001000B, 0xFFDD0003, 0x0240003C, 0x00B80001, 0xFFFBFFEF, 0x001F0000, 0x00000000, 0x0001FFFB,
    0xFFEF001F, 0x00000000, 0x00000001, 0x00000000, 0x00000000, 0x0000002D, 0x9B4A3200, 0x00000001,
    0x0000002D, 0x64180000, 0x00000019, 0x0000002D, 0x9B4A3200, 0x00000019, 0x0000002D, 0x64180000,
    0x00000019, 0x0000002D, 0x9B4A3200, 0x00000019, 0x8009BE50, 0x00000005, 0x05000000, 0x0000002D,
    0x1A100F00, 0x00000001, 0x0000002D, 0x00000000, 0x00000019, 0x0000002D, 0x1A100F00, 0x00000019,
    0x0000002D, 0x00000000, 0x00000019, 0x0000002D, 0x1A100F00, 0x00000019, 0x8009BE98, 0x00000005,
    0xFF000000, 0x3FD851EC, 0x004C00E6, 0x00800000, 0xDD040000, 0x01330000, 0x00000001, 0x3FD851EC,
    0x004C00E6, 0x00800000, 0xDD040000, 0x01330000, 0x0000000A, 0x3FD851EC, 0x004C00E6, 0x00800000,
    0xDD040000, 0x01330000, 0x00000015, 0x3FAAAAAB, 0xFFB400E6, 0x01190000, 0xDD040000, 0x01330000,
    0x0000002D, 0x8009BEE0, 0x00000004, 0x00000000, 0x00000000, 0x00000020, 0x00000002, 0x00020002,
    0x00040002, 0x00060002, 0x00080002, 0x000A0002, 0x000C0002, 0x000E0002, 0x00100002, 0x00120002,
    0x00140002, 0x00160002, 0x00180002, 0x001A0002, 0x001C0002, 0x001E0002, 0x00000000, 0x00000000,
    0x00000000, 0x00000000, 0x00010000, 0x00000000, 0x00000000, 0x00000001, 0x00000012, 0x00040000,
    0x00000000, 0x00010000, 0x00120004, 0x00000000, 0x00000001, 0x00000021, 0x001A0000, 0x00000000,
    0x00010000, 0x0021001A, 0x00000000, 0x00000001, 0x00000021, 0xFFE80000, 0x00000000, 0x00010000,
    0x0021FFE8, 0x00000000, 0x00000001, 0x0000000F, 0x00120000, 0x00000000, 0x00010000, 0x000F0012,
    0x00000000, 0x00000001, 0x0000003E, 0xFFFE0000, 0x00000000, 0x00010000, 0x003EFFFE, 0x00000000,
    0x00000001, 0x00000013, 0x00060000, 0x00000000, 0x00010000, 0x00130006, 0x00000000, 0x00000001,
    0x00000005, 0x00020000, 0x00000000, 0x00010000, 0x00050002, 0x00000000, 0x00000001, 0xFFDF002B,
    0xFFFC00CD, 0xFF3EFF3F, 0x0001FFDF, 0x002BFFFC, 0x00CDFF3E, 0xFF3F0001, 0xFFF5FFDD, 0x000101D8,
    0xFF430192, 0x0001FFF5, 0xFFDD0001, 0x01D8FF43, 0x01920001, 0x0001FFF0, 0x00210000, 0x00000000,
    0x00010001, 0xFFF00021, 0x00000000, 0x00000001, 0x0003FFF9, 0x00070000, 0x00000000, 0x00010003,
    0xFFF90007, 0x00000000, 0x00000001, 0x000BFFFB, 0x00260000, 0x00000000, 0x0001000B, 0xFFFB0026,
    0x00000000, 0x00000001, 0x0023002B, 0xFFFCFF72, 0xFFDAFFD9, 0x00010023, 0x002BFFFC, 0xFF72FFDA,
    0xFFD90001, 0x000BFFDD, 0x0003FD93, 0xFF1DFF57, 0x0001000B, 0xFFDD0003, 0xFD93FF1D, 0xFF570001,
    0xFFFBFFEF, 0x001F0000, 0x00000000, 0x0001FFFB, 0xFFEF001F, 0x00000000, 0x00000001, 0x00000000,
    0x00000000, 0x00000050, 0x00000005, 0x00050005, 0x000A0005, 0x000F0005, 0x00140005, 0x00190005,
    0x001E0005, 0x00230005, 0x00280005, 0x002D0005, 0x00320005, 0x00370005, 0x003C0005, 0x00410005,
    0x00460005, 0x004B0005, 0x00000000, 0x00000000, 0x00000000, 0xF4E60000, 0x00010000, 0x00000000,
    0x0000F4E6, 0x00000013, 0x00000000, 0x00000000, 0xF4E60000, 0x00070000, 0x00000000, 0x0000F4E6,
    0x0000000A, 0x00000000, 0x00000000, 0x00000000, 0x001C0000, 0x00120004, 0x00000000, 0x00000001,
    0x00000012, 0x00040000, 0x00000000, 0x00130000, 0x00120004, 0x00000000, 0x00000007, 0x00000012,
    0x00040000, 0x00000000, 0x000A0000, 0x00120004, 0x00000000, 0x0000001C, 0x00000021, 0x001A0000,
    0x00000000, 0x00010000, 0x0021001A, 0x00000000, 0x00000013, 0x00000021, 0x001A0000, 0x00000000,
    0x00070000, 0x0021001A, 0x00000000, 0x0000000A, 0x00000021, 0x001A0000, 0x00000000, 0x001C0000,
    0x0021FFE8, 0x00000000, 0x00000001, 0x00000021, 0xFFE80000, 0x00000000, 0x00130000, 0x0021FFE8,
    0x00000000, 0x00000007, 0x00000021, 0xFFE80000, 0x00000000, 0x000A0000, 0x0021FFE8, 0x00000000,
    0x0000001C, 0x0000000F, 0x00120000, 0x00000000, 0x00010000, 0x000F0012, 0x00000000, 0x00000013,
    0x0000000F, 0x00120000, 0x00000000, 0x00070000, 0x000F0012, 0x00000000, 0x0000000A, 0x0000000F,
    0x00120000, 0x00000000, 0x001C0000, 0x003EFFFE, 0x00D3FEB2, 0xFFFF0001, 0x0000003E, 0xFFFE00D3,
    0xFEB2FFFF, 0x00130000, 0x003EFFFE, 0x0011FE94, 0xFF500007, 0x0000003E, 0xFFFE0011, 0xFE94FF50,
    0x000A0000, 0x003EFFFE, 0xFED80007, 0x0000001C, 0x00000013, 0x0006FF01, 0xFCAE00EA, 0x00010000,
    0x00130006, 0xFF01FCAE, 0x00EA0013, 0x00000013, 0x0006FF87, 0xFD39FFC2, 0x00070000, 0x00130006,
    0xFF87FD39, 0xFFC2000A, 0x00000013, 0x0006FFB7, 0xFFF70003, 0x001C0000, 0x00050002, 0x00000000,
    0x00000001, 0x00000005, 0x00020000, 0x00000000, 0x00130000, 0x00050002, 0x00000000, 0x00000007,
    0x00000005, 0x00020000, 0x00000000, 0x000A0000, 0x00050002, 0x00000000, 0x0000001C, 0xFFDF002B,
    0xFFFCFD1F, 0xFBF4FDC9, 0x0001FFDF, 0x002BFFFC, 0xFD1FFBF4, 0xFDC90013, 0xFFDF002B, 0xFFFCFE2E,
    0xFC5CFF01, 0x0007FFDF, 0x002BFFFC, 0xFE2EFC5C, 0xFF01000A, 0xFFDF002B, 0xFFFC008B, 0x000B0089,
    0x001CFFF5, 0xFFDD0001, 0xFED1FCF1, 0x01400001, 0xFFF5FFDD, 0x0001FED1, 0xFCF10140, 0x0013FFF5,
    0xFFDD0001, 0xFB70FF79, 0x00270007, 0xFFF5FFDD, 0x0001FB70, 0xFF790027, 0x000AFFF5, 0xFFDD0001,
    0x02FDFF21, 0xFF49001C, 0x0001FFF0, 0x002101C5, 0xFF90FECD, 0x00010001, 0xFFF00021, 0x01C5FF90,
    0xFECD0013, 0x0001FFF0, 0x0021FC23, 0xFF400027, 0x00070001, 0xFFF00021, 0xFC23FF40, 0x0027000A,
    0x0001FFF0, 0x00210000, 0x00000000, 0x001C0003, 0xFFF90007, 0x00000000, 0x00000001, 0x0003FFF9,
    0x00070000, 0x00000000, 0x00130003, 0xFFF90007, 0x00000000, 0x00000007, 0x0003FFF9, 0x00070000,
    0x00000000, 0x000A0003, 0xFFF90007, 0x00000000, 0x0000001C, 0x000BFFFB, 0x00260000, 0x00000000,
    0x0001000B, 0xFFFB0026, 0x00000000, 0x00000013, 0x000BFFFB, 0x00260000, 0x00000000, 0x0007000B,
    0xFFFB0026, 0x00000000, 0x0000000A, 0x000BFFFB, 0x00260000, 0x00000000, 0x001C0023, 0x002BFFFC,
    0x011201F6, 0x03810001, 0x0023002B, 0xFFFC0112, 0x01F60381, 0x00130023, 0x002BFFFC, 0x011201F6,
    0x03810007, 0x0023002B, 0xFFFC0112, 0x01F60381, 0x000A0023, 0x002BFFFC, 0x0027FFD3, 0xFF81001C,
    0x000BFFDD, 0x0003FF6A, 0x01E2004E, 0x0001000B, 0xFFDD0003, 0xFF6A01E2, 0x004E0013, 0x000BFFDD,
    0x0003FF6A, 0x01E2004E, 0x0007000B, 0xFFDD0003, 0xFF6A01E2, 0x004E000A, 0x000BFFDD, 0x00030374,
    0x009D00E9, 0x001CFFFB, 0xFFEF001F, 0x00000000, 0x00000001, 0xFFFBFFEF, 0x001F0000, 0x00000000,
    0x0013FFFB, 0xFFEF001F, 0x00000000, 0x00000007, 0xFFFBFFEF, 0x001F0000, 0x00000000, 0x000AFFFB,
    0xFFEF001F, 0x00000000, 0x0000001C, 0x00000000, 0x00000000, 0x00000230, 0x00000023, 0x00230023,
    0x00460023, 0x00690023, 0x008C0023, 0x00AF0023, 0x00D20023, 0x00F50023, 0x01180023, 0x013B0023,
    0x015E0023, 0x01810023, 0x01A40023, 0x01C70023, 0x01EA0023, 0x020D0023, 0x00000000, 0x00000091,
    0x00000000, 0x00000000, 0x00010000, 0x00900013, 0x0002003C, 0x00000002, 0x0000008F, 0x002C0004,
    0x00790000, 0x00040000, 0x008D0046, 0x000700B6, 0x00000004, 0x0000008F, 0x00600004, 0x00680000,
    0x00030000, 0x00900080, 0x00000000, 0x00000005, 0x00000090, 0x00930000, 0xFFC4FFFE, 0x00020000,
    0x008F00AC, 0x0000FF88, 0xFFFC0004, 0x0000008E, 0x00C6FFFF, 0xFF37FFF8, 0x00040000, 0x008F00E0,
    0x0000FF8D, 0xFFFC0003, 0x00000091, 0x01000000, 0x00000000, 0x00050000, 0x00900113, 0x0002003C,
    0x00000003, 0x0000008F, 0x012C0004, 0x00790000, 0x00030000, 0x008D0146, 0x000700B6, 0x00000004,
    0x0000008F, 0x01600004, 0x00680000, 0x00040000, 0x00900180, 0x00000000, 0x00000004, 0x00000090,
    0x01930000, 0xFFC4FFFE, 0x00030000, 0x008F01AC, 0x0000FF88, 0xFFFC0003, 0x0000008E, 0x01C6FFFF,
    0xFF37FFF8, 0x00040000, 0x008F01E0, 0x0000FF8D, 0xFFFC0004, 0x00000091, 0x02000000, 0x00000000,
    0x00040000, 0x00900213, 0x0002003C, 0x00000003, 0x0000008F, 0x022C0004, 0x00790000, 0x00040000,
    0x008D0246, 0x000700B6, 0x00000003, 0x0000008F, 0x02600004, 0x00680000, 0x00040000, 0x00900280,
    0x00000000, 0x00000004, 0x00000090, 0x02930000, 0xFFC4FFFE, 0x00030000, 0x008F02AC, 0x0000FF88,
    0xFFFC0004, 0x0000008E, 0x02C6FFFF, 0xFF37FFF8, 0x00040000, 0x008F02E0, 0x0000FF8D, 0xFFFC0004,
    0xFFF00091, 0x03000000, 0x00000000, 0x0005FFF0, 0x00910300, 0x00000000, 0x00000005, 0xFFF00091,
    0x03000000, 0x00000000, 0x0006FFF0, 0x00910300, 0x00000000, 0x00000006, 0xFFF00091, 0x03000000,
    0x00000000, 0x000EFFF2, 0xFFF80000, 0xFF0F000F, 0x00C70001, 0xFFF2FFF8, 0x0000FE27, 0x002A00DF,
    0x0002FFF2, 0xFFF80000, 0xFDE6FFDB, 0x00DA0004, 0xFFF2FFF8, 0x0000FE0A, 0xFF6E00BF, 0x0004FFF2,
    0xFFF80000, 0xFECDFFB4, 0x009F0003, 0xFFF2FFF8, 0x000000DB, 0x00140080, 0x0005FFF2, 0xFFF80000,
    0x0197FFFB, 0x007C0002, 0xFFF2FFF8, 0x0000024F, 0xFFE40074, 0x0004FFF2, 0xFFF80000, 0x0345FFD0,
    0x005C0004, 0xFFF2FFF8, 0x00000065, 0x001F00B1, 0x0003FFF2, 0xFFF80000, 0xFF0F000F, 0x00C70005,
    0xFFF2FFF8, 0x0000FE27, 0x002A00DF, 0x0003FFF2, 0xFFF80000, 0xFDE6FFDB, 0x00DA0003, 0xFFF2FFF8,
    0x0000FE0A, 0xFF6E00BF, 0x0004FFF2, 0xFFF80000, 0xFECDFFB4, 0x009F0004, 0xFFF2FFF8, 0x000000DB,
    0x00140080, 0x0004FFF2, 0xFFF80000, 0x0197FFFB, 0x007C0003, 0xFFF2FFF8, 0x0000024F, 0xFFE40074,
    0x0003FFF2, 0xFFF80000, 0x0345FFD0, 0x005C0004, 0xFFF2FFF8, 0x00000065, 0x001F00B1, 0x0004FFF2,
    0xFFF80000, 0xFF0F000F, 0x00C70004, 0xFFF2FFF8, 0x0000FE27, 0x002A00DF, 0x0003FFF2, 0xFFF80000,
    0xFDE6FFDB, 0x00DA0004, 0xFFF2FFF8, 0x0000FE0A, 0xFF6E00BF, 0x0003FFF2, 0xFFF80000, 0xFECDFFB4,
    0x009F0004, 0xFFF2FFF8, 0x000000DB, 0x00140080, 0x0004FFF2, 0xFFF80000, 0x0197FFFB, 0x007C0003,
    0xFFF2FFF8, 0x0000024F, 0xFFE40074, 0x0004FFF2, 0xFFF80000, 0x0345FFD0, 0x005C0004, 0xFFF2FFF8,
    0x00000065, 0x001F00B1, 0x0004FFF2, 0xFFF80000, 0x00000000, 0x00000005, 0xFFF2FFF8, 0x00000000,
    0x00000000, 0x0005FFF2, 0xFFF80000, 0x00000000, 0x00000006, 0xFFF2FFF8, 0x00000000, 0x00000000,
    0x0006FFF2, 0xFFF80000, 0x00000000, 0x0000000E, 0xFFF8FFC0, 0x0008058B, 0x00000000, 0x0001FFF8,
    0xFFC00008, 0x04EF0000, 0x00000002, 0xFFF8FFC0, 0x00080309, 0x00000000, 0x0004FFF8, 0xFFC00008,
    0x01280000, 0x00000004, 0xFFF8FFC0, 0x00080196, 0x00000000, 0x0003FFF8, 0xFFC00008, 0x00000000,
    0x00000005, 0xFFF8FFC0, 0x00080000, 0x00000000, 0x0002FFF8, 0xFFC00008, 0x00000000, 0x00000004,
    0xFFF8FFC0, 0x00080000, 0x00000000, 0x0004FFF8, 0xFFC00008, 0x05460000, 0x00000003, 0xFFF8FFC0,
    0x0008058B, 0x00000000, 0x0005FFF8, 0xFFC00008, 0x04EF0000, 0x00000003, 0xFFF8FFC0, 0x00080309,
    0x00000000, 0x0003FFF8, 0xFFC00008, 0x01280000, 0x00000004, 0xFFF8FFC0, 0x00080196, 0x00000000,
    0x0004FFF8, 0xFFC00008, 0x00000000, 0x00000004, 0xFFF8FFC0, 0x00080000, 0x00000000, 0x0003FFF8,
    0xFFC00008, 0x00000000, 0x00000003, 0xFFF8FFC0, 0x00080000, 0x00000000, 0x0004FFF8, 0xFFC00008,
    0x05460000, 0x00000004, 0xFFF8FFC0, 0x0008058B, 0x00000000, 0x0004FFF8, 0xFFC00008, 0x04EF0000,
    0x00000003, 0xFFF8FFC0, 0x00080309, 0x00000000, 0x0004FFF8, 0xFFC00008, 0x01280000, 0x00000003,
    0xFFF8FFC0, 0x00080196, 0x00000000, 0x0004FFF8, 0xFFC00008, 0x00000000, 0x00000004, 0xFFF8FFC0,
    0x00080000, 0x00000000, 0x0003FFF8, 0xFFC00008, 0x00000000, 0x00000004, 0xFFF8FFC0, 0x00080000,
    0x00000000, 0x0004FFF8, 0xFFC00008, 0x05460000, 0x00000004, 0xFFF8FFC0, 0x00080000, 0x00000000,
    0x0005FFF8, 0xFFC00008, 0x00000000, 0x00000005, 0xFFF8FFC0, 0x00080000, 0x00000000, 0x0006FFF8,
    0xFFC00008, 0x00000000, 0x00000006, 0xFFF8FFC0, 0x00080000, 0x00000000, 0x000EFFFB, 0xFFBFFFF8,
    0xFE95FF42, 0x00080001, 0xFFFBFFBF, 0xFFF8FE6D, 0xFF4FFFE5, 0x0002FFFB, 0xFFBFFFF8, 0xFE2EFF71,
    0xFFCF0004, 0xFFFBFFBF, 0xFFF8FFB2, 0xFF57FFF8, 0x0004FFFB, 0xFFBFFFF8, 0xFF9CFF67, 0xFFF00003,
    0xFFFBFFBF, 0xFFF8FEE3, 0xFFBA000A, 0x0005FFFB, 0xFFBFFFF8, 0xFEC0FFAF, 0x000A0002, 0xFFFBFFBF,
    0xFFF8FF41, 0xFF8FFFF1, 0x0004FFFB, 0xFFBFFFF8, 0xFFBAFF72, 0xFFCC0004, 0xFFFBFFBF, 0xFFF8FF3D,
    0xFF5DFFE6, 0x0003FFFB, 0xFFBFFFF8, 0xFE95FF42, 0x00080005, 0xFFFBFFBF, 0xFFF8FE6D, 0xFF4FFFE5,
    0x0003FFFB, 0xFFBFFFF8, 0xFE2EFF71, 0xFFCF0003, 0xFFFBFFBF, 0xFFF8FFB2, 0xFF57FFF8, 0x0004FFFB,
    0xFFBFFFF8, 0xFF9CFF67, 0xFFF00004, 0xFFFBFFBF, 0xFFF8FEE3, 0xFFBA000A, 0x0004FFFB, 0xFFBFFFF8,
    0xFEC0FFAF, 0x000A0003, 0xFFFBFFBF, 0xFFF8FF41, 0xFF8FFFF1, 0x0003FFFB, 0xFFBFFFF8, 0xFFBAFF72,
    0xFFCC0004, 0xFFFBFFBF, 0xFFF8FF3D, 0xFF5DFFE6, 0x0004FFFB, 0xFFBFFFF8, 0xFE95FF42, 0x00080004,
    0xFFFBFFBF, 0xFFF8FE6D, 0xFF4FFFE5, 0x0003FFFB, 0xFFBFFFF8, 0xFE2EFF71, 0xFFCF0004, 0xFFFBFFBF,
    0xFFF8FFB2, 0xFF57FFF8, 0x0003FFFB, 0xFFBFFFF8, 0xFF9CFF67, 0xFFF00004, 0xFFFBFFBF, 0xFFF8FEE3,
    0xFFBA000A, 0x0004FFFB, 0xFFBFFFF8, 0xFEC0FFAF, 0x000A0003, 0xFFFBFFBF, 0xFFF8FF41, 0xFF8FFFF1,
    0x0004FFFB, 0xFFBFFFF8, 0xFFBAFF72, 0xFFCC0004, 0xFFFBFFBF, 0xFFF8FF3D, 0xFF5DFFE6, 0x0004FFFB,
    0xFFBFFFF8, 0x00000000, 0x00000005, 0xFFFBFFBF, 0xFFF80000, 0x00000000, 0x0005FFFB, 0xFFBFFFF8,
    0x00000000, 0x00000006, 0xFFFBFFBF, 0xFFF80000, 0x00000000, 0x0006FFFB, 0xFFBFFFF8, 0x00000000,
    0x0000000E, 0x0012FFF8, 0x000100B4, 0x0004FF83, 0x00010012, 0xFFF80001, 0x01600056, 0xFF870002,
    0x0012FFF8, 0x0001023F, 0x00A9FFA9, 0x00040012, 0xFFF80001, 0x031200B4, 0x002E0004, 0x0012FFF8,
    0x000100D4, 0x0082FFD9, 0x00030012, 0xFFF80001, 0xFE91006E, 0xFFB80005, 0x0012FFF8, 0x0001FE88,
    0x002EFF78, 0x00020012, 0xFFF80001, 0xFE260038, 0xFF660004, 0x0012FFF8, 0x0001FE13, 0x005CFF65,
    0x00040012, 0xFFF80001, 0xFEF5002A, 0xFF640003, 0x0012FFF8, 0x000100B4, 0x0004FF83, 0x00050012,
    0xFFF80001, 0x01600056, 0xFF870003, 0x0012FFF8, 0x0001023F, 0x00A9FFA9, 0x00030012, 0xFFF80001,
    0x031200B4, 0x002E0004, 0x0012FFF8, 0x000100D4, 0x0082FFD9, 0x00040012, 0xFFF80001, 0xFE91006E,
    0xFFB80004, 0x0012FFF8, 0x0001FE88, 0x002EFF78, 0x00030012, 0xFFF80001, 0xFE260038, 0xFF660003,
    0x0012FFF8, 0x0001FE13, 0x005CFF65, 0x00040012, 0xFFF80001, 0xFEF5002A, 0xFF640004, 0x0012FFF8,
    0x000100B4, 0x0004FF83, 0x00040012, 0xFFF80001, 0x01600056, 0xFF870003, 0x0012FFF8, 0x0001023F,
    0x00A9FFA9, 0x00040012, 0xFFF80001, 0x031200B4, 0x002E0003, 0x0012FFF8, 0x000100D4, 0x0082FFD9,
    0x00040012, 0xFFF80001, 0xFE91006E, 0xFFB80004, 0x0012FFF8, 0x0001FE88, 0x002EFF78, 0x00030012,
    0xFFF80001, 0xFE260038, 0xFF660004, 0x0012FFF8, 0x0001FE13, 0x005CFF65, 0x00040012, 0xFFF80001,
    0xFEF5002A, 0xFF640004, 0x0012FFF8, 0x00010000, 0x00000000, 0x00050012, 0xFFF80001, 0x00000000,
    0x00000005, 0x0012FFF8, 0x00010000, 0x00000000, 0x00060012, 0xFFF80001, 0x00000000, 0x00000006,
    0x0012FFF8, 0x00010000, 0x00000000, 0x000E0005, 0xFFC10006, 0x00000000, 0x00000001, 0x0005FFC1,
    0x00060003, 0x00000000, 0x00020005, 0xFFC10006, 0x00000000, 0x00000004, 0x0005FFC1, 0x00060000,
    0x00000000, 0x00040005, 0xFFC10006, 0x040F0000, 0x00000003, 0x0005FFC1, 0x000605FD, 0x00000000,
    0x00050005, 0xFFC10006, 0x04C90000, 0x00000002, 0x0005FFC1, 0x00060350, 0x00000000, 0x00040005,
    0xFFC10006, 0x01200000, 0x00000004, 0x0005FFC1, 0x000600C4, 0x00000000, 0x00030005, 0xFFC10006,
    0x00000000, 0x00000005, 0x0005FFC1, 0x00060003, 0x00000000, 0x00030005, 0xFFC10006, 0x00000000,
    0x00000003, 0x0005FFC1, 0x00060000, 0x00000000, 0x00040005, 0xFFC10006, 0x040F0000, 0x00000004,
    0x0005FFC1, 0x000605FD, 0x00000000, 0x00040005, 0xFFC10006, 0x04C90000, 0x00000003, 0x0005FFC1,
    0x00060350, 0x00000000, 0x00030005, 0xFFC10006, 0x01200000, 0x00000004, 0x0005FFC1, 0x000600C4,
    0x00000000, 0x00040005, 0xFFC10006, 0x00000000, 0x00000004, 0x0005FFC1, 0x00060003, 0x00000000,
    0x00030005, 0xFFC10006, 0x00000000, 0x00000004, 0x0005FFC1, 0x00060000, 0x00000000, 0x00030005,
    0xFFC10006, 0x040F0000, 0x00000004, 0x0005FFC1, 0x000605FD, 0x00000000, 0x00040005, 0xFFC10006,
    0x04C90000, 0x00000003, 0x0005FFC1, 0x00060350, 0x00000000, 0x00040005, 0xFFC10006, 0x01200000,
    0x00000004, 0x0005FFC1, 0x000600C4, 0x00000000, 0x00040005, 0xFFC10006, 0x00000000, 0x00000005,
    0x0005FFC1, 0x00060000, 0x00000000, 0x00050005, 0xFFC10006, 0x00000000, 0x00000006, 0x0005FFC1,
    0x00060000, 0x00000000, 0x00060005, 0xFFC10006, 0x00000000, 0x0000000E, 0x0003FFBE, 0xFFFAFEF9,
    0x0132FFD8, 0x00010003, 0xFFBEFFFA, 0xFF1400FA, 0xFFD00002, 0x0003FFBE, 0xFFFAFF1F, 0x00AFFFCB,
    0x00040003, 0xFFBEFFFA, 0x004300A2, 0x000B0004, 0x0003FFBE, 0xFFFA0018, 0x00B7FFFD, 0x00030003,
    0xFFBEFFFA, 0xFFE100D4, 0xFFE80005, 0x0003FFBE, 0xFFFAFE7A, 0x00C0FFCF, 0x00020003, 0xFFBEFFFA,
    0xFDB600AF, 0xFFE20004, 0x0003FFBE, 0xFFFAFF8C, 0x00FBFFF8, 0x00040003, 0xFFBEFFFA, 0x00110130,
    0xFFFB0003, 0x0003FFBE, 0xFFFAFEF9, 0x0132FFD8, 0x00050003, 0xFFBEFFFA, 0xFF1400FA, 0xFFD00003,
    0x0003FFBE, 0xFFFAFF1F, 0x00AFFFCB, 0x00030003, 0xFFBEFFFA, 0x004300A2, 0x000B0004, 0x0003FFBE,
    0xFFFA0018, 0x00B7FFFD, 0x00040003, 0xFFBEFFFA, 0xFFE100D4, 0xFFE80004, 0x0003FFBE, 0xFFFAFE7A,
    0x00C0FFCF, 0x00030003, 0xFFBEFFFA, 0xFDB600AF, 0xFFE20003, 0x0003FFBE, 0xFFFAFF8C, 0x00FBFFF8,
    0x00040003, 0xFFBEFFFA, 0x00110130, 0xFFFB0004, 0x0003FFBE, 0xFFFAFEF9, 0x0132FFD8, 0x00040003,
    0xFFBEFFFA, 0xFF1400FA, 0xFFD00003, 0x0003FFBE, 0xFFFAFF1F, 0x00AFFFCB, 0x00040003, 0xFFBEFFFA,
    0x004300A2, 0x000B0003, 0x0003FFBE, 0xFFFA0018, 0x00B7FFFD, 0x00040003, 0xFFBEFFFA, 0xFFE100D4,
    0xFFE80004, 0x0003FFBE, 0xFFFAFE7A, 0x00C0FFCF, 0x00030003, 0xFFBEFFFA, 0xFDB600AF, 0xFFE20004,
    0x0003FFBE, 0xFFFAFF8C, 0x00FBFFF8, 0x00040003, 0xFFBEFFFA, 0x00110130, 0xFFFB0004, 0x0003FFBE,
    0xFFFA0000, 0x00000000, 0x00050003, 0xFFBEFFFA, 0x00000000, 0x00000005, 0x0003FFBE, 0xFFFA0000,
    0x00000000, 0x00060003, 0xFFBEFFFA, 0x00000000, 0x00000006, 0x0003FFBE, 0xFFFA0000, 0x00000000,
    0x000E0000, 0x000C0000, 0x004DFFFF, 0x00000001, 0x0000000C, 0x0000004D, 0xFF91FFFA, 0x00020000,
    0x000C0000, 0x004DFF22, 0xFFF30004, 0x0000000C, 0x0000004C, 0xFEB4FFED, 0x00040000, 0x000C0000,
    0x004DFF37, 0xFFF50003, 0x0000000C, 0x0000004E, 0xFFE70000, 0x00050000, 0x000C0000, 0x004E004A,
    0x00060002, 0x0000000C, 0x0000004E, 0x00AF000D, 0x00040000, 0x000C0000, 0x004D0136, 0x00160004,
    0x0000000C, 0x0000004D, 0x00B0000C, 0x00030000, 0x000C0000, 0x004DFFFF, 0x00000005, 0x0000000C,
    0x0000004D, 0xFF91FFFA, 0x00030000, 0x000C0000, 0x004DFF22, 0xFFF30003, 0x0000000C, 0x0000004C,
    0xFEB4FFED, 0x00040000, 0x000C0000, 0x004DFF37, 0xFFF50004, 0x0000000C, 0x0000004E, 0xFFE70000,
    0x00040000, 0x000C0000, 0x004E004A, 0x00060003, 0x0000000C, 0x0000004E, 0x00AF000D, 0x00030000,
    0x000C0000, 0x004D0136, 0x00160004, 0x0000000C, 0x0000004D, 0x00B0000C, 0x00040000, 0x000C0000,
    0x004DFFFF, 0x00000004, 0x0000000C, 0x0000004D, 0xFF91FFFA, 0x00030000, 0x000C0000, 0x004DFF22,
    0xFFF30004, 0x0000000C, 0x0000004C, 0xFEB4FFED, 0x00030000, 0x000C0000, 0x004DFF37, 0xFFF50004,
    0x0000000C, 0x0000004E, 0xFFE70000, 0x00040000, 0x000C0000, 0x004E004A, 0x00060003, 0x0000000C,
    0x0000004E, 0x00AF000D, 0x00040000, 0x000C0000, 0x004D0136, 0x00160004, 0x0000000C, 0x0000002B,
    0x00AC000C, 0x00040000, 0x000C0000, 0x00000000, 0x00000005, 0x0000000C, 0x00000000, 0x00000000,
    0x00050000, 0x000C0000, 0x00000000, 0x00000006, 0x0000000C, 0x00000000, 0x00000000, 0x00060000,
    0x000C0000, 0x00000000, 0x0000000E, 0x00000032, 0x00040000, 0x00000000, 0x00010000, 0x00320004,
    0xFFFF001F, 0x00000002, 0x00000032, 0x0004FFFE, 0x003FFFFF, 0x00040000, 0x00320004, 0xFFFD005F,
    0xFFFE0004, 0x00000032, 0x0004FFFF, 0x0056FFFF, 0x00030000, 0x00320004, 0x0000004B, 0x00000005,
    0x00000032, 0x00040002, 0x002A0000, 0x00020000, 0x00320004, 0x00040009, 0x00000004, 0x00000032,
    0x00040006, 0xFFDE0000, 0x00040000, 0x00320004, 0x0003FFED, 0x00000003, 0x00000032, 0x00040000,
    0x00000000, 0x00050000, 0x00320004, 0xFFFF001F, 0x00000003, 0x00000032, 0x0004FFFE, 0x003FFFFF,
    0x00030000, 0x00320004, 0xFFFD005F, 0xFFFE0004, 0x00000032, 0x0004FFFF, 0x0056FFFF, 0x00040000,
    0x00320004, 0x0000004B, 0x00000004, 0x00000032, 0x00040002, 0x002A0000, 0x00030000, 0x00320004,
    0x00040009, 0x00000003, 0x00000032, 0x00040006, 0xFFDE0000, 0x00040000, 0x00320004, 0x0003FFED,
    0x00000004, 0x00000032, 0x00040000, 0x00000000, 0x00040000, 0x00320004, 0xFFFF001F, 0x00000003,
    0x00000032, 0x0004FFFE, 0x003FFFFF, 0x00040000, 0x00320004, 0xFFFD005F, 0xFFFE0003, 0x00000032,
    0x0004FFFF, 0x0056FFFF, 0x00040000, 0x00320004, 0x0000004B, 0x00000004, 0x00000032, 0x00040002,
    0x002A0000, 0x00030000, 0x00320004, 0x00040009, 0x00000004, 0x00000032, 0x00040006, 0xFFDE0000,
    0x00040000, 0x00320004, 0x0003FFED, 0x00000004, 0x00000032, 0x00040000, 0x00000000, 0x00050000,
    0x00320004, 0x00000000, 0x00000005, 0x00000032, 0x00040000, 0x00000000, 0x00060000, 0x00320004,
    0x00000000, 0x00000006, 0x00000032, 0x00040000, 0x00000000, 0x000E0000, 0x000F0002, 0x00000000,
    0x00000001, 0x0000000F, 0x0002FFFF, 0x00140000, 0x00020000, 0x000F0002, 0xFFFE0028, 0xFFFF0004,
    0x0000000F, 0x0002FFFD, 0x003CFFFE, 0x00040000, 0x000F0002, 0xFFFF0022, 0xFFFF0003, 0x0000000F,
    0x00020000, 0x00000000, 0x00050000, 0x000F0002, 0x0002FFEA, 0x00000002, 0x0000000F, 0x00020004,
    0xFFD30000, 0x00040000, 0x000F0002, 0x0006FFB5, 0x00010004, 0x0000000F, 0x00020003, 0xFFD60000,
    0x00030000, 0x000F0002, 0x00000000, 0x00000005, 0x0000000F, 0x0002FFFF, 0x00140000, 0x00030000,
    0x000F0002, 0xFFFE0028, 0xFFFF0003, 0x0000000F, 0x0002FFFD, 0x003CFFFE, 0x00040000, 0x000F0002,
    0xFFFF0022, 0xFFFF0004, 0x0000000F, 0x00020000, 0x00000000, 0x00040000, 0x000F0002, 0x0002FFEA,
    0x00000003, 0x0000000F, 0x00020004, 0xFFD30000, 0x00030000, 0x000F0002, 0x0006FFB5, 0x00010004,
    0x0000000F, 0x00020003, 0xFFD60000, 0x00040000, 0x000F0002, 0x00000000, 0x00000004, 0x0000000F,
    0x0002FFFF, 0x00140000, 0x00030000, 0x000F0002, 0xFFFE0028, 0xFFFF0004, 0x0000000F, 0x0002FFFD,
    0x003CFFFE, 0x00030000, 0x000F0002, 0xFFFF0022, 0xFFFF0004, 0x0000000F, 0x00020000, 0x00000000,
    0x00040000, 0x000F0002, 0x0002FFEA, 0x00000003, 0x0000000F, 0x00020004, 0xFFD30000, 0x00040000,
    0x000F0002, 0x0006FFB5, 0x00010004, 0x0000000F, 0x00020003, 0xFFD70000, 0x00040000, 0x000F0002,
    0x00000000, 0x00000005, 0x0000000F, 0x00020000, 0x00000000, 0x00050000, 0x000F0002, 0x00000000,
    0x00000006, 0x0000000F, 0x00020000, 0x00000000, 0x00060000, 0x000F0002, 0x00000000, 0x0000000E,
    0xFFE6002C, 0xFFFEFCD8, 0x052D011E, 0x0001FFE6, 0x002CFFFE, 0xFCD8052D, 0x011E0002, 0xFFE6002C,
    0xFFFEFCD8, 0x052D011E, 0x0004FFE6, 0x002CFFFE, 0xFCD8052D, 0x011E0004, 0xFFE6002C, 0xFFFEFCD8,
    0x052D011E, 0x0003FFE6, 0x002CFFFE, 0xFCD8052D, 0x011E0005, 0xFFE6002C, 0xFFFEFCD8, 0x052D011E,
    0x0002FFE6, 0x002CFFFE, 0xFCD8052D, 0x011E0004, 0xFFE6002C, 0xFFFEFCD8, 0x052D011E, 0x0004FFE6,
    0x002CFFFE, 0xFCD8052D, 0x011E0003, 0xFFE6002C, 0xFFFEFCD8, 0x052D011E, 0x0005FFE6, 0x002CFFFE,
    0xFCD8052D, 0x011E0003, 0xFFE6002C, 0xFFFEFCD8, 0x052D011E, 0x0003FFE6, 0x002CFFFE, 0xFCD8052D,
    0x011E0004, 0xFFE6002C, 0xFFFEFCD8, 0x052D011E, 0x0004FFE6, 0x002CFFFE, 0xFCD8052D, 0x011E0004,
    0xFFE6002C, 0xFFFEFCD8, 0x052D011E, 0x0003FFE6, 0x002CFFFE, 0xFCD8052D, 0x011E0003, 0xFFE6002C,
    0xFFFEFCD8, 0x052D011E, 0x0004FFE6, 0x002CFFFE, 0xFCD8052D, 0x011E0004, 0xFFE6002C, 0xFFFEFCD8,
    0x052D011E, 0x0004FFE6, 0x002CFFFE, 0xFCF204FF, 0x012C0003, 0xFFE6002C, 0xFFFEFD14, 0x04C2013E,
    0x0004FFE6, 0x002CFFFE, 0xFD2E0494, 0x014B0003, 0xFFE6002C, 0xFFFEFD50, 0x0456015E, 0x0004FFE6,
    0x002CFFFE, 0xFD720419, 0x01700004, 0xFFE6002C, 0xFFFEFD8C, 0x03EB017D, 0x0003FFE6, 0x002CFFFE,
    0xFDAF03AE, 0x018F0004, 0xFFE6002C, 0xFFFEFDD1, 0x037101A2, 0x0004FFE6, 0x002CFFFE, 0xFDF30334,
    0x01B40004, 0xFFE6002C, 0xFFFEFE1C, 0x02EC01C9, 0x0005FFE6, 0x002CFFFE, 0xFE1C02EC, 0x01C90005,
    0xFFE6002C, 0xFFFEFE1C, 0x02EC01C9, 0x0006FFE6, 0x002CFFFE, 0xFE1C02EC, 0x01C90006, 0xFFE6002C,
    0xFFFEFE1C, 0x02EC01C9, 0x000EFFF1, 0xFFD8FFF9, 0xFE3201BC, 0x00F10001, 0xFFF1FFD8, 0xFFF9FE32,
    0x01BC00F1, 0x0002FFF1, 0xFFD8FFF9, 0xFE3201BC, 0x00F10004, 0xFFF1FFD8, 0xFFF9FE32, 0x01BC00F1,
    0x0004FFF1, 0xFFD8FFF9, 0xFE3201BC, 0x00F10003, 0xFFF1FFD8, 0xFFF9FE32, 0x01BC00F1, 0x0005FFF1,
    0xFFD8FFF9, 0xFE3201BC, 0x00F10002, 0xFFF1FFD8, 0xFFF9FE32, 0x01BC00F1, 0x0004FFF1, 0xFFD8FFF9,
    0xFE3201BC, 0x00F10004, 0xFFF1FFD8, 0xFFF9FE32, 0x01BC00F1, 0x0003FFF1, 0xFFD8FFF9, 0xFE3201BC,
    0x00F10005, 0xFFF1FFD8, 0xFFF9FE32, 0x01BC00F1, 0x0003FFF1, 0xFFD8FFF9, 0xFE3201BC, 0x00F10003,
    0xFFF1FFD8, 0xFFF9FE32, 0x01BC00F1, 0x0004FFF1, 0xFFD8FFF9, 0xFE3201BC, 0x00F10004, 0xFFF1FFD8,
    0xFFF9FE32, 0x01BC00F1, 0x0004FFF1, 0xFFD8FFF9, 0xFE3201BC, 0x00F10003, 0xFFF1FFD8, 0xFFF9FE32,
    0x01BC00F1, 0x0003FFF1, 0xFFD8FFF9, 0xFE3201BC, 0x00F10004, 0xFFF1FFD8, 0xFFF9FE32, 0x01BC00F1,
    0x0004FFF1, 0xFFD8FFF9, 0xFE3201BC, 0x00F10004, 0xFFF1FFD8, 0xFFF9FE12, 0x01BB011F, 0x0003FFF1,
    0xFFD8FFF9, 0xFDE801BB, 0x015B0004, 0xFFF1FFD8, 0xFFF9FDC9, 0x01BB0188, 0x0003FFF1, 0xFFD8FFF9,
    0xFD9E01BA, 0x01C50004, 0xFFF1FFD8, 0xFFF9FD74, 0x01BA0201, 0x0004FFF1, 0xFFD8FFF9, 0xFD5501BA,
    0x022F0003, 0xFFF1FFD8, 0xFFF9FD2B, 0x01B9026B, 0x0004FFF1, 0xFFD8FFF9, 0xFD0001B9, 0x02A80004,
    0xFFF1FFD8, 0xFFF9FCD6, 0x01B802E4, 0x0004FFF1, 0xFFD8FFF9, 0xFCA501B8, 0x032B0005, 0xFFF1FFD8,
    0xFFF9FCA5, 0x01B8032B, 0x0005FFF1, 0xFFD8FFF9, 0xFCA501B8, 0x032B0006, 0xFFF1FFD8, 0xFFF9FCA5,
    0x01B8032B, 0x0006FFF1, 0xFFD8FFF9, 0xFCA501B8, 0x032B000E, 0xFFFAFFDA, 0x00150000, 0x00000000,
    0x0001FFFA, 0xFFDA0015, 0x00E50014, 0x00080002, 0xFFFAFFDA, 0x001500AC, 0x000F0006, 0x0004FFFA,
    0xFFDA0015, 0x0072000A, 0x00040004, 0xFFFAFFDA, 0x00150047, 0x00060002, 0x0003FFFA, 0xFFDA0015,
    0x00000000, 0x00000005, 0xFFFAFFDA, 0x00150000, 0x00000000, 0x0002FFFA, 0xFFDA0015, 0x00000000,
    0x00000004, 0xFFFAFFDA, 0x00150000, 0x00000000, 0x0004FFFA, 0xFFDA0015, 0x00000000, 0x00000003,
    0xFFFAFFDA, 0x00150000, 0x00000000, 0x0005FFFA, 0xFFDA0015, 0x00E50014, 0x00080003, 0xFFFAFFDA,
    0x001500B7, 0x00100007, 0x0003FFFA, 0xFFDA0015, 0x007A000A, 0x00040004, 0xFFFAFFDA, 0x0015003D,
    0x00050002, 0x0004FFFA, 0xFFDA0015, 0x00000000, 0x00000004, 0xFFFAFFDA, 0x00150000, 0x00000000,
    0x0003FFFA, 0xFFDA0015, 0x00000000, 0x00000003, 0xFFFAFFDA, 0x00150000, 0x00000000, 0x0004FFFA,
    0xFFDA0015, 0x00000000, 0x00000004, 0xFFFAFFDA, 0x00150000, 0x00000000, 0x0004FFFA, 0xFFDA0015,
    0x00E50014, 0x00080003, 0xFFFAFFDA, 0x001500A8, 0x000E0006, 0x0004FFFA, 0xFFDA0015, 0x007A000A,
    0x00040003, 0xFFFAFFDA, 0x0015003D, 0x00050002, 0x0004FFFA, 0xFFDA0015, 0x00000000, 0x00000004,
    0xFFFAFFDA, 0x00150000, 0x00000000, 0x0003FFFA, 0xFFDA0015, 0x00000000, 0x00000004, 0xFFFAFFDA,
    0x00150000, 0x00000000, 0x0004FFFA, 0xFFDA0015, 0x00000000, 0x00000004, 0xFFFAFFDA, 0x00150000,
    0x00000000, 0x0005FFFA, 0xFFDA0015, 0x00000000, 0x00000005, 0xFFFAFFDA, 0x00150000, 0x00000000,
    0x0006FFFA, 0xFFDA0015, 0x00000000, 0x00000006, 0xFFFAFFDA, 0x00150000, 0x00000000, 0x000E001A,
    0x002BFFFD, 0xFE5BFB75, 0x01710001, 0x001A002B, 0xFFFDFE5B, 0xFB750171, 0x0002001A, 0x002BFFFD,
    0xFE5BFB75, 0x01710004, 0x001A002B, 0xFFFDFE5B, 0xFB750171, 0x0004001A, 0x002BFFFD, 0xFE5BFB75,
    0x01710003, 0x001A002B, 0xFFFDFE5B, 0xFB750171, 0x0005001A, 0x002BFFFD, 0xFE5BFB75, 0x01710002,
    0x001A002B, 0xFFFDFE5B, 0xFB750171, 0x0004001A, 0x002BFFFD, 0xFE5BFB75, 0x01710004, 0x001A002B,
    0xFFFDFE5B, 0xFB750171, 0x0003001A, 0x002BFFFD, 0xFE5BFB75, 0x01710005, 0x001A002B, 0xFFFDFE5B,
    0xFB750171, 0x0003001A, 0x002BFFFD, 0xFE5BFB75, 0x01710003, 0x001A002B, 0xFFFDFE5B, 0xFB750171,
    0x0004001A, 0x002BFFFD, 0xFE5BFB75, 0x01710004, 0x001A002B, 0xFFFDFE5B, 0xFB750171, 0x0004001A,
    0x002BFFFD, 0xFE5BFB75, 0x01710003, 0x001A002B, 0xFFFDFE5B, 0xFB750171, 0x0003001A, 0x002BFFFD,
    0xFE5BFB75, 0x01710004, 0x001A002B, 0xFFFDFE5B, 0xFB750171, 0x0004001A, 0x002BFFFD, 0xFE5BFB75,
    0x01710004, 0x001A002B, 0xFFFDFE5B, 0xFB750171, 0x0003001A, 0x002BFFFD, 0xFE5BFB75, 0x01710004,
    0x001A002B, 0xFFFDFE5B, 0xFB750171, 0x0003001A, 0x002BFFFD, 0xFE5BFB75, 0x01710004, 0x001A002B,
    0xFFFDFE30, 0xFC4A01D7, 0x0004001A, 0x002BFFFD, 0xFE10FCE9, 0x02230003, 0x001A002B, 0xFFFDFDE5,
    0xFDBE0288, 0x0004001A, 0x002BFFFD, 0xFDBAFE93, 0x02ED0004, 0x001A002B, 0xFFFDFD8F, 0xFF680352,
    0x0004001A, 0x002BFFFD, 0xFD5D0063, 0x03CB0005, 0x001A002B, 0xFFFDFD12, 0x00E4043B, 0x0005001A,
    0x002BFFFD, 0xFDE6002B, 0x03740006, 0x001A002B, 0xFFFDFD5D, 0x006303CB, 0x0006001A, 0x002BFFFD,
    0x0245FDA6, 0xFFD3000E, 0x000CFFD9, 0xFFFBFF99, 0x00000000, 0x0001000C, 0xFFD9FFFB, 0xFF990000,
    0x00000002, 0x000CFFD9, 0xFFFBFF99, 0x00000000, 0x0004000C, 0xFFD9FFFB, 0xFF990000, 0x00000004,
    0x000CFFD9, 0xFFFBFF99, 0x00000000, 0x0003000C, 0xFFD9FFFB, 0xFF990000, 0x00000005, 0x000CFFD9,
    0xFFFBFF99, 0x00000000, 0x0002000C, 0xFFD9FFFB, 0xFF990000, 0x00000004, 0x000CFFD9, 0xFFFBFF99,
    0x00000000, 0x0004000C, 0xFFD9FFFB, 0xFF990000, 0x00000003, 0x000CFFD9, 0xFFFBFF99, 0x00000000,
    0x0005000C, 0xFFD9FFFB, 0xFF990000, 0x00000003, 0x000CFFD9, 0xFFFBFF99, 0x00000000, 0x0003000C,
    0xFFD9FFFB, 0xFF990000, 0x00000004, 0x000CFFD9, 0xFFFBFF99, 0x00000000, 0x0004000C, 0xFFD9FFFB,
    0xFF990000, 0x00000004, 0x000CFFD9, 0xFFFBFF99, 0x00000000, 0x0003000C, 0xFFD9FFFB, 0xFF990000,
    0x00000003, 0x000CFFD9, 0xFFFBFF99, 0x00000000, 0x0004000C, 0xFFD9FFFB, 0xFF990000, 0x00000004,
    0x000CFFD9, 0xFFFBFF99, 0x00000000, 0x0004000C, 0xFFD9FFFB, 0xFF990000, 0x00000003, 0x000CFFD9,
    0xFFFBFF99, 0x00000000, 0x0004000C, 0xFFD9FFFB, 0xFF990000, 0x00000003, 0x000CFFD9, 0xFFFBFF99,
    0x00000000, 0x0004000C, 0xFFD9FFFB, 0xFF610000, 0x00000004, 0x000CFFD9, 0xFFFBFF36, 0x00000000,
    0x0003000C, 0xFFD9FFFB, 0xFEFE0000, 0x00000004, 0x000CFFD9, 0xFFFBFEC6, 0x00000000, 0x0004000C,
    0xFFD9FFFB, 0xFE8D0000, 0x00000004, 0x000CFFD9, 0xFFFBFE4A, 0x00000000, 0x0005000C, 0xFFD9FFFB,
    0xFE900000, 0x00000005, 0x000CFFD9, 0xFFFBFCE7, 0x00000000, 0x0006000C, 0xFFD9FFFB, 0xFE4A0000,
    0x00000006, 0x000CFFD9, 0xFFFBFDC5, 0x00000000, 0x000E0007, 0xFFDB0015, 0x00000000, 0x00000001,
    0x0007FFDB, 0x00150000, 0x00000000, 0x00020007, 0xFFDB0015, 0x00000000, 0x00000004, 0x0007FFDB,
    0x00150000, 0x00000000, 0x00040007, 0xFFDB0015, 0x00000000, 0x00000003, 0x0007FFDB, 0x00150000,
    0x00000000, 0x00050007, 0xFFDB0015, 0x008BFFFD, 0x00000002, 0x0007FFDB, 0x00150117, 0xFFF90000,
    0x00040007, 0xFFDB0015, 0x01D1FFF4, 0x00000004, 0x0007FFDB, 0x00150109, 0xFFF90000, 0x00030007,
    0xFFDB0015, 0x00000000, 0x00000005, 0x0007FFDB, 0x00150000, 0x00000000, 0x00030007, 0xFFDB0015,
    0x00000000, 0x00000003, 0x0007FFDB, 0x00150000, 0x00000000, 0x00040007, 0xFFDB0015, 0x00000000,
    0x00000004, 0x0007FFDB, 0x00150000, 0x00000000, 0x00040007, 0xFFDB0015, 0x008BFFFD, 0x00000003,
    0x0007FFDB, 0x00150117, 0xFFF90000, 0x00030007, 0xFFDB0015, 0x01D1FFF4, 0x00000004, 0x0007FFDB,
    0x00150109, 0xFFF90000, 0x00040007, 0xFFDB0015, 0x00000000, 0x00000004, 0x0007FFDB, 0x00150000,
    0x00000000, 0x00030007, 0xFFDB0015, 0x00000000, 0x00000004, 0x0007FFDB, 0x00150000, 0x00000000,
    0x00030007, 0xFFDB0015, 0x00000000, 0x00000004, 0x0007FFDB, 0x00150000, 0x00000000, 0x00040007,
    0xFFDB0015, 0x008BFFFD, 0x00000003, 0x0007FFDB, 0x00150117, 0xFFF90000, 0x00040007, 0xFFDB0015,
    0x01D1FFF4, 0x00000004, 0x0007FFDB, 0x00150102, 0xFFFA0000, 0x00040007, 0xFFDB0015, 0xFD370559,
    0x01930005, 0x0007FFDB, 0x0015FA40, 0x061D0035, 0x00050007, 0xFFDB0015, 0xFBBB05BB, 0x00E40006,
    0x0007FFDB, 0x0015FD37, 0x05590193, 0x00060007, 0xFFDB0015, 0xF9560166, 0xFDCD000E, 0x00000000,
    0x00000000, 0x00000020, 0x00000002, 0x00020002, 0x00040002, 0x00060002, 0x00080002, 0x000A0002,
    0x000C0002, 0x000E0002, 0x00100002, 0x00120002, 0x00140002, 0x00160002, 0x00180002, 0x001A0002,
    0x001C0002, 0x001E0002, 0x00000000, 0x00000000, 0x00000000, 0x00000000, 0x00010000, 0x00000000,
    0x00000000, 0x00000001, 0x00000012, 0x00040000, 0x00000000, 0x00010000, 0x00120004, 0x00000000,
    0x00000001, 0x00000021, 0x001A0000, 0x00000000, 0x00010000, 0x0021001A, 0x00000000, 0x00000001,
    0x00000021, 0xFFE80000, 0x00000000, 0x00010000, 0x0021FFE8, 0x00000000, 0x00000001, 0x0000000F,
    0x00120000, 0x00000000, 0x00010000, 0x000F0012, 0x00000000, 0x00000001, 0x0000003E, 0xFFFE0000,
    0x00000000, 0x00010000, 0x003EFFFE, 0x00000000, 0x00000001, 0x00000013, 0x00060000, 0x00000000,
    0x00010000, 0x00130006, 0x00000000, 0x00000001, 0x00000005, 0x00020000, 0x00000000, 0x00010000,
    0x00050002, 0x00000000, 0x00000001, 0xFFDF002B, 0xFFFCFC21, 0x04230138, 0x0001FFDF, 0x002BFFFC,
    0xFC210423, 0x01380001, 0xFFF5FFDD, 0x00010089, 0x00B9FF71, 0x0001FFF5, 0xFFDD0001, 0x008900B9,
    0xFF710001, 0x0001FFF0, 0x002100B3, 0x043F0010, 0x00010001, 0xFFF00021, 0x00B3043F, 0x00100001,
    0x0003FFF9, 0x00070000, 0x00000000, 0x00010003, 0xFFF90007, 0x00000000, 0x00000001, 0x000BFFFB,
    0x00260000, 0x00000000, 0x0001000B, 0xFFFB0026, 0x00000000, 0x00000001, 0x0023002B, 0xFFFCFCAC,
    0xFD0C004D, 0x00010023, 0x002BFFFC, 0xFCACFD0C, 0x004D0001, 0x000BFFDD, 0x000303E0, 0xFF75FF2D,
    0x0001000B, 0xFFDD0003, 0x03E0FF75, 0xFF2D0001, 0xFFFBFFEF, 0x001F0000, 0x00000000, 0x0001FFFB,
    0xFFEF001F, 0x00000000, 0x00000001, 0x00000000, 0x00000000, 0x000000B0, 0x0000000B, 0x000B000B,
    0x0016000B, 0x0021000B, 0x002C000B, 0x0037000B, 0x0042000B, 0x004D000B, 0x0058000B, 0x0063000B,
    0x006E000B, 0x0079000B, 0x0084000B, 0x008F000B, 0x009A000B, 0x00A5000B, 0x00000000, 0x00000000,
    0x00000000, 0x00000000, 0x00010000, 0x00000000, 0x00000000, 0x00000006, 0x00000000, 0x00000000,
    0x00000000, 0x00060000, 0x00000000, 0x00000000, 0x0000000A, 0x00000000, 0x00000000, 0x00000000,
    0x00040000, 0x00000000, 0x00000000, 0x00000004, 0x00000000, 0x00000000, 0x00000000, 0x00040000,
    0x00000000, 0x00000000, 0x0000000A, 0x00000000, 0x00000000, 0x00000000, 0x000C0000, 0x00000000,
    0x00000000, 0x0000000A, 0x00000000, 0x00000000, 0x00000000, 0x000D0000, 0x00120004, 0x0185027F,
    0xFF4D0001, 0x00000012, 0x00040142, 0x018CFFAA, 0x00060000, 0x00120004, 0x00FE009A, 0x00050006,
    0x00000012, 0x0004010D, 0x00CFFFF2, 0x000A0000, 0x00120004, 0x010D00CF, 0xFFF20004, 0x00000012,
    0x0004010D, 0x00CEFFF2, 0x00040000, 0x00120004, 0x010D00CF, 0xFFF20004, 0x00000012, 0x0004010D,
    0x00CEFFF2, 0x000A0000, 0x00120004, 0x010D00CE, 0xFFF2000C, 0x00000012, 0x0004010D, 0x00CEFFF2,
    0x000A0000, 0x00120004, 0x0185027F, 0xFF4D000D, 0x00000021, 0x001A0000, 0x00000000, 0x00010000,
    0x0021001A, 0x00000000, 0x00000006, 0x00000021, 0x001A0000, 0x00000000, 0x00060000, 0x0021001A,
    0x00000000, 0x0000000A, 0x00000021, 0x001A0000, 0x00000000, 0x00040000, 0x0021001A, 0x00000000,
    0x00000004, 0x00000021, 0x001A0000, 0x00000000, 0x00040000, 0x0021001A, 0x00000000, 0x0000000A,
    0x00000021, 0x001A0000, 0x00000000, 0x000C0000, 0x0021001A, 0x00000000, 0x0000000A, 0x00000021,
    0x001A0000, 0x00000000, 0x000D0000, 0x0021FFE8, 0x00000000, 0x00000001, 0x00000021, 0xFFE80000,
    0x00000000, 0x00060000, 0x0021FFE8, 0x00000000, 0x00000006, 0x00000021, 0xFFE80000, 0x00000000,
    0x000A0000, 0x0021FFE8, 0x00000000, 0x00000004, 0x00000021, 0xFFE80000, 0x00000000, 0x00040000,
    0x0021FFE8, 0x00000000, 0x00000004, 0x00000021, 0xFFE80000, 0x00000000, 0x000A0000, 0x0021FFE8,
    0x00000000, 0x0000000C, 0x00000021, 0xFFE80000, 0x00000000, 0x000A0000, 0x0021FFE8, 0x00000000,
    0x0000000D, 0x0000000F, 0x00120000, 0x00000000, 0x00010000, 0x000F0012, 0x00000000, 0x00000006,
    0x0000000F, 0x00120000, 0x00000000, 0x00060000, 0x000F0012, 0x00000000, 0x0000000A, 0x0000000F,
    0x00120000, 0x00000000, 0x00040000, 0x000F0012, 0x00000000, 0x00000004, 0x0000000F, 0x00120000,
    0x00000000, 0x00040000, 0x000F0012, 0x00000000, 0x0000000A, 0x0000000F, 0x00120000, 0x00000000,
    0x000C0000, 0x000F0012, 0x00000000, 0x0000000A, 0x0000000F, 0x00120000, 0x00000000, 0x000D0000,
    0x003EFFFE, 0xFFEAFFDB, 0xFFFC0001, 0x0000003E, 0xFFFEFFF5, 0xFFEEFFFE, 0x00060000, 0x003EFFFE,
    0x00000000, 0x00000006, 0x0000003E, 0xFFFE0000, 0x00000000, 0x000A0000, 0x003EFFFE, 0x00000000,
    0x00000004, 0x0000003E, 0xFFFE0005, 0xFFF5001C, 0x00040000, 0x003EFFFE, 0x00000000, 0x00000004,
    0x0000003E, 0xFFFE0005, 0xFFF5001C, 0x000A0000, 0x003EFFFE, 0x0005FFF5, 0x001C000C, 0x0000003E,
    0xFFFE0005, 0xFFF5001C, 0x000A0000, 0x003EFFFE, 0xFFEAFFDB, 0xFFFC000D, 0x00000013, 0x0006024E,
    0x07D603AC, 0x00010000, 0x00130006, 0xFCA20285, 0xFF7E0006, 0x00000013, 0x0006FB72, 0x00EC0052,
    0x00060000, 0x00130006, 0xFB840113, 0x0048000A, 0x00000013, 0x0006FBE5, 0x015F00D9, 0x00040000,
    0x00130006, 0xFB4E00BD, 0xFF520004, 0x00000013, 0x0006FB94, 0x00B9FF5A, 0x00040000, 0x00130006,
    0xFB4E00BD, 0xFF52000A, 0x00000013, 0x0006FDA3, 0xFFC4001E, 0x000C0000, 0x00130006, 0xFDA3FFC4,
    0x001E000A, 0x00000013, 0x0006024E, 0x07D603AC, 0x000D0000, 0x00050002, 0x00000000, 0x00000001,
    0x00000005, 0x00020000, 0x00000000, 0x00060000, 0x00050002, 0x00000000, 0x00000006, 0x00000005,
    0x00020000, 0x00000000, 0x000A0000, 0x00050002, 0x00000000, 0x00000004, 0x00000005, 0x00020000,
    0x00000000, 0x00040000, 0x00050002, 0x00000000, 0x00000004, 0x00000005, 0x00020000, 0x00000000,
    0x000A0000, 0x00050002, 0x00000000, 0x0000000C, 0x00000005, 0x00020000, 0x00000000, 0x000A0000,
    0x00050002, 0x00000000, 0x0000000D, 0xFFDF002B, 0xFFFC0185, 0xFF73FFAE, 0x0001FFDF, 0x002BFFFC,
    0x0178FF76, 0xFF9D0006, 0xFFDF002B, 0xFFFC016B, 0xFF78FF8C, 0x0006FFDF, 0x002BFFFC, 0x029AFF08,
    0xFBBE000A, 0xFFDF002B, 0xFFFC041C, 0xFE51FBCB, 0x0004FFDF, 0x002BFFFC, 0x0213FF6C, 0xFBC90004,
    0xFFDF002B, 0xFFFC041C, 0xFE51FBCB, 0x0004FFDF, 0x002BFFFC, 0x0208FFD2, 0x0029000A, 0xFFDF002B,
    0xFFFC0208, 0xFFD20029, 0x000CFFDF, 0x002BFFFC, 0x0208FFD2, 0x0029000A, 0xFFDF002B, 0xFFFC0185,
    0xFF73FFAE, 0x000DFFF5, 0xFFDD0001, 0x00C2FF73, 0x00250001, 0xFFF5FFDD, 0x000100B3, 0xFF93FFF4,
    0x0006FFF5, 0xFFDD0001, 0x00A5FFB2, 0xFFC30006, 0xFFF5FFDD, 0x0001FD23, 0xFF1B0494, 0x000AFFF5,
    0xFFDD0001, 0xFC9600B3, 0x04500004, 0xFFF5FFDD, 0x0001FD8E, 0xFE2F03F8, 0x0004FFF5, 0xFFDD0001,
    0xFC9600B3, 0x04500004, 0xFFF5FFDD, 0x00010097, 0xFD0B036B, 0x000AFFF5, 0xFFDD0001, 0x0097FD0B,
    0x036B000C, 0xFFF5FFDD, 0x00010097, 0xFD0B036B, 0x000AFFF5, 0xFFDD0001, 0x00C2FF73, 0x0025000D,
    0x0001FFF0, 0x0021000D, 0x0005FF70, 0x00010001, 0xFFF00021, 0x00060002, 0xFFB80006, 0x0001FFF0,
    0x00210000, 0x00000000, 0x00060001, 0xFFF00021, 0xFF8BFE7A, 0xFEC3000A, 0x0001FFF0, 0x0021FF8B,
    0xFE7AFEC3, 0x00040001, 0xFFF00021, 0xFF78FE4C, 0xFF7D0004, 0x0001FFF0, 0x0021FF8B, 0xFE7AFEC3,
    0x00040001, 0xFFF00021, 0x00030109, 0xFB92000A, 0x0001FFF0, 0x00210003, 0x0109FB92, 0x000C0001,
    0xFFF00021, 0x00030109, 0xFB92000A, 0x0001FFF0, 0x0021000D, 0x0005FF70, 0x000D0003, 0xFFF90007,
    0xFFF8FFFB, 0xFFEE0001, 0x0003FFF9, 0x0007FFFC, 0xFFFEFFF7, 0x00060003, 0xFFF90007, 0x00000000,
    0x00000006, 0x0003FFF9, 0x00070000, 0x00000000, 0x000A0003, 0xFFF90007, 0x00000000, 0x00000004,
    0x0003FFF9, 0x00070006, 0xFFE8FFD1, 0x00040003, 0xFFF90007, 0x00000000, 0x00000004, 0x0003FFF9,
    0x00070006, 0xFFE8FFD1, 0x000A0003, 0xFFF90007, 0x0006FFE8, 0xFFD1000C, 0x0003FFF9, 0x00070006,
    0xFFE8FFD1, 0x000A0003, 0xFFF90007, 0xFFF8FFFB, 0xFFEE000D, 0x000BFFFB, 0x00260000, 0x0000FFF1,
    0x0001000B, 0xFFFB0026, 0x00000000, 0xFFF90006, 0x000BFFFB, 0x00260000, 0x00000000, 0x0006000B,
    0xFFFB0026, 0x00000000, 0x0000000A, 0x000BFFFB, 0x00260000, 0x00000000, 0x0004000B, 0xFFFB0026,
    0x00000000, 0xFFEF0004, 0x000BFFFB, 0x00260000, 0x00000000, 0x0004000B, 0xFFFB0026, 0x00000000,
    0xFFEF000A, 0x000BFFFB, 0x00260000, 0x0000FFEF, 0x000C000B, 0xFFFB0026, 0x00000000, 0xFFEF000A,
    0x000BFFFB, 0x00260000, 0x0000FFF1, 0x000D0023, 0x002BFFFC, 0x0142FF70, 0x00460001, 0x0023002B,
    0xFFFC0121, 0xFFE30051, 0x00060023, 0x002BFFFC, 0x01000054, 0x005B0006, 0x0023002B, 0xFFFC035B,
    0x004401BF, 0x000A0023, 0x002BFFFC, 0x035B0044, 0x01BF0004, 0x0023002B, 0xFFFC035B, 0x004401BF,
    0x00040023, 0x002BFFFC, 0x035B0044, 0x01BF0004, 0x0023002B, 0xFFFC011D, 0xFF97FFD2, 0x000A0023,
    0x002BFFFC, 0x011DFF97, 0xFFD2000C, 0x0023002B, 0xFFFC011D, 0xFF97FFD2, 0x000A0023, 0x002BFFFC,
    0x0142FF70, 0x0046000D, 0x000BFFDD, 0x0003016F, 0x00BF002C, 0x0001000B, 0xFFDD0003, 0x013C008E,
    0x00420006, 0x000BFFDD, 0x00030109, 0x005D0058, 0x0006000B, 0xFFDD0003, 0xFC270008, 0xFE1B000A,
    0x000BFFDD, 0x0003FC27, 0x0008FE1B, 0x0004000B, 0xFFDD0003, 0xFC270008, 0xFE1B0004, 0x000BFFDD,
    0x0003FC27, 0x0008FE1B, 0x0004000B, 0xFFDD0003, 0x0297017A, 0x0049000A, 0x000BFFDD, 0x00030297,
    0x017A0049, 0x000C000B, 0xFFDD0003, 0x0297017A, 0x0049000A, 0x000BFFDD, 0x0003016F, 0x00BF002C,
    0x000DFFFB, 0xFFEF001F, 0xFFE60009, 0xFFD40001, 0xFFFBFFEF, 0x001FFFF3, 0x0004FFEA, 0x0006FFFB,
    0xFFEF001F, 0x00000000, 0x00000006, 0xFFFBFFEF, 0x001FFFD9, 0x04D4F8EB, 0x000AFFFB, 0xFFEF001F,
    0xFFD904D4, 0xF8EB0004, 0xFFFBFFEF, 0x001FFFD9, 0x04D4F8EB, 0x0004FFFB, 0xFFEF001F, 0xFFD904D4,
    0xF8EB0004, 0xFFFBFFEF, 0x001FFF94, 0x006DFE79, 0x000AFFFB, 0xFFEF001F, 0xFF94006D, 0xFE79000C,
    0xFFFBFFEF, 0x001FFF94, 0x006DFE79, 0x000AFFFB, 0xFFEF001F, 0xFFE60009, 0xFFD4000D, 0x00000000,
    0x00000000, 0x00000070, 0x00000007, 0x00070007, 0x000E0007, 0x00150007, 0x001C0007, 0x00230007,
    0x002A0007, 0x00310007, 0x00380007, 0x003F0007, 0x00460007, 0x004D0007, 0x00540007, 0x005B0007,
    0x00620007, 0x00690007, 0x00000000, 0xFFC20055, 0x0000FFB2, 0x00AB0044, 0x0001FF92, 0x006C0005,
    0xFF4A0191, 0x00A00006, 0xFF6F007E, 0x000AFEFB, 0x023C00E4, 0x0006FF10, 0x00A70015, 0xFE4403CD,
    0x0184000A, 0xFEAA00A6, 0x0015FE3E, 0x03C301ED, 0x000EFE66, 0x00A60015, 0xFE3B03BC, 0x02330009,
    0xFD9E007B, 0x0015FE1F, 0x03A10369, 0x0018FFF2, 0xFFF80000, 0xFA7D0167, 0x023B0001, 0xFFF2FFF8,
    0x0000FD02, 0x021602D3, 0x0006FFF2, 0xFFF80000, 0xFEC902BA, 0x02CD0006, 0xFFF2FFF8, 0x0000FCC2,
    0x033F029B, 0x000AFFF2, 0xFFF80000, 0xFC3A0337, 0x028D000E, 0xFFF2FFF8, 0x0000FBDF, 0x03320283,
    0x0009FFF2, 0xFFF80000, 0xFC900344, 0x025B0018, 0xFFF8FFC0, 0x0008097D, 0x00000000, 0x0001FFF8,
    0xFFC00008, 0x045B0000, 0x00000006, 0xFFF8FFC0, 0x00080000, 0x00000000, 0x0006FFF8, 0xFFC00008,
    0x00000000, 0x0000000A, 0xFFF8FFC0, 0x000801D3, 0x00000000, 0x000EFFF8, 0xFFC00008, 0x030B0000,
    0x00000009, 0xFFF8FFC0, 0x000802CA, 0x00000000, 0x0018FFFB, 0xFFBFFFF8, 0xFD47FF2B, 0xFFFB0001,
    0xFFFBFFBF, 0xFFF800D3, 0xFEF4FFEC, 0x0006FFFB, 0xFFBFFFF8, 0x0683FE9E, 0xFF030006, 0xFFFBFFBF,
    0xFFF803CD, 0xFD610051, 0x000AFFFB, 0xFFBFFFF8, 0x03C4FD7E, 0x003C000E, 0xFFFBFFBF, 0xFFF803BD,
    0xFD91002E, 0x0009FFFB, 0xFFBFFFF8, 0x047EFD73, 0xFFC10018, 0x0012FFF8, 0x0001FA94, 0x041901D1,
    0x00010012, 0xFFF80001, 0xFC7C0440, 0x02200006, 0x0012FFF8, 0x0001FCAE, 0x03E001C7, 0x00060012,
    0xFFF80001, 0xFD1B0485, 0x01CE000A, 0x0012FFF8, 0x0001FDAD, 0x04010259, 0x000E0012, 0xFFF80001,
    0xFDB10441, 0x02310009, 0x0012FFF8, 0x0001FE1E, 0x03A80291, 0x00180005, 0xFFC10006, 0x06150000,
    0x00000001, 0x0005FFC1, 0x00060300, 0x00000000, 0x00060005, 0xFFC10006, 0x01E20000, 0x00000006,
    0x0005FFC1, 0x00060000, 0x00000000, 0x000A0005, 0xFFC10006, 0x00000000, 0x0000000E, 0x0005FFC1,
    0x00060000, 0x00000000, 0x00090005, 0xFFC10006, 0x00000000, 0x00000018, 0x0003FFBE, 0xFFFA0160,
    0xFD49001B, 0x00010003, 0xFFBEFFFA, 0x0406FEA4, 0x00240006, 0x0003FFBE, 0xFFFA0492, 0xFF1C0064,
    0x00060003, 0xFFBEFFFA, 0x053D00B0, 0x003D000A, 0x0003FFBE, 0xFFFA0494, 0x00C50044, 0x000E0003,
    0xFFBEFFFA, 0x042300D2, 0x00480009, 0x0003FFBE, 0xFFFA043A, 0x00CF0047, 0x00180000, 0x000C0000,
    0x03B80271, 0x02240001, 0x0000000C, 0x000003B5, 0x038302AD, 0x00060000, 0x000C0000, 0x03B20451,
    0x03140006, 0x0000000C, 0x000003AD, 0x06300403, 0x000A0000, 0x000C0000, 0x03AD0630, 0x0403000E,
    0x0000000C, 0x000003AD, 0x06300403, 0x00090000, 0x000C0000, 0x03CC059A, 0x03540018, 0x00000032,
    0x0004FDC3, 0x01A4FF5B, 0x00010000, 0x00320004, 0xFD9F0117, 0xFF6E0006, 0x00000032, 0x0004FD84,
    0x00AEFF7C, 0x00060000, 0x00320004, 0xFD44FFB9, 0xFF9D000A, 0x00000032, 0x0004FD6F, 0xFEEBFF92,
    0x000E0000, 0x00320004, 0xFD44FFB9, 0xFF9D0009, 0x00000032, 0x0004FDEF, 0xFFB70000, 0x00180000,
    0x000F0002, 0x02D9014C, 0x007B0001, 0x0000000F, 0x000203AA, 0x007C0019, 0x00060000, 0x000F0002,
    0x0447FFE1, 0xFFD10006, 0x0000000F, 0x000205B6, 0xFE75FF26, 0x000A0000, 0x000F0002, 0x051EFE27,
    0xFF5E000E, 0x0000000F, 0x000205B6, 0xFE75FF26, 0x00090000, 0x000F0002, 0x0510FE7D, 0xFF040018,
    0xFFE6002C, 0xFFFEFF5F, 0x00C8FD13, 0x0001FFE6, 0x002CFFFE, 0xFA7F01B7, 0xFD1D0006, 0xFFE6002C,
    0xFFFEFA67, 0x0154FD0B, 0x0006FFE6, 0x002CFFFE, 0xFBB802DC, 0xFCF2000A, 0xFFE6002C, 0xFFFEF9C5,
    0xFE19FC20, 0x000EFFE6, 0x002CFFFE, 0xFAA40021, 0xFB9E0009, 0xFFE6002C, 0xFFFEFA9F, 0x0066FE26,
    0x0018FFF1, 0xFFD8FFF9, 0xF70B0170, 0x03C90001, 0xFFF1FFD8, 0xFFF9F8B1, 0xFF3304A1, 0x0006FFF1,
    0xFFD8FFF9, 0xF92DFC90, 0x05380006, 0xFFF1FFD8, 0xFFF9F976, 0xF86A0547, 0x000AFFF1, 0xFFD8FFF9,
    0xF9B2FCBC, 0xFFDA000E, 0xFFF1FFD8, 0xFFF9FD14, 0xFA5A006F, 0x0009FFF1, 0xFFD8FFF9, 0x0074F7F7,
    0x01050018, 0xFFFAFFDA, 0x0015FE2B, 0x0031FD33, 0x0001FFFA, 0xFFDA0015, 0x0163017E, 0xFFA20006,
    0xFFFAFFDA, 0x00150163, 0x017EFFA2, 0x0006FFFA, 0xFFDA0015, 0xFFBE0248, 0xFE9F000A, 0xFFFAFFDA,
    0x0015FE2A, 0x0106FEB0, 0x000EFFFA, 0xFFDA0015, 0xFEE30308, 0xFCE60009, 0xFFFAFFDA, 0x0015FEE3,
    0x0308FCE6, 0x0018001A, 0x002BFFFD, 0xFEA7012F, 0x00F10001, 0x001A002B, 0xFFFDFE30, 0x010201B9,
    0x0006001A, 0x002BFFFD, 0xFDD700E1, 0x024F0006, 0x001A002B, 0xFFFDFD08, 0x009403AD, 0x000A001A,
    0x002BFFFD, 0xFD760124, 0x02D1000E, 0x001A002B, 0xFFFDFD08, 0x009403AD, 0x0009001A, 0x002BFFFD,
    0xFD670054, 0x036B0018, 0x000CFFD9, 0xFFFBF94B, 0x00000000, 0x0001000C, 0xFFD9FFFB, 0xFB210000,
    0x00000006, 0x000CFFD9, 0xFFFBFC82, 0x00000000, 0x0006000C, 0xFFD9FFFB, 0xFFB80000, 0x0000000A,
    0x000CFFD9, 0xFFFBFFB8, 0x00000000, 0x000E000C, 0xFFD9FFFB, 0xFFB80000, 0x00000009, 0x000CFFD9,
    0xFFFBFCE5, 0x00000000, 0x00180007, 0xFFDB0015, 0xFD9FFFDC, 0x00140001, 0x0007FFDB, 0x0015FD9E,
    0xFFDF0017, 0x00060007, 0xFFDB0015, 0xFD9EFFE2, 0x00180006, 0x0007FFDB, 0x0015FD9D, 0xFFE9001C,
    0x000A0007, 0xFFDB0015, 0xFD9DFFE9, 0x001C000E, 0x0007FFDB, 0x0015FD9D, 0xFFE9001C, 0x00090007,
    0xFFDB0015, 0xFCB20110, 0xFFFA0018, 0x00000000, 0x00000000, 0x00000012, 0x00000006, 0x00060006,
    0x000C0006, 0x00000000, 0x00000000, 0x00000000, 0x00000000, 0x00000000, 0x00000000, 0x00000000,
    0x00000000, 0x00000000, 0x00000000, 0x00000000, 0x00000000, 0x00000000, 0x00000000, 0x00000000,
    0x00000000, 0x00000000, 0x00010000, 0x00000000, 0x00000000, 0x00000013, 0x00000000, 0x00000000,
    0x00000000, 0x00020000, 0x00000000, 0x00000000, 0x00000002, 0x00000000, 0x00000000, 0x00000000,
    0x00020000, 0x00000000, 0x00000000, 0x00000002, 0x00000001, 0x00000000, 0x00000000, 0x00010000,
    0x00450000, 0x00000000, 0x00000013, 0x00000038, 0x00000000, 0x00000000, 0x00020000, 0x004A0000,
    0x00000000, 0x00000002, 0x00000042, 0x00000000, 0x00000000, 0x00020000, 0x00450000, 0x00000000,
    0x00000002, 0x00000001, 0x00000000, 0x00000000, 0x00010000, 0x00450000, 0x00000000, 0x00000013,
    0x00000038, 0x00000000, 0x00000000, 0x00020000, 0x004A0000, 0x00000000, 0x00000002, 0x00000042,
    0x00000000, 0x00000000, 0x00020000, 0x00450000, 0x00000000, 0x00000002, 0x00000000, 0x00000000,
    0x00000000, 0x00000012, 0x00000006, 0x00060006, 0x000C0006, 0x00000000, 0x00000000, 0x00000000,
    0x00000000, 0x00000000, 0x00000000, 0x00000000, 0x00000000, 0x00000000, 0x00000000, 0x00000000,
    0x00000000, 0x00000000, 0x00000000, 0x00000000, 0x00000000, 0x00000000, 0x00010000, 0x00000000,
    0x00000000, 0x00000013, 0x00000000, 0x00000000, 0x00000000, 0x00020000, 0x00000000, 0x00000000,
    0x00000002, 0x00000000, 0x00000000, 0x00000000, 0x00020000, 0x00000000, 0x00000000, 0x00000002,
    0x00000045, 0x00000000, 0x00000000, 0x00010000, 0x00660000, 0x00000000, 0x00000013, 0x0000005F,
    0x00000000, 0x00000000, 0x00020000, 0x006A0000, 0x00000000, 0x00000002, 0x00000063, 0x00000000,
    0x00000000, 0x00020000, 0x00660000, 0x00000000, 0x00000002, 0x00000045, 0x00000000, 0x00000000,
    0x00010000, 0x00660000, 0x00000000, 0x00000013, 0x0000005F, 0x00000000, 0x00000000, 0x00020000,
    0x006A0000, 0x00000000, 0x00000002, 0x00000063, 0x00000000, 0x00000000, 0x00020000, 0x00660000,
    0x00000000, 0x00000002, 0x00000000, 0x00000000, 0x00000000, 0x00000006, 0x00000002, 0x00020002,
    0x00040002, 0x00000000, 0x00000000, 0x00000000, 0x00000000, 0x00000000, 0x00000000, 0x00000000,
    0x00000000, 0x00000000, 0x00000000, 0x00000000, 0x00000000, 0x00000000, 0x00000000, 0x00000000,
    0x00000000, 0x00000000, 0x00010000, 0x00000000, 0x00000000, 0x0000001D, 0x00000066, 0x00000000,
    0x00000000, 0x00010000, 0x01210000, 0x00000000, 0x0000001D, 0x00000066, 0x00000000, 0x00000000,
    0x00010000, 0x01210000, 0x00000000, 0x0000001D, 0x00000000, 0x00000006, 0x00000002, 0x00020002,
    0x00040002, 0x00000000, 0x00000000, 0x00000000, 0x00000000, 0x00000000, 0x00000000, 0x00000000,
    0x00000000, 0x00000000, 0x00000000, 0x00000000, 0x00000000, 0x00000000, 0x00000000, 0x00000000,
    0x00000000, 0x00000000, 0x00010000, 0x00000000, 0x00000000, 0x00000001, 0x00000045, 0x00000000,
    0x00000000, 0x00010000, 0x00450000, 0x00000000, 0x00000001, 0x00000045, 0x00000000, 0x00000000,
    0x00010000, 0x00450000, 0x00000000, 0x00000001, 0x00000000, 0x00000040, 0x00000004, 0x00040004,
    0x00080004, 0x000C0004, 0x00100004, 0x00140004, 0x00180004, 0x001C0004, 0x00200004, 0x00240004,
    0x00280004, 0x002C0004, 0x00300004, 0x00340004, 0x00380004, 0x003C0004, 0x00000000, 0x00000000,
    0x00000000, 0x00000000, 0x00010000, 0x00000000, 0x00000000, 0x00000013, 0x00000000, 0x00000000,
    0x00000000, 0x00140000, 0x00000000, 0x00000000, 0x0000000A, 0x00000012, 0x00040000, 0x00000000,
    0x00010000, 0x00120004, 0x00000000, 0x00000013, 0x00000012, 0x00040000, 0x00000000, 0x00140000,
    0x00120004, 0xFEF6F9B5, 0xFFE1000A, 0x00000021, 0x001A0000, 0x00000000, 0x00010000, 0x0021001A,
    0x00000000, 0x00000013, 0x00000021, 0x001A0000, 0x00000000, 0x00140000, 0x0021001A, 0x00000000,
    0x0000000A, 0x00000021, 0xFFE80000, 0x00000000, 0x00010000, 0x0021FFE8, 0x00000000, 0x00000013,
    0x00000021, 0xFFE80000, 0x00000000, 0x00140000, 0x0021FFE8, 0x00000000, 0x0000000A, 0x0000000F,
    0x00120000, 0x00000000, 0x00010000, 0x000F0012, 0x00000000, 0x00000013, 0x0000000F, 0x00120000,
    0x00000000, 0x00140000, 0x000F0012, 0x00000000, 0x0000000A, 0x0000003E, 0xFFFE0000, 0x00000000,
    0x00010000, 0x003EFFFE, 0x00000000, 0x00000013, 0x0000003E, 0xFFFE0000, 0x00000000, 0x00140000,
    0x003EFFFE, 0x00000000, 0x0000000A, 0x00000013, 0x0006FF5C, 0x05CB00E6, 0x00010000, 0x00130006,
    0xFF5C05CB, 0x00E60013, 0x00000013, 0x0006FF5C, 0x05CB00E6, 0x00140000, 0x00130006, 0xFE6100AB,
    0xFF9B000A, 0x00000005, 0x00020000, 0x00000000, 0x00010000, 0x00050002, 0x00000000, 0x00000013,
    0x00000005, 0x00020000, 0x00000000, 0x00140000, 0x00050002, 0x00000000, 0x0000000A, 0xFFDF002B,
    0xFFFC0121, 0xFFCBFFAD, 0x0001FFDF, 0x002BFFFC, 0xFEE4FF92, 0xFEDA0013, 0xFFDF002B, 0xFFFCFEE4,
    0xFF92FEDA, 0x0014FFDF, 0x002BFFFC, 0xFEE4FF92, 0xFEDA000A, 0xFFF5FFDD, 0x0001FCEB, 0x0146FF61,
    0x0001FFF5, 0xFFDD0001, 0xFA7D0107, 0x00250013, 0xFFF5FFDD, 0x0001FA7D, 0x01070025, 0x0014FFF5,
    0xFFDD0001, 0xFA7D0107, 0x0025000A, 0x0001FFF0, 0x00210000, 0x00000000, 0x00010001, 0xFFF00021,
    0x00000000, 0x00000013, 0x0001FFF0, 0x00210000, 0x00000000, 0x00140001, 0xFFF00021, 0x00000000,
    0x0000000A, 0x0003FFF9, 0x00070000, 0x00000000, 0x00010003, 0xFFF90007, 0x00000000, 0x00000013,
    0x0003FFF9, 0x00070000, 0x00000000, 0x00140003, 0xFFF90007, 0x00000000, 0x0000000A, 0x000BFFFB,
    0x00260000, 0x00000000, 0x0001000B, 0xFFFB0026, 0x00000000, 0x00000013, 0x000BFFFB, 0x00260000,
    0x00000000, 0x0014000B, 0xFFFB0026, 0x00000000, 0x0000000A, 0x0023002B, 0xFFFC0000, 0x00000000,
    0x00010023, 0x002BFFFC, 0x00000000, 0x00000013, 0x0023002B, 0xFFFC0000, 0x00000000, 0x00140023,
    0x002BFFFC, 0x00000000, 0x0000000A, 0x000BFFDD, 0x00030000, 0x00000000, 0x0001000B, 0xFFDD0003,
    0x00000000, 0x00000013, 0x000BFFDD, 0x00030000, 0x00000000, 0x0014000B, 0xFFDD0003, 0x00000000,
    0x0000000A, 0xFFFBFFEF, 0x001F0000, 0x00000000, 0x0001FFFB, 0xFFEF001F, 0x00000000, 0x00000013,
    0xFFFBFFEF, 0x001F0000, 0x00000000, 0x0014FFFB, 0xFFEF001F, 0x00000000, 0x0000000A, 0x00000000,
    0x00000000, 0x00000020, 0x00000002, 0x00020002, 0x00040002, 0x00060002, 0x00080002, 0x000A0002,
    0x000C0002, 0x000E0002, 0x00100002, 0x00120002, 0x00140002, 0x00160002, 0x00180002, 0x001A0002,
    0x001C0002, 0x001E0002, 0x00000000, 0x00000000, 0x00000000, 0x00000000, 0x00010000, 0x00000000,
    0x00000000, 0x00000013, 0x00000012, 0x00040000, 0x00000000, 0x00010000, 0x00120004, 0x00000000,
    0x00000013, 0x00000021, 0x001A0000, 0x00000000, 0x00010000, 0x0021001A, 0x00000000, 0x00000013,
    0x00000021, 0xFFE80000, 0x00000000, 0x00010000, 0x0021FFE8, 0x00000000, 0x00000013, 0x0000000F,
    0x00120000, 0x00000000, 0x00010000, 0x000F0012, 0x00000000, 0x00000013, 0x0000003E, 0xFFFE0000,
    0x00000000, 0x00010000, 0x003EFFFE, 0x00000000, 0x00000013, 0x00000013, 0x0006FEB1, 0x03AD00AA,
    0x00010000, 0x00130006, 0xFF220536, 0x01310013, 0x00000005, 0x00020000, 0x00000000, 0x00010000,
    0x00050002, 0x00000000, 0x00000013, 0xFFDF002B, 0xFFFCFF78, 0x00270044, 0x0001FFDF, 0x002BFFFC,
    0xFF0CFEF5, 0xFEE40013, 0xFFF5FFDD, 0x0001010E, 0xFF0C00AD, 0x0001FFF5, 0xFFDD0001, 0xFD9A0039,
    0x01880013, 0x0001FFF0, 0x00210000, 0x00000000, 0x00010001, 0xFFF00021, 0x00000000, 0x00000013,
    0x0003FFF9, 0x00070000, 0x00000000, 0x00010003, 0xFFF90007, 0x00000000, 0x00000013, 0x000BFFFB,
    0x00260000, 0x00000000, 0x0001000B, 0xFFFB0026, 0x00000000, 0x00000013, 0x0023002B, 0xFFFCFFFB,
    0x00CB0050, 0x00010023, 0x002BFFFC, 0xFFDC018C, 0x015C0013, 0x000BFFDD, 0x00030000, 0x00000000,
    0x0001000B, 0xFFDD0003, 0xFEF80065, 0xFFFB0013, 0xFFFBFFEF, 0x001FFFA0, 0xFFBE026E, 0x0001FFFB,
    0xFFEF001F, 0xFFA0FFBE, 0x026E0013, 0x00000000, 0x00000000, 0x0000000A, 0x00000002, 0x00020002,
    0x00040002, 0x00060002, 0x00080002, 0x00000000, 0x00000000, 0x00000000, 0x00000000, 0x00000000,
    0x00000000, 0x00000000, 0x00000000, 0x00000000, 0x00000000, 0x00000000, 0x00000000, 0x00000000,
    0x00000000, 0x00000000, 0x00010000, 0x00000000, 0x00000000, 0x0000001D, 0xFF37015A, 0xFF510000,
    0x00000000, 0x0001FF37, 0x015AFF51, 0x00000000, 0x0000001D, 0x00FF0158, 0xFF520000, 0x00000000,
    0x000100FF, 0x0158FF52, 0x00000000, 0x0000001D, 0x0000002E, 0x00000000, 0x00000000, 0x00010000,
    0x00CC0000, 0x00000000, 0x0000001D, 0x00000160, 0x00000000, 0x00000000, 0x00010000, 0x00CC0000,
    0x00000000, 0x0000001D, 0x00000000, 0x00000000, 0x00000000, 0x0000000A, 0x00000002, 0x00020002,
    0x00040002, 0x00060002, 0x00080002, 0x00000000, 0x00000000, 0x00000000, 0x00000000, 0x00000000,
    0x00000000, 0x00000000, 0x00000000, 0x00000000, 0x00000000, 0x00000000, 0x00000000, 0x00000000,
    0x00000000, 0x00000000, 0x00010000, 0x00000000, 0x00000000, 0x00000001, 0xFF37015A, 0xFF510000,
    0x00000000, 0x0001FF37, 0x015AFF51, 0x00000000, 0x00000001, 0x00FF0158, 0xFF520000, 0x00000000,
    0x000100FF, 0x0158FF52, 0x00000000, 0x00000001, 0x0000002E, 0x00000000, 0x00000000, 0x00010000,
    0x002E0000, 0x00000000, 0x00000001, 0x00000160, 0x00000000, 0x00000000, 0x00010000, 0x01600000,
    0x00000000, 0x00000001, 0x00000000, 0x00000000, 0x00000000, 0x00000006, 0x00000002, 0x00020002,
    0x00040002, 0x00000000, 0x00000000, 0x00000000, 0x00000000, 0x00000000, 0x00000000, 0x00000000,
    0x00000000, 0x00000000, 0x00000000, 0x00000000, 0x00000000, 0x00000000, 0x00000000, 0x00000000,
    0x00000000, 0x00000000, 0x00010000, 0x00000000, 0x00000000, 0x00000001, 0x00000066, 0x00000000,
    0x00000000, 0x00010000, 0x00660000, 0x00000000, 0x00000001, 0x00000066, 0x00000000, 0x00000000,
    0x00010000, 0x00660000, 0x00000000, 0x00000001, 0x00000000, 0x000001B0, 0x0000001B, 0x001B001B,
    0x0036001B, 0x0051001B, 0x006C001B, 0x0087001B, 0x00A2001B, 0x00BD001B, 0x00D8001B, 0x00F3001B,
    0x010E001B, 0x0129001B, 0x0144001B, 0x015F001B, 0x017A001B, 0x0195001B, 0x00000000, 0x00000090,
    0x00000000, 0x00320000, 0x00010000, 0x00930044, 0x00000058, 0x00000002, 0x00000094, 0x005B0000,
    0x00710000, 0x00020000, 0x00930088, 0x0000002D, 0x00000002, 0x0000008E, 0x00DA0000, 0x00000000,
    0x00060000, 0x009000F5, 0x0000FFD3, 0x00000002, 0x00000093, 0x01110000, 0xFFB00000, 0x00020000,
    0x00940127, 0x0000FF9A, 0x00000002, 0x00000093, 0x01550000, 0xFFD70000, 0x00040000, 0x008E0199,
    0x00000000, 0x00000004, 0x00000090, 0x01B00000, 0x00320000, 0x00020000, 0x009301DD, 0x00000058,
    0x00000004, 0x00000094, 0x01F40000, 0x00710000, 0x00020000, 0x00930222, 0x0000002D, 0x00000002,
    0x00000090, 0x02740000, 0xFFD30000, 0x00060000, 0x009302AA, 0x0000FFB0, 0x00000004, 0x00000094,
    0x02C10000, 0xFF9A0000, 0x00020000, 0x009302EE, 0x0000FFD7, 0x00000004, 0x00000082, 0x03120000,
    0x00000000, 0x00060000, 0x00860313, 0x00000000, 0x00000002, 0x0000008D, 0x03150000, 0x00000000,
    0x00040000, 0x008D0315, 0x00000000, 0x00000004, 0x000B0087, 0x031A0000, 0x00000000, 0x0006001A,
    0x00800321, 0x00000000, 0x00000008, 0x001A0080, 0x03210000, 0x00000000, 0x0006000D, 0x0086031B,
    0x00000000, 0x00000006, 0x0000008D, 0x03150000, 0x00000000, 0x0007FFF2, 0xFFF80000, 0xFD62FFB6,
    0x00D60001, 0xFFF2FFF8, 0x0000FCD3, 0x006F0092, 0x0002FFF2, 0xFFF80000, 0xFCFB005D, 0x009D0002,
    0xFFF2FFF8, 0x0000FE14, 0x00800089, 0x0002FFF2, 0xFFF80000, 0x008900A5, 0x00AD0006, 0xFFF2FFF8,
    0x0000024F, 0xFFE2008E, 0x0002FFF2, 0xFFF80000, 0x0157FFF3, 0x00BA0002, 0xFFF2FFF8, 0x000000D4,
    0xFFF800D8, 0x0002FFF2, 0xFFF80000, 0x001FFFA5, 0x00CF0004, 0xFFF2FFF8, 0x0000FF11, 0xFF2900C1,
    0x0004FFF2, 0xFFF80000, 0xFD62FFB6, 0x00D60002, 0xFFF2FFF8, 0x0000FCD3, 0x006F0092, 0x0004FFF2,
    0xFFF80000, 0xFCFB005D, 0x009D0002, 0xFFF2FFF8, 0x0000FE14, 0x00800089, 0x0002FFF2, 0xFFF80000,
    0x024FFFE2, 0x008E0006, 0xFFF2FFF8, 0x00000157, 0xFFF300BA, 0x0004FFF2, 0xFFF80000, 0x00D4FFF8,
    0x00D80002, 0xFFF2FFF8, 0x0000001F, 0xFFA500CF, 0x0004FFF2, 0xFFF80000, 0xFDCB0005, 0x000D0006,
    0xFFF2FFF8, 0x0000FDA7, 0x001D0002, 0x0002FFF2, 0xFFF80000, 0x00000000, 0x00000004, 0xFFF2FFF8,
    0x00000000, 0x00000000, 0x0004FFF2, 0xFFF80000, 0xFFC2FF4D, 0xFF6E0006, 0xFFF2FFF8, 0x0000FF70,
    0xFE5DFEAB, 0x0008FFF2, 0xFFF80000, 0xFF70FE5D, 0xFEAB0006, 0xFFF2FFF8, 0x0000FFB8, 0xFF2FFF56,
    0x0006FFF2, 0xFFF80000, 0x00000000, 0x00000007, 0xFFF8FFC0, 0x0008074F, 0x00000000, 0x0001FFF8,
    0xFFC00008, 0x03670000, 0x00000002, 0xFFF8FFC0, 0x00080398, 0x00000000, 0x0002FFF8, 0xFFC00008,
    0x021B0000, 0x00000002, 0xFFF8FFC0, 0x000801D4, 0x00000000, 0x0006FFF8, 0xFFC00008, 0x00000000,
    0x00000002, 0xFFF8FFC0, 0x000803C0, 0x00000000, 0x0002FFF8, 0xFFC00008, 0x053D0000, 0x00000002,
    0xFFF8FFC0, 0x000805B6, 0x00000000, 0x0004FFF8, 0xFFC00008, 0x066C0000, 0x00000004, 0xFFF8FFC0,
    0x0008074F, 0x00000000, 0x0002FFF8, 0xFFC00008, 0x03670000, 0x00000004, 0xFFF8FFC0, 0x00080398,
    0x00000000, 0x0002FFF8, 0xFFC00008, 0x021B0000, 0x00000002, 0xFFF8FFC0, 0x00080000, 0x00000000,
    0x0006FFF8, 0xFFC00008, 0x03C00000, 0x00000004, 0xFFF8FFC0, 0x0008053D, 0x00000000, 0x0002FFF8,
    0xFFC00008, 0x05B60000, 0x00000004, 0xFFF8FFC0, 0x0008077E, 0x00000000, 0x0006FFF8, 0xFFC00008,
    0x04830000, 0x00000002, 0xFFF8FFC0, 0x00080000, 0x00000000, 0x0004FFF8, 0xFFC00008, 0x00000000,
    0x00000004, 0xFFF8FFC0, 0x000800D6, 0x00000000, 0x0006FFF8, 0xFFC00008, 0x01F50000, 0x00000008,
    0xFFF8FFC0, 0x000801F5, 0x00000000, 0x0006FFF8, 0xFFC00008, 0x00FA0000, 0x00000006, 0xFFF8FFC0,
    0x00080000, 0x00000000, 0x0007FFFB, 0xFFBFFFF8, 0xFE5EFF55, 0xFFF30001, 0xFFFBFFBF, 0xFFF8FF7F,
    0xFF330009, 0x0002FFFB, 0xFFBFFFF8, 0xFECDFF4A, 0x000B0002, 0xFFFBFFBF, 0xFFF8FF76, 0xFF90FFC8,
    0x0002FFFB, 0xFFBFFFF8, 0xFDBCFF1E, 0x003D0006, 0xFFFBFFBF, 0xFFF8FF53, 0xFF9D000D, 0x0002FFFB,
    0xFFBFFFF8, 0x00BBFF65, 0xFFE90002, 0xFFFBFFBF, 0xFFF80282, 0xFF31FFC3, 0x0002FFFB, 0xFFBFFFF8,
    0x00FFFF82, 0xFFD80004, 0xFFFBFFBF, 0xFFF8FFA0, 0xFF5EFFF2, 0x0004FFFB, 0xFFBFFFF8, 0xFE5EFF55,
    0xFFF30002, 0xFFFBFFBF, 0xFFF8FF7F, 0xFF330009, 0x0004FFFB, 0xFFBFFFF8, 0xFECDFF4A, 0x000B0002,
    0xFFFBFFBF, 0xFFF8FF76, 0xFF90FFC8, 0x0002FFFB, 0xFFBFFFF8, 0xFF53FF9D, 0x000D0006, 0xFFFBFFBF,
    0xFFF800BB, 0xFF65FFE9, 0x0004FFFB, 0xFFBFFFF8, 0x0282FF31, 0xFFC30002, 0xFFFBFFBF, 0xFFF800FF,
    0xFF82FFD8, 0x0004FFFB, 0xFFBFFFF8, 0xFEF60001, 0xFFFE0006, 0xFFFBFFBF, 0xFFF8FE6A, 0xFFF70011,
    0x0002FFFB, 0xFFBFFFF8, 0x00000000, 0x00000004, 0xFFFBFFBF, 0xFFF80000, 0x00000000, 0x0004FFFB,
    0xFFBFFFF8, 0xFF7300DD, 0x00900006, 0xFFFBFFBF, 0xFFF8FEB6, 0x02040151, 0x0008FFFB, 0xFFBFFFF8,
    0xFEB60204, 0x01510006, 0xFFFBFFBF, 0xFFF8FF5B, 0x010200A8, 0x0006FFFB, 0xFFBFFFF8, 0x00000000,
    0x00000007, 0x0012FFF8, 0x000101BF, 0x002BFF8C, 0x00010012, 0xFFF80001, 0x01360036, 0xFF830002,
    0x0012FFF8, 0x00010100, 0x003CFF81, 0x00020012, 0xFFF80001, 0x004C0084, 0xFF950002, 0x0012FFF8,
    0x0001FF3F, 0x00EFFFB4, 0x00060012, 0xFFF80001, 0xFE2C00CC, 0xFFAA0002, 0x0012FFF8, 0x0001FD88,
    0xFFEBFF8E, 0x00020012, 0xFFF80001, 0xFD8AFFDB, 0xFF7E0002, 0x0012FFF8, 0x0001FE8C, 0xFFF6FF81,
    0x00040012, 0xFFF80001, 0x000D001C, 0xFF840004, 0x0012FFF8, 0x000101BF, 0x002BFF8C, 0x00020012,
    0xFFF80001, 0x01360036, 0xFF830004, 0x0012FFF8, 0x00010100, 0x003CFF81, 0x00020012, 0xFFF80001,
    0x004C0084, 0xFF950002, 0x0012FFF8, 0x0001FE2C, 0x00CCFFAA, 0x00060012, 0xFFF80001, 0xFD88FFEB,
    0xFF8E0004, 0x0012FFF8, 0x0001FD8A, 0xFFDBFF7E, 0x00020012, 0xFFF80001, 0xFE8CFFF6, 0xFF810004,
    0x0012FFF8, 0x0001FE03, 0x001B0003, 0x00060012, 0xFFF80001, 0xFEAD0012, 0x00020002, 0x0012FFF8,
    0x00010000, 0x00000000, 0x00040012, 0xFFF80001, 0x00000000, 0x00000004, 0x0012FFF8, 0x0001FE35,
    0x0019FFEE, 0x00060012, 0xFFF80001, 0xFEEA009F, 0xFFB10008, 0x0012FFF8, 0x0001FEEA, 0x009FFFB1,
    0x00060012, 0xFFF80001, 0xFE780033, 0xFFCF0006, 0x0012FFF8, 0x00010000, 0x00000000, 0x00070005,
    0xFFC10006, 0x00000000, 0x00000001, 0x0005FFC1, 0x00060387, 0x00000000, 0x00020005, 0xFFC10006,
    0x04500000, 0x00000002, 0x0005FFC1, 0x00060542, 0x00000000, 0x00020005, 0xFFC10006, 0x06AE0000,
    0x00000006, 0x0005FFC1, 0x00060708, 0x00000000, 0x00020005, 0xFFC10006, 0x03150000, 0x00000002,
    0x0005FFC1, 0x00060217, 0x00000000, 0x00020005, 0xFFC10006, 0x01FC0000, 0x00000004, 0x0005FFC1,
    0x000601D3, 0x00000000, 0x00040005, 0xFFC10006, 0x00000000, 0x00000002, 0x0005FFC1, 0x00060387,
    0x00000000, 0x00040005, 0xFFC10006, 0x04500000, 0x00000002, 0x0005FFC1, 0x00060542, 0x00000000,
    0x00020005, 0xFFC10006, 0x07080000, 0x00000006, 0x0005FFC1, 0x00060315, 0x00000000, 0x00040005,
    0xFFC10006, 0x02170000, 0x00000002, 0x0005FFC1, 0x000601FC, 0x00000000, 0x00040005, 0xFFC10006,
    0x04130000, 0x00000006, 0x0005FFC1, 0x000602B7, 0x00000000, 0x00020005, 0xFFC10006, 0x00000000,
    0x00000004, 0x0005FFC1, 0x00060000, 0x00000000, 0x00040005, 0xFFC10006, 0x044A0000, 0x00000006,
    0x0005FFC1, 0x000603AD, 0x00000000, 0x00080005, 0xFFC10006, 0x03AD0000, 0x00000006, 0x0005FFC1,
    0x000603E3, 0x00000000, 0x00060005, 0xFFC10006, 0x00000000, 0x00000007, 0x0003FFBE, 0xFFFAFF06,
    0xFFED001C, 0x00010003, 0xFFBEFFFA, 0xFF06FFED, 0x001C0002, 0x0003FFBE, 0xFFFA0144, 0x001C0063,
    0x00020003, 0xFFBEFFFA, 0x005E0009, 0x00470002, 0x0003FFBE, 0xFFFAFF4A, 0xFFBA003A, 0x00060003,
    0xFFBEFFFA, 0xFF33FFCB, 0x00300002, 0x0003FFBE, 0xFFFAFF06, 0xFFED001C, 0x00020003, 0xFFBEFFFA,
    0xFF06FFED, 0x001C0002, 0x0003FFBE, 0xFFFAFEB8, 0x0046000A, 0x00040003, 0xFFBEFFFA, 0xFE0FFFE0,
    0x001E0004, 0x0003FFBE, 0xFFFAFF06, 0xFFED001C, 0x00020003, 0xFFBEFFFA, 0xFF06FFED, 0x001C0004,
    0x0003FFBE, 0xFFFA0144, 0x001C0063, 0x00020003, 0xFFBEFFFA, 0x005E0009, 0x00470002, 0x0003FFBE,
    0xFFFAFF33, 0xFFCB0030, 0x00060003, 0xFFBEFFFA, 0xFF06FFED, 0x001C0004, 0x0003FFBE, 0xFFFAFF06,
    0xFFED001C, 0x00020003, 0xFFBEFFFA, 0xFEB80046, 0x000A0004, 0x0003FFBE, 0xFFFAFDE6, 0xFFE80000,
    0x00060003, 0xFFBEFFFA, 0xFE99FFF0, 0x00000002, 0x0003FFBE, 0xFFFA0000, 0x00000000, 0x00040003,
    0xFFBEFFFA, 0x00000000, 0x00000004, 0x0003FFBE, 0xFFFAFEDC, 0x00FC0014, 0x00060003, 0xFFBEFFFA,
    0xFD56024D, 0x00300008, 0x0003FFBE, 0xFFFAFD56, 0x024D0030, 0x00060003, 0xFFBEFFFA, 0xFEAB0126,
    0x00180006, 0x0003FFBE, 0xFFFA0000, 0x00000000, 0x00070000, 0x000C0000, 0x0247FFFC, 0xFFFD0001,
    0x0000000C, 0x00000217, 0xFEECFF6A, 0x00020000, 0x000C0000, 0x0243FF3F, 0xFF9B0002, 0x0000000C,
    0x0000024F, 0xFF89FFC1, 0x00020000, 0x000C0000, 0x0262FFF8, 0xFFFB0006, 0x0000000C, 0x0000023D,
    0xFFF9FFFB, 0x00020000, 0x000C0000, 0x01FD00E3, 0x00750002, 0x0000000C, 0x00000217, 0x00C30063,
    0x00020000, 0x000C0000, 0x02370071, 0x00390004, 0x0000000C, 0x00000267, 0xFFF8FFFA, 0x00040000,
    0x000C0000, 0x0247FFFC, 0xFFFD0002, 0x0000000C, 0x00000217, 0xFEECFF6A, 0x00040000, 0x000C0000,
    0x0243FF3F, 0xFF9B0002, 0x0000000C, 0x0000024F, 0xFF89FFC1, 0x00020000, 0x000C0000, 0x023DFFF9,
    0xFFFB0006, 0x0000000C, 0x000001FD, 0x00E30075, 0x00040000, 0x000C0000, 0x021700C3, 0x00630002,
    0x0000000C, 0x00000237, 0x00710039, 0x00040000, 0x000C0000, 0x0105FFFC, 0xFFFF0006, 0x0000000C,
    0x000000AE, 0xFFFE0000, 0x00020000, 0x000C0000, 0x00000000, 0x00000004, 0x0000000C, 0x00000000,
    0x00000000, 0x00040000, 0x000C0000, 0x00B8FE9E, 0xFE9D0006, 0x0000000C, 0x000001AE, 0xFCC6FCC3,
    0x00080000, 0x000C0000, 0x01AEFCC6, 0xFCC30006, 0x0000000C, 0x000000D7, 0xFE63FE62, 0x00060000,
    0x000C0000, 0x00000000, 0x00000007, 0x00000032, 0x0004FED2, 0x000EFFFD, 0x00010000, 0x00320004,
    0xFF6800B3, 0xFFEE0002, 0x00000032, 0x0004FF36, 0x0074FFF6, 0x00020000, 0x00320004, 0xFF0E004B,
    0xFFF90002, 0x00000032, 0x0004FED2, 0x000EFFFD, 0x00060000, 0x00320004, 0xFED2000E, 0xFFFD0002,
    0x00000032, 0x0004FEEC, 0xFF9C0000, 0x00020000, 0x00320004, 0xFEE3FFC2, 0x00000002, 0x00000032,
    0x0004FEDC, 0xFFE1FFFF, 0x00040000, 0x00320004, 0xFED2000E, 0xFFFD0004, 0x00000032, 0x0004FED2,
    0x000EFFFD, 0x00020000, 0x00320004, 0xFF6800B3, 0xFFEE0004, 0x00000032, 0x0004FF36, 0x0074FFF6,
    0x00020000, 0x00320004, 0xFF0E004B, 0xFFF90002, 0x00000032, 0x0004FED2, 0x000EFFFD, 0x00060000,
    0x00320004, 0xFEECFF9C, 0x00000004, 0x00000032, 0x0004FEE3, 0xFFC20000, 0x00020000, 0x00320004,
    0xFEDCFFE1, 0xFFFF0004, 0x00000032, 0x00040000, 0x00000000, 0x00060000, 0x00320004, 0x00000000,
    0x00000002, 0x00000032, 0x00040000, 0x00000000, 0x00040000, 0x00320004, 0x00000000, 0x00000004,
    0x00000032, 0x00040056, 0x0144003E, 0x00060000, 0x00320004, 0x00CA02F4, 0x00920008, 0x00000032,
    0x000400CA, 0x02F40092, 0x00060000, 0x00320004, 0x0065017A, 0x00490006, 0x00000032, 0x00040000,
    0x00000000, 0x00070000, 0x000F0002, 0xFFC20003, 0xFFFF0001, 0x0000000F, 0x0002FF34, 0x0091005D,
    0x00020000, 0x000F0002, 0xFF620059, 0x003F0002, 0x0000000F, 0x0002FF89, 0x00370025, 0x00020000,
    0x000F0002, 0xFFC20003, 0xFFFF0006, 0x0000000F, 0x0002FFC2, 0x0003FFFF, 0x00020000, 0x000F0002,
    0xFFDBFF99, 0xFFEB0002, 0x0000000F, 0x0002FFD3, 0xFFBCFFF2, 0x00020000, 0x000F0002, 0xFFCCFFD9,
    0xFFF70004, 0x0000000F, 0x0002FFC2, 0x0003FFFF, 0x00040000, 0x000F0002, 0xFFC20003, 0xFFFF0002,
    0x0000000F, 0x0002FF34, 0x0091005D, 0x00040000, 0x000F0002, 0xFF620059, 0x003F0002, 0x0000000F,
    0x0002FF89, 0x00370025, 0x00020000, 0x000F0002, 0xFFC20003, 0xFFFF0006, 0x0000000F, 0x0002FFDB,
    0xFF99FFEB, 0x00040000, 0x000F0002, 0xFFD3FFBC, 0xFFF20002, 0x0000000F, 0x0002FFCC, 0xFFD9FFF7,
    0x00040000, 0x000F0002, 0x00000000, 0x00000006, 0x0000000F, 0x00020000, 0x00000000, 0x00020000,
    0x000F0002, 0x00000000, 0x00000004, 0x0000000F, 0x00020000, 0x00000000, 0x00040000, 0x000F0002,
    0xFFEF0139, 0x00710006, 0x0000000F, 0x0002FFD7, 0x02DB0109, 0x00080000, 0x000F0002, 0xFFD702DB,
    0x01090006, 0x0000000F, 0x0002FFEC, 0x016D0084, 0x00060000, 0x000F0002, 0x00000000, 0x00000007,
    0xFFE6002C, 0xFFFE00D7, 0x015BFFAD, 0x0001FFE6, 0x002CFFFE, 0x01370161, 0xFFCA0002, 0xFFE6002C,
    0xFFFE0118, 0x015EFFC5, 0x0002FFE6, 0x002CFFFE, 0x00AD0153, 0xFF9A0002, 0xFFE6002C, 0xFFFE000B,
    0x0142FF59, 0x0006FFE6, 0x002CFFFE, 0xFF8301A6, 0xFF0B0002, 0xFFE6002C, 0xFFFEFCF7, 0x0271FE42,
    0x0002FFE6, 0x002CFFFE, 0xFCF70271, 0xFE420002, 0xFFE6002C, 0xFFFEFE6D, 0x0200FEC8, 0x0004FFE6,
    0x002CFFFE, 0x009E0156, 0xFF930004, 0xFFE6002C, 0xFFFE00D7, 0x015BFFAD, 0x0002FFE6, 0x002CFFFE,
    0x01370161, 0xFFCA0004, 0xFFE6002C, 0xFFFE0118, 0x015EFFC5, 0x0002FFE6, 0x002CFFFE, 0x00AD0153,
    0xFF9A0002, 0xFFE6002C, 0xFFFEFF83, 0x01A6FF0B, 0x0006FFE6, 0x002CFFFE, 0xFCF70271, 0xFE420004,
    0xFFE6002C, 0xFFFEFCF7, 0x0271FE42, 0x0002FFE6, 0x002CFFFE, 0xFE6D0200, 0xFEC80004, 0xFFE6002C,
    0xFFFE0000, 0x00000000, 0x0006FFE6, 0x002CFFFE, 0x00000000, 0x00000002, 0xFFE6002C, 0xFFFE0000,
    0x00000000, 0x0004FFE6, 0x002CFFFE, 0x00000000, 0x00000004, 0xFFE6002C, 0xFFFE0000, 0x00000000,
    0x0006FFE6, 0x002CFFFE, 0x00000000, 0x00000008, 0xFFE6002C, 0xFFFE0000, 0x00000000, 0x0006FFE6,
    0x002CFFFE, 0x00000000, 0x00000006, 0xFFE6002C, 0xFFFE0000, 0x00000000, 0x0007FFF1, 0xFFD8FFF9,
    0xFC38FFB5, 0x000C0001, 0xFFF1FFD8, 0xFFF9FCFD, 0xFF680018, 0x0002FFF1, 0xFFD8FFF9, 0xFC93FF91,
    0x00120002, 0xFFF1FFD8, 0xFFF9FC12, 0xFFBE000B, 0x0002FFF1, 0xFFD8FFF9, 0xFB510000, 0x00000006,
    0xFFF1FFD8, 0xFFF9FB65, 0xFFE1FFFA, 0x0002FFF1, 0xFFD8FFF9, 0xFBAEFFA2, 0xFFED0002, 0xFFF1FFD8,
    0xFFF9FBAE, 0xFFA2FFED, 0x0002FFF1, 0xFFD8FFF9, 0xFBF4FFA5, 0xFFFA0004, 0xFFF1FFD8, 0xFFF9FC5D,
    0xFFA9000C, 0x0004FFF1, 0xFFD8FFF9, 0xFC38FFB5, 0x000C0002, 0xFFF1FFD8, 0xFFF9FCFD, 0xFF680018,
    0x0004FFF1, 0xFFD8FFF9, 0xFC93FF91, 0x00120002, 0xFFF1FFD8, 0xFFF9FC12, 0xFFBE000B, 0x0002FFF1,
    0xFFD8FFF9, 0xFB65FFE1, 0xFFFA0006, 0xFFF1FFD8, 0xFFF9FBAE, 0xFFA2FFED, 0x0004FFF1, 0xFFD8FFF9,
    0xFBAEFFA2, 0xFFED0002, 0xFFF1FFD8, 0xFFF9FBF4, 0xFFA5FFFA, 0x0004FFF1, 0xFFD8FFF9, 0x00000000,
    0x00000006, 0xFFF1FFD8, 0xFFF90000, 0x00000000, 0x0002FFF1, 0xFFD8FFF9, 0x00000000, 0x00000004,
    0xFFF1FFD8, 0xFFF90000, 0x00000000, 0x0004FFF1, 0xFFD8FFF9, 0x00000000, 0x00000006, 0xFFF1FFD8,
    0xFFF90000, 0x00000000, 0x0008FFF1, 0xFFD8FFF9, 0x00000000, 0x00000006, 0xFFF1FFD8, 0xFFF90000,
    0x00000000, 0x0006FFF1, 0xFFD8FFF9, 0x00000000, 0x00000007, 0xFFFAFFDA, 0x0015FEEC, 0xFF31FFF3,
    0x0001FFFA, 0xFFDA0015, 0xFEECFF31, 0xFFF30002, 0xFFFAFFDA, 0x0015FF2F, 0xFFCFFFAF, 0x0002FFFA,
    0xFFDA0015, 0xFEECFF31, 0xFFF30002, 0xFFFAFFDA, 0x0015FEEC, 0xFF31FFF3, 0x0006FFFA, 0xFFDA0015,
    0xFEECFF31, 0xFFF30002, 0xFFFAFFDA, 0x0015FEEC, 0xFF31FFF3, 0x0002FFFA, 0xFFDA0015, 0xFE45FE35,
    0x00980002, 0xFFFAFFDA, 0x0015FEEC, 0xFF31FFF3, 0x0004FFFA, 0xFFDA0015, 0xFEECFF31, 0xFFF30004,
    0xFFFAFFDA, 0x0015FEEC, 0xFF31FFF3, 0x0002FFFA, 0xFFDA0015, 0xFEECFF31, 0xFFF30004, 0xFFFAFFDA,
    0x0015FF2F, 0xFFCFFFAF, 0x0002FFFA, 0xFFDA0015, 0xFEECFF31, 0xFFF30002, 0xFFFAFFDA, 0x0015FEEC,
    0xFF31FFF3, 0x0006FFFA, 0xFFDA0015, 0xFEECFF31, 0xFFF30004, 0xFFFAFFDA, 0x0015FE45, 0xFE350098,
    0x0002FFFA, 0xFFDA0015, 0xFEECFF31, 0xFFF30004, 0xFFFAFFDA, 0x00150000, 0x00000000, 0x0006FFFA,
    0xFFDA0015, 0x00000000, 0x00000002, 0xFFFAFFDA, 0x00150000, 0x00000000, 0x0004FFFA, 0xFFDA0015,
    0x00000000, 0x00000004, 0xFFFAFFDA, 0x00150000, 0x00000000, 0x0006FFFA, 0xFFDA0015, 0x00000000,
    0x00000008, 0xFFFAFFDA, 0x00150000, 0x00000000, 0x0006FFFA, 0xFFDA0015, 0x00000000, 0x00000006,
    0xFFFAFFDA, 0x00150000, 0x00000000, 0x0007001A, 0x002BFFFD, 0xFEE2FE3B, 0x00840001, 0x001A002B,
    0xFFFDFE2B, 0xFE0E00A1, 0x0002001A, 0x002BFFFD, 0xFDFEFDC0, 0x007D0002, 0x001A002B, 0xFFFDFECF,
    0xFDB0004E, 0x0002001A, 0x002BFFFD, 0x0037FEA3, 0x00690006, 0x001A002B, 0xFFFD008D, 0xFEAC0040,
    0x0002001A, 0x002BFFFD, 0x0138FEBE, 0xFFF00002, 0x001A002B, 0xFFFD0138, 0xFEBEFFF0, 0x0002001A,
    0x002BFFFD, 0x007CFEC6, 0x00390004, 0x001A002B, 0xFFFDFF64, 0xFED100A9, 0x0004001A, 0x002BFFFD,
    0xFEE2FE3B, 0x00840002, 0x001A002B, 0xFFFDFE2B, 0xFE0E00A1, 0x0004001A, 0x002BFFFD, 0xFDFEFDC0,
    0x007D0002, 0x001A002B, 0xFFFDFECF, 0xFDB0004E, 0x0002001A, 0x002BFFFD, 0x008DFEAC, 0x00400006,
    0x001A002B, 0xFFFD0138, 0xFEBEFFF0, 0x0004001A, 0x002BFFFD, 0x0138FEBE, 0xFFF00002, 0x001A002B,
    0xFFFD007C, 0xFEC60039, 0x0004001A, 0x002BFFFD, 0x00000000, 0x00000006, 0x001A002B, 0xFFFD0000,
    0x00000000, 0x0002001A, 0x002BFFFD, 0x00000000, 0x00000004, 0x001A002B, 0xFFFD0000, 0x00000000,
    0x0004001A, 0x002BFFFD, 0xFF3D00A2, 0x04090006, 0x001A002B, 0xFFFDFE38, 0x017A096A, 0x0008001A,
    0x002BFFFD, 0xFE38017A, 0x096A0006, 0x001A002B, 0xFFFDFF1C, 0x00BD04B5, 0x0006001A, 0x002BFFFD,
    0x00000000, 0x00000007, 0x000CFFD9, 0xFFFBFABE, 0x00000000, 0x0001000C, 0xFFD9FFFB, 0xF9E80000,
    0x00000002, 0x000CFFD9, 0xFFFBFA33, 0x00000000, 0x0002000C, 0xFFD9FFFB, 0xFB040000, 0x00000002,
    0x000CFFD9, 0xFFFBFC08, 0x00000000, 0x0006000C, 0xFFD9FFFB, 0xFC190000, 0x00000002, 0x000CFFD9,
    0xFFFBFC3B, 0x00000000, 0x0002000C, 0xFFD9FFFB, 0xFC3B0000, 0x00000002, 0x000CFFD9, 0xFFFBFBB7,
    0x00000000, 0x0004000C, 0xFFD9FFFB, 0xFAF10000, 0x00000004, 0x000CFFD9, 0xFFFBFABE, 0x00000000,
    0x0002000C, 0xFFD9FFFB, 0xF9E80000, 0x00000004, 0x000CFFD9, 0xFFFBFA33, 0x00000000, 0x0002000C,
    0xFFD9FFFB, 0xFB040000, 0x00000002, 0x000CFFD9, 0xFFFBFC19, 0x00000000, 0x0006000C, 0xFFD9FFFB,
    0xFC3B0000, 0x00000004, 0x000CFFD9, 0xFFFBFC3B, 0x00000000, 0x0002000C, 0xFFD9FFFB, 0xFBB70000,
    0x00000004, 0x000CFFD9, 0xFFFB0000, 0x00000000, 0x0006000C, 0xFFD9FFFB, 0x00000000, 0x00000002,
    0x000CFFD9, 0xFFFB0000, 0x00000000, 0x0004000C, 0xFFD9FFFB, 0x00000000, 0x00000004, 0x000CFFD9,
    0xFFFB010E, 0x00000000, 0x0006000C, 0xFFD9FFFB, 0x02760000, 0x00000008, 0x000CFFD9, 0xFFFB0276,
    0x00000000, 0x0006000C, 0xFFD9FFFB, 0x013B0000, 0x00000006, 0x000CFFD9, 0xFFFB0000, 0x00000000,
    0x00070007, 0xFFDB0015, 0x00000000, 0x00000001, 0x0007FFDB, 0x00150000, 0x00000000, 0x00020007,
    0xFFDB0015, 0x00000000, 0x00000002, 0x0007FFDB, 0x00150000, 0x00000000, 0x00020007, 0xFFDB0015,
    0x00000000, 0x00000006, 0x0007FFDB, 0x00150000, 0x00000000, 0x00020007, 0xFFDB0015, 0x00000000,
    0x00000002, 0x0007FFDB, 0x00150043, 0xFEBC002C, 0x00020007, 0xFFDB0015, 0x00000000, 0x00000004,
    0x0007FFDB, 0x00150000, 0x00000000, 0x00040007, 0xFFDB0015, 0x00000000, 0x00000002, 0x0007FFDB,
    0x00150000, 0x00000000, 0x00040007, 0xFFDB0015, 0x00000000, 0x00000002, 0x0007FFDB, 0x00150000,
    0x00000000, 0x00020007, 0xFFDB0015, 0x00000000, 0x00000006, 0x0007FFDB, 0x00150000, 0x00000000,
    0x00040007, 0xFFDB0015, 0x0043FEBC, 0x002C0002, 0x0007FFDB, 0x00150000, 0x00000000, 0x00040007,
    0xFFDB0015, 0x00000000, 0x00000006, 0x0007FFDB, 0x00150000, 0x00000000, 0x00020007, 0xFFDB0015,
    0x00000000, 0x00000004, 0x0007FFDB, 0x00150000, 0x00000000, 0x00040007, 0xFFDB0015, 0x000900FF,
    0x01D70006, 0x0007FFDB, 0x00150016, 0x0253044C, 0x00080007, 0xFFDB0015, 0x00160253, 0x044C0006,
    0x0007FFDB, 0x0015000B, 0x01290226, 0x00060007, 0xFFDB0015, 0x00000000, 0x00000007, 0x00000000,
    0x00000000, 0x00000280, 0x00000028, 0x00280028, 0x00500028, 0x00780028, 0x00A00028, 0x00C80028,
    0x00F00028, 0x01180028, 0x01400028, 0x01680028, 0x01900028, 0x01B80028, 0x01E00028, 0x02080028,
    0x02300028, 0x02580028, 0x00000000, 0x00000089, 0x00000000, 0x01320000, 0x0001001F, 0x0089004F,
    0x0000015F, 0x00000003, 0x00340085, 0x00840000, 0x017C0000, 0x00020049, 0x008B00B3, 0x000001AF,
    0x00000002, 0x005E0090, 0x00E20000, 0x01E20000, 0x0002006F, 0x008A010F, 0x0000021C, 0x00000002,
    0x008D008A, 0x01580000, 0x02730000, 0x000300CF, 0x008A01CB, 0x000002ED, 0x00000005, 0x00EA008A,
    0x01F90000, 0x031F0000, 0x0002011B, 0x008B0226, 0x0000039B, 0x00000003, 0x014B008B, 0x02530000,
    0x04170000, 0x00030164, 0x008C0271, 0x00000493, 0x00000002, 0x0194008A, 0x02950000, 0x05360000,
    0x000401BA, 0x008D02B4, 0x000005B0, 0x00000003, 0x01F8008C, 0x02CF0000, 0x06170000, 0x00030232,
    0x008C02E6, 0x000006CE, 0x00000003, 0x0278008D, 0x02FD0000, 0x070D0000, 0x000302A6, 0x008D030D,
    0x00000752, 0x00000002, 0x02FD008C, 0x03180000, 0x07B50000, 0x0004033F, 0x008B031F, 0x00000800,
    0x00000003, 0x039B008B, 0x03270000, 0x08000000, 0x00040410, 0x00890327, 0x00000800, 0x00000005,
    0x04840089, 0x03270000, 0x08290000, 0x000504CA, 0x00890321, 0x00000848, 0x00000004, 0x0534008B,
    0x030E0000, 0x09730000, 0x0005055E, 0x008B0307, 0x000009EB, 0x00000002, 0x05B0008C, 0x02E30000,
    0x09F10000, 0x000405ED, 0x008D02C7, 0x000009F5, 0x00000003, 0x062A008D, 0x02AC0000, 0x09FA0000,
    0x00030668, 0x008C028C, 0x00000A7B, 0x00000003, 0x069F008B, 0x026F0000, 0x0AF70000, 0x000306D5,
    0x008B0253, 0x00000B73, 0x00000003, 0x0716008B, 0x02180000, 0x0BEF0000, 0x0003074F, 0x008C01E8,
    0x00000C42, 0x00000003, 0x0788008C, 0x01B50000, 0x0C950000, 0x000307A7, 0x008C017F, 0x00000D17,
    0x00000003, 0x07D0008B, 0x012F0000, 0x0DC50000, 0x000407EC, 0x008B00DB, 0x00000E46, 0x00000004,
    0x0810008A, 0x00670000, 0x0EE80000, 0x00050826, 0x008AFFE4, 0x00000FA4, 0x00000006, 0xFFF2FFF8,
    0x0000FD62, 0xFFB600D6, 0x0001FFF2, 0xFFF80000, 0xFCA6005B, 0x007B0003, 0xFFF2FFF8, 0x0000FDFE,
    0x00420063, 0x0002FFF2, 0xFFF80000, 0x00260012, 0x00790002, 0xFFF2FFF8, 0x0000024F, 0xFFE2008E,
    0x0002FFF2, 0xFFF80000, 0x0157FFF3, 0x00BA0002, 0xFFF2FFF8, 0x00000020, 0x001900F2, 0x0003FFF2,
    0xFFF80000, 0xFD62FFB6, 0x00D60005, 0xFFF2FFF8, 0x0000FCA6, 0x005B007B, 0x0002FFF2, 0xFFF80000,
    0xFDFE0042, 0x00630003, 0xFFF2FFF8, 0x000000A5, 0x00B80051, 0x0003FFF2, 0xFFF80000, 0x0157FFF3,
    0x00BA0002, 0xFFF2FFF8, 0x00000020, 0x001900F2, 0x0004FFF2, 0xFFF80000, 0xFF11FF29, 0x00C10003,
    0xFFF2FFF8, 0x0000FCD3, 0x006F0092, 0x0003FFF2, 0xFFF80000, 0xFDB900A3, 0x00AA0003, 0xFFF2FFF8,
    0x0000008C, 0x009500ED, 0x0003FFF2, 0xFFF80000, 0x017FFFB5, 0x01160002, 0xFFF2FFF8, 0x00000020,
    0x001900F2, 0x0004FFF2, 0xFFF80000, 0xFF11FF29, 0x00C10003, 0xFFF2FFF8, 0x0000FCD3, 0x006F0092,
    0x0004FFF2, 0xFFF80000, 0x00DF0002, 0x00800005, 0xFFF2FFF8, 0x000000BB, 0x000600D6, 0x0005FFF2,
    0xFFF80000, 0xFE4CFFD7, 0x00DF0004, 0xFFF2FFF8, 0x0000FCA6, 0x005B007B, 0x0005FFF2, 0xFFF80000,
    0xFED70063, 0x007C0002, 0xFFF2FFF8, 0x0000024F, 0xFFE2008E, 0x0004FFF2, 0xFFF80000, 0x00D4FFF8,
    0x00D80003, 0xFFF2FFF8, 0x00000020, 0x001900F2, 0x0003FFF2, 0xFFF80000, 0xFD62FFB6, 0x00D60003,
    0xFFF2FFF8, 0x0000FCA6, 0x005B007B, 0x0003FFF2, 0xFFF80000, 0xFDFE0042, 0x00630003, 0xFFF2FFF8,
    0x0000024F, 0xFFE2008E, 0x0003FFF2, 0xFFF80000, 0x00D4FFF8, 0x00D80003, 0xFFF2FFF8, 0x00000020,
    0x001900F2, 0x0003FFF2, 0xFFF80000, 0xFD62FFB6, 0x00D60003, 0xFFF2FFF8, 0x0000FD52, 0x004F006F,
    0x0004FFF2, 0xFFF80000, 0x008900A5, 0x00AD0004, 0xFFF2FFF8, 0x000000D4, 0xFFF800D8, 0x0005FFF2,
    0xFFF80000, 0xFF11FF29, 0x00C10006, 0xFFF8FFC0, 0x0008074F, 0x00000000, 0x0001FFF8, 0xFFC00008,
    0x02850000, 0x00000003, 0xFFF8FFC0, 0x00080113, 0x00000000, 0x0002FFF8, 0xFFC00008, 0x00890000,
    0x00000002, 0xFFF8FFC0, 0x00080000, 0x00000000, 0x0002FFF8, 0xFFC00008, 0x03C00000, 0x00000002,
    0xFFF8FFC0, 0x00080715, 0x00000000, 0x0003FFF8, 0xFFC00008, 0x074F0000, 0x00000005, 0xFFF8FFC0,
    0x00080285, 0x00000000, 0x0002FFF8, 0xFFC00008, 0x01130000, 0x00000003, 0xFFF8FFC0, 0x00080196,
    0x00000000, 0x0003FFF8, 0xFFC00008, 0x03C00000, 0x00000002, 0xFFF8FFC0, 0x00080715, 0x00000000,
    0x0004FFF8, 0xFFC00008, 0x066C0000, 0x00000003, 0xFFF8FFC0, 0x00080367, 0x00000000, 0x0003FFF8,
    0xFFC00008, 0x01700000, 0x00000003, 0xFFF8FFC0, 0x000801D6, 0x00000000, 0x0003FFF8, 0xFFC00008,
    0x02CC0000, 0x00000002, 0xFFF8FFC0, 0x00080715, 0x00000000, 0x0004FFF8, 0xFFC00008, 0x066C0000,
    0x00000003, 0xFFF8FFC0, 0x00080367, 0x00000000, 0x0004FFF8, 0xFFC00008, 0x005B0000, 0x00000005,
    0xFFF8FFC0, 0x0008056B, 0x00000000, 0x0005FFF8, 0xFFC00008, 0x073C0000, 0x00000004, 0xFFF8FFC0,
    0x00080285, 0x00000000, 0x0005FFF8, 0xFFC00008, 0x01530000, 0x00000002, 0xFFF8FFC0, 0x00080000,
    0x00000000, 0x0004FFF8, 0xFFC00008, 0x053D0000, 0x00000003, 0xFFF8FFC0, 0x00080715, 0x00000000,
    0x0003FFF8, 0xFFC00008, 0x074F0000, 0x00000003, 0xFFF8FFC0, 0x00080285, 0x00000000, 0x0003FFF8,
    0xFFC00008, 0x01130000, 0x00000003, 0xFFF8FFC0, 0x00080000, 0x00000000, 0x0003FFF8, 0xFFC00008,
    0x053D0000, 0x00000003, 0xFFF8FFC0, 0x00080715, 0x00000000, 0x0003FFF8, 0xFFC00008, 0x074F0000,
    0x00000003, 0xFFF8FFC0, 0x000801CC, 0x00000000, 0x0004FFF8, 0xFFC00008, 0x01D40000, 0x00000004,
    0xFFF8FFC0, 0x0008053D, 0x00000000, 0x0005FFF8, 0xFFC00008, 0x066C0000, 0x00000006, 0xFFFBFFBF,
    0xFFF8FE5E, 0xFF55FFF3, 0x0001FFFB, 0xFFBFFFF8, 0xFECDFF4A, 0x000B0003, 0xFFFBFFBF, 0xFFF800B5,
    0xFF6FFFE9, 0x0002FFFB, 0xFFBFFFF8, 0xFF1DFFC5, 0xFFD70002, 0xFFFBFFBF, 0xFFF8FF53, 0xFF9D000D,
    0x0002FFFB, 0xFFBFFFF8, 0x00BBFF65, 0xFFE90002, 0xFFFBFFBF, 0xFFF800FF, 0xFF82FFD8, 0x0003FFFB,
    0xFFBFFFF8, 0xFE5EFF55, 0xFFF30005, 0xFFFBFFBF, 0xFFF8FECD, 0xFF4A000B, 0x0002FFFB, 0xFFBFFFF8,
    0x00B5FF6F, 0xFFE90003, 0xFFFBFFBF, 0xFFF8FDBA, 0xFF10005F, 0x0003FFFB, 0xFFBFFFF8, 0x00BBFF65,
    0xFFE90002, 0xFFFBFFBF, 0xFFF800FF, 0xFF82FFD8, 0x0004FFFB, 0xFFBFFFF8, 0xFFA0FF5E, 0xFFF20003,
    0xFFFBFFBF, 0xFFF8FF7F, 0xFF330009, 0x0003FFFB, 0xFFBFFFF8, 0x00A8FF26, 0xFF900003, 0xFFFBFFBF,
    0xFFF8FDBC, 0xFF1E003D, 0x0003FFFB, 0xFFBFFFF8, 0x00EAFF67, 0xFFE90002, 0xFFFBFFBF, 0xFFF800FF,
    0xFF82FFD8, 0x0004FFFB, 0xFFBFFFF8, 0xFFA0FF5E, 0xFFF20003, 0xFFFBFFBF, 0xFFF8FF7F, 0xFF330009,
    0x0004FFFB, 0xFFBFFFF8, 0xFFC9FF8E, 0x00000005, 0xFFFBFFBF, 0xFFF800DD, 0xFF74FFE1, 0x0005FFFB,
    0xFFBFFFF8, 0xFF3FFF64, 0xFFEA0004, 0xFFFBFFBF, 0xFFF8FECD, 0xFF4A000B, 0x0005FFFB, 0xFFBFFFF8,
    0xFFB8FF54, 0x00040002, 0xFFFBFFBF, 0xFFF8FF53, 0xFF9D000D, 0x0004FFFB, 0xFFBFFFF8, 0x0282FF31,
    0xFFC30003, 0xFFFBFFBF, 0xFFF800FF, 0xFF82FFD8, 0x0003FFFB, 0xFFBFFFF8, 0xFE5EFF55, 0xFFF30003,
    0xFFFBFFBF, 0xFFF8FECD, 0xFF4A000B, 0x0003FFFB, 0xFFBFFFF8, 0x00B5FF6F, 0xFFE90003, 0xFFFBFFBF,
    0xFFF8FF53, 0xFF9D000D, 0x0003FFFB, 0xFFBFFFF8, 0x0282FF31, 0xFFC30003, 0xFFFBFFBF, 0xFFF800FF,
    0xFF82FFD8, 0x0003FFFB, 0xFFBFFFF8, 0xFE5EFF55, 0xFFF30003, 0xFFFBFFBF, 0xFFF8FFC1, 0xFF5DFFFB,
    0x0004FFFB, 0xFFBFFFF8, 0xFDBCFF1E, 0x003D0004, 0xFFFBFFBF, 0xFFF80282, 0xFF31FFC3, 0x0005FFFB,
    0xFFBFFFF8, 0xFFA0FF5E, 0xFFF20006, 0x0012FFF8, 0x000101BF, 0x002BFF8C, 0x00010012, 0xFFF80001,
    0x0100003C, 0xFF810003, 0x0012FFF8, 0x00010056, 0x0039FF82, 0x00020012, 0xFFF80001, 0xFF410083,
    0xFF960002, 0x0012FFF8, 0x0001FE2C, 0x00CCFFAA, 0x00020012, 0xFFF80001, 0xFD88FFEB, 0xFF8E0002,
    0x0012FFF8, 0x0001FDD6, 0xFFD7FF93, 0x00030012, 0xFFF80001, 0x01BF002B, 0xFF8C0005, 0x0012FFF8,
    0x00010100, 0x003CFF81, 0x00020012, 0xFFF80001, 0x00560039, 0xFF820003, 0x0012FFF8, 0x0001FF3F,
    0x00EFFFB4, 0x00030012, 0xFFF80001, 0xFD88FFEB, 0xFF8E0002, 0x0012FFF8, 0x0001FDD6, 0xFFD7FF93,
    0x00040012, 0xFFF80001, 0x000B0013, 0xFFA00003, 0x0012FFF8, 0x00010136, 0x0036FF83, 0x00030012,
    0xFFF80001, 0x00480034, 0xFF880003, 0x0012FFF8, 0x0001FF3F, 0x00EFFFB4, 0x00030012, 0xFFF80001,
    0xFD8C004E, 0xFF9E0002, 0x0012FFF8, 0x0001FDD6, 0xFFD7FF93, 0x00040012, 0xFFF80001, 0xFFBE000B,
    0xFFC00003, 0x0012FFF8, 0x00010136, 0x0036FF83, 0x00040012, 0xFFF80001, 0xFEE5009B, 0xFF9D0005,
    0x0012FFF8, 0x0001FDAF, 0xFFE1FF91, 0x00050012, 0xFFF80001, 0x0071000F, 0xFF8E0004, 0x0012FFF8,
    0x00010100, 0x003CFF81, 0x00050012, 0xFFF80001, 0xFFF90076, 0xFF930002, 0x0012FFF8, 0x0001FE2C,
    0x00CCFFAA, 0x00040012, 0xFFF80001, 0xFCEDFFD2, 0xFF910003, 0x0012FFF8, 0x0001FDD6, 0xFFD7FF93,
    0x00030012, 0xFFF80001, 0x01BF002B, 0xFF8C0003, 0x0012FFF8, 0x00010100, 0x003CFF81, 0x00030012,
    0xFFF80001, 0x00560039, 0xFF820003, 0x0012FFF8, 0x0001FE2C, 0x00CCFFAA, 0x00030012, 0xFFF80001,
    0xFCEDFFD2, 0xFF910003, 0x0012FFF8, 0x0001FDD6, 0xFFD7FF93, 0x00030012, 0xFFF80001, 0x01BF002B,
    0xFF8C0003, 0x0012FFF8, 0x000100AB, 0x003BFF82, 0x00040012, 0xFFF80001, 0xFF3F00EF, 0xFFB40004,
    0x0012FFF8, 0x0001FCED, 0xFFD2FF91, 0x00050012, 0xFFF80001, 0x000D001C, 0xFF840006, 0x0005FFC1,
    0x00060000, 0x00000000, 0x00010005, 0xFFC10006, 0x04500000, 0x00000003, 0x0005FFC1, 0x00060550,
    0x00000000, 0x00020005, 0xFFC10006, 0x062C0000, 0x00000002, 0x0005FFC1, 0x00060708, 0x00000000,
    0x00020005, 0xFFC10006, 0x03150000, 0x00000002, 0x0005FFC1, 0x000601B4, 0x00000000, 0x00030005,
    0xFFC10006, 0x00000000, 0x00000005, 0x0005FFC1, 0x00060450, 0x00000000, 0x00020005, 0xFFC10006,
    0x05500000, 0x00000003, 0x0005FFC1, 0x000606AE, 0x00000000, 0x00030005, 0xFFC10006, 0x03150000,
    0x00000002, 0x0005FFC1, 0x000601B4, 0x00000000, 0x00040005, 0xFFC10006, 0x01A30000, 0x00000003,
    0x0005FFC1, 0x00060387, 0x00000000, 0x00030005, 0xFFC10006, 0x05650000, 0x00000003, 0x0005FFC1,
    0x000606AE, 0x00000000, 0x00030005, 0xFFC10006, 0x046F0000, 0x00000002, 0x0005FFC1, 0x000601B4,
    0x00000000, 0x00040005, 0xFFC10006, 0x02380000, 0x00000003, 0x0005FFC1, 0x00060387, 0x00000000,
    0x00040005, 0xFFC10006, 0x06760000, 0x00000005, 0x0005FFC1, 0x00060265, 0x00000000, 0x00050005,
    0xFFC10006, 0x00910000, 0x00000004, 0x0005FFC1, 0x00060450, 0x00000000, 0x00050005, 0xFFC10006,
    0x05C50000, 0x00000002, 0x0005FFC1, 0x00060708, 0x00000000, 0x00040005, 0xFFC10006, 0x01D60000,
    0x00000003, 0x0005FFC1, 0x000601B4, 0x00000000, 0x00030005, 0xFFC10006, 0x00000000, 0x00000003,
    0x0005FFC1, 0x00060450, 0x00000000, 0x00030005, 0xFFC10006, 0x05500000, 0x00000003, 0x0005FFC1,
    0x00060708, 0x00000000, 0x00030005, 0xFFC10006, 0x01D60000, 0x00000003, 0x0005FFC1, 0x000601B4,
    0x00000000, 0x00030005, 0xFFC10006, 0x00000000, 0x00000003, 0x0005FFC1, 0x000604D0, 0x00000000,
    0x00040005, 0xFFC10006, 0x06AE0000, 0x00000004, 0x0005FFC1, 0x000601D6, 0x00000000, 0x00050005,
    0xFFC10006, 0x01D30000, 0x00000006, 0x0003FFBE, 0xFFFAFF06, 0xFFED001C, 0x00010003, 0xFFBEFFFA,
    0x0144001C, 0x00630003, 0x0003FFBE, 0xFFFA005E, 0x00090047, 0x00020003, 0xFFBEFFFA, 0xFFC9FFEA,
    0x003B0002, 0x0003FFBE, 0xFFFAFF33, 0xFFCB0030, 0x00020003, 0xFFBEFFFA, 0xFF06FFED, 0x001C0002,
    0x0003FFBE, 0xFFFAFEB8, 0x0046000A, 0x00030003, 0xFFBEFFFA, 0xFF8A0016, 0x000A0005, 0x0003FFBE,
    0xFFFA0144, 0x001C0063, 0x00020003, 0xFFBEFFFA, 0x005E0009, 0x00470003, 0x0003FFBE, 0xFFFAFF4A,
    0xFFBA003A, 0x00030003, 0xFFBEFFFA, 0xFF06FFED, 0x001C0002, 0x0003FFBE, 0xFFFAFEB8, 0x0046000A,
    0x00040003, 0xFFBEFFFA, 0xFE0AFFB7, 0x00160003, 0x0003FFBE, 0xFFFAFF06, 0xFFED001C, 0x00030003,
    0xFFBEFFFA, 0x005E0009, 0x00470003, 0x0003FFBE, 0xFFFAFF4A, 0xFFBA003A, 0x00030003, 0xFFBEFFFA,
    0xFF1DFFDC, 0x00260002, 0x0003FFBE, 0xFFFAFEB8, 0x0046000A, 0x00040003, 0xFFBEFFFA, 0xFE0FFFE0,
    0x001E0003, 0x0003FFBE, 0xFFFAFF06, 0xFFED001C, 0x00040003, 0xFFBEFFFA, 0xFF97FFE0, 0x00380005,
    0x0003FFBE, 0xFFFAFEDF, 0x00190013, 0x00050003, 0xFFBEFFFA, 0xFEEC000A, 0x00160004, 0x0003FFBE,
    0xFFFA0144, 0x001C0063, 0x00050003, 0xFFBEFFFA, 0x0002FFEF, 0x00430002, 0x0003FFBE, 0xFFFAFF33,
    0xFFCB0030, 0x00040003, 0xFFBEFFFA, 0xFF06FFED, 0x001C0003, 0x0003FFBE, 0xFFFAFEB8, 0x0046000A,
    0x00030003, 0xFFBEFFFA, 0xFF06FFED, 0x001C0003, 0x0003FFBE, 0xFFFA0144, 0x001C0063, 0x00030003,
    0xFFBEFFFA, 0x005E0009, 0x00470003, 0x0003FFBE, 0xFFFAFF33, 0xFFCB0030, 0x00030003, 0xFFBEFFFA,
    0xFF06FFED, 0x001C0003, 0x0003FFBE, 0xFFFAFEB8, 0x0046000A, 0x00030003, 0xFFBEFFFA, 0xFF06FFED,
    0x001C0003, 0x0003FFBE, 0xFFFA00D1, 0x00120055, 0x00040003, 0xFFBEFFFA, 0xFF4AFFBA, 0x003A0004,
    0x0003FFBE, 0xFFFAFF06, 0xFFED001C, 0x00050003, 0xFFBEFFFA, 0xFE0FFFE0, 0x001E0006, 0x0000000C,
    0x00000217, 0xFF70FF0F, 0x00010000, 0x000C0000, 0x0215FF94, 0xFF230003, 0x0000000C, 0x00000214,
    0xFFACFF31, 0x00020000, 0x000C0000, 0x0216FFF1, 0xFF570002, 0x0000000C, 0x00000218, 0x0035FF7D,
    0x00020000, 0x000C0000, 0x021B0089, 0xFFAC0002, 0x0000000C, 0x00000220, 0x0107FFF2, 0x00030000,
    0x000C0000, 0x021FFFA4, 0xFF2C0005, 0x0000000C, 0x0000021F, 0xFF16FEDD, 0x00020000, 0x000C0000,
    0x021BFF81, 0xFF180003, 0x0000000C, 0x00000217, 0xFFECFF53, 0x00030000, 0x000C0000, 0x02130056,
    0xFF8F0002, 0x0000000C, 0x00000218, 0xFFEEFF54, 0x00040000, 0x000C0000, 0x021CFF9F, 0xFF280003,
    0x0000000C, 0x0000021F, 0xFF5DFF03, 0x00030000, 0x000C0000, 0x0225FEE7, 0xFEC10003, 0x0000000C,
    0x000001E9, 0xFFFCFF87, 0x00030000, 0x000C0000, 0x01C200B4, 0x000A0002, 0x0000000C, 0x0000014B,
    0x0065FFA3, 0x00040000, 0x000C0000, 0x00F2002A, 0xFF540003, 0x0000000C, 0x00000076, 0xFFD8FEE7,
    0x00040000, 0x000C0000, 0x00DA005C, 0xFF2E0005, 0x0000000C, 0x0000013E, 0x00E0FF76, 0x00050000,
    0x000C0000, 0x016800DF, 0xFF880004, 0x0000000C, 0x0000019D, 0x00DDFFA0, 0x00050000, 0x000C0000,
    0x01B200DD, 0xFFA90002, 0x0000000C, 0x000001DC, 0x00DCFFBC, 0x00040000, 0x000C0000, 0x01FC00DB,
    0xFFCA0003, 0x0000000C, 0x0000021B, 0x00DAFFD8, 0x00030000, 0x000C0000, 0x021EFFA5, 0xFF2D0003,
    0x0000000C, 0x00000225, 0x004EFF8D, 0x00030000, 0x000C0000, 0x022C00F8, 0xFFED0003, 0x0000000C,
    0x00000233, 0x01A2004C, 0x00030000, 0x000C0000, 0x022E00AC, 0xFFC20003, 0x0000000C, 0x00000229,
    0xFFB6FF37, 0x00030000, 0x000C0000, 0x0226FFE1, 0xFF4E0003, 0x0000000C, 0x00000221, 0x0018FF6D,
    0x00040000, 0x000C0000, 0x021C0050, 0xFF8C0004, 0x0000000C, 0x00000216, 0x0096FFB2, 0x00050000,
    0x000C0000, 0x0212002C, 0xFF780006, 0x00000032, 0x0004FED2, 0x000EFFFD, 0x00010000, 0x00320004,
    0xFED3FFD7, 0x000D0003, 0x00000032, 0x0004FED0, 0xFFF70005, 0x00020000, 0x00320004, 0xFED10002,
    0x00010002, 0x00000032, 0x0004FED2, 0x000EFFFD, 0x00020000, 0x00320004, 0xFED0002E, 0xFFF40002,
    0x00000032, 0x0004FED2, 0x000EFFFD, 0x00030000, 0x00320004, 0xFED2000E, 0xFFFD0005, 0x00000032,
    0x0004FED3, 0xFFD7000D, 0x00020000, 0x00320004, 0xFED0FFF7, 0x00050003, 0x00000032, 0x0004FED2,
    0x000EFFFD, 0x00030000, 0x00320004, 0xFED0002E, 0xFFF40002, 0x00000032, 0x0004FED2, 0x000EFFFD,
    0x00040000, 0x00320004, 0xFED2000E, 0xFFFD0003, 0x00000032, 0x0004FED5, 0xFFE0000B, 0x00030000,
    0x00320004, 0xFED0FFF7, 0x00050003, 0x00000032, 0x0004FED2, 0x000EFFFD, 0x00030000, 0x00320004,
    0xFEDC0020, 0xFFFC0002, 0x00000032, 0x0004FED2, 0x000EFFFD, 0x00040000, 0x00320004, 0xFED2000E,
    0xFFFD0003, 0x00000032, 0x0004FED5, 0xFFE0000B, 0x00040000, 0x00320004, 0xFED20006, 0x00000005,
    0x00000032, 0x0004FED1, 0x001EFFF9, 0x00050000, 0x00320004, 0xFED2000E, 0xFFFD0004, 0x00000032,
    0x0004FED3, 0xFFD7000D, 0x00050000, 0x00320004, 0xFED1FFFF, 0x00020002, 0x00000032, 0x0004FED2,
    0x000EFFFD, 0x00040000, 0x00320004, 0xFEE60032, 0xFFFB0003, 0x00000032, 0x0004FED2, 0x000EFFFD,
    0x00030000, 0x00320004, 0xFED2000E, 0xFFFD0003, 0x00000032, 0x0004FED3, 0xFFD7000D, 0x00030000,
    0x00320004, 0xFED0FFF7, 0x00050003, 0x00000032, 0x0004FED2, 0x000EFFFD, 0x00030000, 0x00320004,
    0xFEE60032, 0xFFFB0003, 0x00000032, 0x0004FED2, 0x000EFFFD, 0x00030000, 0x00320004, 0xFED2000E,
    0xFFFD0003, 0x00000032, 0x0004FED2, 0xFFE70009, 0x00040000, 0x00320004, 0xFED2000E, 0xFFFD0004,
    0x00000032, 0x0004FEE6, 0x0032FFFB, 0x00050000, 0x00320004, 0xFED2000E, 0xFFFD0006, 0x0000000F,
    0x0002FFC2, 0x0003FFFF, 0x00010000, 0x000F0002, 0xFFC20003, 0xFFFF0003, 0x0000000F, 0x0002FFC2,
    0x0003FFFF, 0x00020000, 0x000F0002, 0xFFC20003, 0xFFFF0002, 0x0000000F, 0x0002FFC2, 0x0003FFFF,
    0x00020000, 0x000F0002, 0xFFC20003, 0xFFFF0002, 0x0000000F, 0x0002FFC2, 0x0003FFFF, 0x00030000,
    0x000F0002, 0xFFC20003, 0xFFFF0005, 0x0000000F, 0x0002FFC2, 0x0003FFFF, 0x00020000, 0x000F0002,
    0xFFC20003, 0xFFFF0003, 0x0000000F, 0x0002FFC2, 0x0003FFFF, 0x00030000, 0x000F0002, 0xFFC20003,
    0xFFFF0002, 0x0000000F, 0x0002FFC2, 0x0003FFFF, 0x00040000, 0x000F0002, 0xFFC20003, 0xFFFF0003,
    0x0000000F, 0x0002FFC2, 0x0003FFFF, 0x00030000, 0x000F0002, 0xFFC20003, 0xFFFF0003, 0x0000000F,
    0x0002FFC2, 0x0003FFFF, 0x00030000, 0x000F0002, 0xFFC20003, 0xFFFF0002, 0x0000000F, 0x0002FFC2,
    0x0003FFFF, 0x00040000, 0x000F0002, 0xFFC20003, 0xFFFF0003, 0x0000000F, 0x0002FFC2, 0x0003FFFF,
    0x00040000, 0x000F0002, 0xFFC20003, 0xFFFF0005, 0x0000000F, 0x0002FFC2, 0x0003FFFF, 0x00050000,
    0x000F0002, 0xFFC20003, 0xFFFF0004, 0x0000000F, 0x0002FFC2, 0x0003FFFF, 0x00050000, 0x000F0002,
    0xFFC20003, 0xFFFF0002, 0x0000000F, 0x0002FFC2, 0x0003FFFF, 0x00040000, 0x000F0002, 0xFFC20003,
    0xFFFF0003, 0x0000000F, 0x0002FFC2, 0x0003FFFF, 0x00030000, 0x000F0002, 0xFFC20003, 0xFFFF0003,
    0x0000000F, 0x0002FFC2, 0x0003FFFF, 0x00030000, 0x000F0002, 0xFFC20003, 0xFFFF0003, 0x0000000F,
    0x0002FFC2, 0x0003FFFF, 0x00030000, 0x000F0002, 0xFFC20003, 0xFFFF0003, 0x0000000F, 0x0002FFC2,
    0x0003FFFF, 0x00030000, 0x000F0002, 0xFFC20003, 0xFFFF0003, 0x0000000F, 0x0002FFC2, 0x0003FFFF,
    0x00040000, 0x000F0002, 0xFFC20003, 0xFFFF0004, 0x0000000F, 0x0002FFC2, 0x0003FFFF, 0x00050000,
    0x000F0002, 0xFFC20003, 0xFFFF0006, 0xFFE6002C, 0xFFFE00D7, 0x015BFFAD, 0x0001FFE6, 0x002CFFFE,
    0x01660169, 0xFFFA0003, 0xFFE6002C, 0xFFFE0190, 0x015AFFDC, 0x0002FFE6, 0x002CFFFE, 0x00890180,
    0xFF740002, 0xFFE6002C, 0xFFFEFF83, 0x01A6FF0B, 0x0002FFE6, 0x002CFFFE, 0xFCF70271, 0xFE420002,
    0xFFE6002C, 0xFFFEFE6D, 0x0200FEC8, 0x0003FFE6, 0x002CFFFE, 0x00D7015B, 0xFFAD0005, 0xFFE6002C,
    0xFFFE0166, 0x0169FFFA, 0x0002FFE6, 0x002CFFFE, 0x0190015A, 0xFFDC0003, 0xFFE6002C, 0xFFFE000B,
    0x0142FF59, 0x0003FFE6, 0x002CFFFE, 0xFCF70271, 0xFE420002, 0xFFE6002C, 0xFFFEFE6D, 0x0200FEC8,
    0x0004FFE6, 0x002CFFFE, 0x009E0156, 0xFF930003, 0xFFE6002C, 0xFFFE0149, 0x0164FFE3, 0x0003FFE6,
    0x002CFFFE, 0x0190015A, 0xFFDC0003, 0xFFE6002C, 0xFFFE000B, 0x0142FF59, 0x0003FFE6, 0x002CFFFE,
    0xFE3D020C, 0xFEA60002, 0xFFE6002C, 0xFFFEFE6D, 0x0200FEC8, 0x0004FFE6, 0x002CFFFE, 0x009E0156,
    0xFF930003, 0xFFE6002C, 0xFFFE0149, 0x0164FFE3, 0x0004FFE6, 0x002CFFFE, 0x0032018D, 0xFF510005,
    0xFFE6002C, 0xFFFEFDB2, 0x0239FE85, 0x0005FFE6, 0x002CFFFE, 0x00090192, 0xFF610004, 0xFFE6002C,
    0xFFFE0166, 0x0169FFFA, 0x0005FFE6, 0x002CFFFE, 0x010E0152, 0xFFB00002, 0xFFE6002C, 0xFFFEFF83,
    0x01A6FF0B, 0x0004FFE6, 0x002CFFFE, 0xFCF70271, 0xFE420003, 0xFFE6002C, 0xFFFEFE6D, 0x0200FEC8,
    0x0003FFE6, 0x002CFFFE, 0x00D7015B, 0xFFAD0003, 0xFFE6002C, 0xFFFE0166, 0x0169FFFA, 0x0003FFE6,
    0x002CFFFE, 0x0190015A, 0xFFDC0003, 0xFFE6002C, 0xFFFEFF83, 0x01A6FF0B, 0x0003FFE6, 0x002CFFFE,
    0xFCF70271, 0xFE420003, 0xFFE6002C, 0xFFFEFE6D, 0x0200FEC8, 0x0003FFE6, 0x002CFFFE, 0x00D7015B,
    0xFFAD0003, 0xFFE6002C, 0xFFFE017B, 0x0161FFEB, 0x0004FFE6, 0x002CFFFE, 0x000B0142, 0xFF590004,
    0xFFE6002C, 0xFFFEFCF7, 0x0271FE42, 0x0005FFE6, 0x002CFFFE, 0x009E0156, 0xFF930006, 0xFFF1FFD8,
    0xFFF9FC38, 0xFFB5000C, 0x0001FFF1, 0xFFD8FFF9, 0xFC0BFFD1, 0x000D0003, 0xFFF1FFD8, 0xFFF9FA88,
    0x00000000, 0x0002FFF1, 0xFFD8FFF9, 0xFAF7FFF1, 0xFFFD0002, 0xFFF1FFD8, 0xFFF9FB65, 0xFFE1FFFA,
    0x0002FFF1, 0xFFD8FFF9, 0xFBAEFFA2, 0xFFED0002, 0xFFF1FFD8, 0xFFF9FBF4, 0xFFA5FFFA, 0x0003FFF1,
    0xFFD8FFF9, 0xFC38FFB5, 0x000C0005, 0xFFF1FFD8, 0xFFF9FC0B, 0xFFD1000D, 0x0002FFF1, 0xFFD8FFF9,
    0xFA880000, 0x00000003, 0xFFF1FFD8, 0xFFF9FB51, 0x00000000, 0x0003FFF1, 0xFFD8FFF9, 0xFBAEFFA2,
    0xFFED0002, 0xFFF1FFD8, 0xFFF9FBF4, 0xFFA5FFFA, 0x0004FFF1, 0xFFD8FFF9, 0xFC5DFFA9, 0x000C0003,
    0xFFF1FFD8, 0xFFF9FBED, 0xFFCD000C, 0x0003FFF1, 0xFFD8FFF9, 0xFA880000, 0x00000003, 0xFFF1FFD8,
    0xFFF9FB51, 0x00000000, 0x0003FFF1, 0xFFD8FFF9, 0xFB8AFFC2, 0xFFF40002, 0xFFF1FFD8, 0xFFF9FBF4,
    0xFFA5FFFA, 0x0004FFF1, 0xFFD8FFF9, 0xFC5DFFA9, 0x000C0003, 0xFFF1FFD8, 0xFFF9FBED, 0xFFCD000C,
    0x0004FFF1, 0xFFD8FFF9, 0xFB1CFFEC, 0xFFFC0005, 0xFFF1FFD8, 0xFFF9FBD1, 0xFFA4FFF4, 0x0005FFF1,
    0xFFD8FFF9, 0xFC21FFB0, 0x00060004, 0xFFF1FFD8, 0xFFF9FC0B, 0xFFD1000D, 0x0005FFF1, 0xFFD8FFF9,
    0xFACB0000, 0x00000002, 0xFFF1FFD8, 0xFFF9FB65, 0xFFE1FFFA, 0x0004FFF1, 0xFFD8FFF9, 0xFBAEFFA2,
    0xFFED0003, 0xFFF1FFD8, 0xFFF9FBF4, 0xFFA5FFFA, 0x0003FFF1, 0xFFD8FFF9, 0xFC38FFB5, 0x000C0003,
    0xFFF1FFD8, 0xFFF9FC0B, 0xFFD1000D, 0x0003FFF1, 0xFFD8FFF9, 0xFA880000, 0x00000003, 0xFFF1FFD8,
    0xFFF9FB65, 0xFFE1FFFA, 0x0003FFF1, 0xFFD8FFF9, 0xFBAEFFA2, 0xFFED0003, 0xFFF1FFD8, 0xFFF9FBF4,
    0xFFA5FFFA, 0x0003FFF1, 0xFFD8FFF9, 0xFC38FFB5, 0x000C0003, 0xFFF1FFD8, 0xFFF9FB4A, 0xFFE90006,
    0x0004FFF1, 0xFFD8FFF9, 0xFB510000, 0x00000004, 0xFFF1FFD8, 0xFFF9FBAE, 0xFFA2FFED, 0x0005FFF1,
    0xFFD8FFF9, 0xFC5DFFA9, 0x000C0006, 0xFFFAFFDA, 0x0015FEEC, 0xFF31FFF3, 0x0001FFFA, 0xFFDA0015,
    0xFF2FFFCF, 0xFFAF0003, 0xFFFAFFDA, 0x0015FEEC, 0xFF31FFF3, 0x0002FFFA, 0xFFDA0015, 0xFEECFF31,
    0xFFF30002, 0xFFFAFFDA, 0x0015FEEC, 0xFF31FFF3, 0x0002FFFA, 0xFFDA0015, 0xFEECFF31, 0xFFF30002,
    0xFFFAFFDA, 0x0015FEEC, 0xFF31FFF3, 0x0003FFFA, 0xFFDA0015, 0xFEECFF31, 0xFFF30005, 0xFFFAFFDA,
    0x0015FF2F, 0xFFCFFFAF, 0x0002FFFA, 0xFFDA0015, 0xFEECFF31, 0xFFF30003, 0xFFFAFFDA, 0x0015FEEC,
    0xFF31FFF3, 0x0003FFFA, 0xFFDA0015, 0xFEECFF31, 0xFFF30002, 0xFFFAFFDA, 0x0015FEEC, 0xFF31FFF3,
    0x0004FFFA, 0xFFDA0015, 0xFEECFF31, 0xFFF30003, 0xFFFAFFDA, 0x0015FEEC, 0xFF31FFF3, 0x0003FFFA,
    0xFFDA0015, 0xFEECFF31, 0xFFF30003, 0xFFFAFFDA, 0x0015FEEC, 0xFF31FFF3, 0x0003FFFA, 0xFFDA0015,
    0xFE98FEB3, 0x00450002, 0xFFFAFFDA, 0x0015FEEC, 0xFF31FFF3, 0x0004FFFA, 0xFFDA0015, 0xFEECFF31,
    0xFFF30003, 0xFFFAFFDA, 0x0015FEEC, 0xFF31FFF3, 0x0004FFFA, 0xFFDA0015, 0xFEECFF31, 0xFFF30005,
    0xFFFAFFDA, 0x0015FEEC, 0xFF31FFF3, 0x0005FFFA, 0xFFDA0015, 0xFEECFF31, 0xFFF30004, 0xFFFAFFDA,
    0x0015FF2F, 0xFFCFFFAF, 0x0005FFFA, 0xFFDA0015, 0xFEECFF31, 0xFFF30002, 0xFFFAFFDA, 0x0015FEEC,
    0xFF31FFF3, 0x0004FFFA, 0xFFDA0015, 0xFE45FE35, 0x00980003, 0xFFFAFFDA, 0x0015FEEC, 0xFF31FFF3,
    0x0003FFFA, 0xFFDA0015, 0xFEECFF31, 0xFFF30003, 0xFFFAFFDA, 0x0015FF2F, 0xFFCFFFAF, 0x0003FFFA,
    0xFFDA0015, 0xFEECFF31, 0xFFF30003, 0xFFFAFFDA, 0x0015FEEC, 0xFF31FFF3, 0x0003FFFA, 0xFFDA0015,
    0xFE45FE35, 0x00980003, 0xFFFAFFDA, 0x0015FEEC, 0xFF31FFF3, 0x0003FFFA, 0xFFDA0015, 0xFEECFF31,
    0xFFF30003, 0xFFFAFFDA, 0x0015FF0E, 0xFF80FFD1, 0x0004FFFA, 0xFFDA0015, 0xFEECFF31, 0xFFF30004,
    0xFFFAFFDA, 0x0015FE45, 0xFE350098, 0x0005FFFA, 0xFFDA0015, 0xFEECFF31, 0xFFF30006, 0x001A002B,
    0xFFFDFEE2, 0xFE3B0084, 0x0001001A, 0x002BFFFD, 0xFDFEFDC0, 0x007D0003, 0x001A002B, 0xFFFDFECF,
    0xFDB0004E, 0x0002001A, 0x002BFFFD, 0xFFAEFE2E, 0x00470002, 0x001A002B, 0xFFFD008D, 0xFEAC0040,
    0x0002001A, 0x002BFFFD, 0x0138FEBE, 0xFFF00002, 0x001A002B, 0xFFFD007C, 0xFEC60039, 0x0003001A,
    0x002BFFFD, 0xFEE2FE3B, 0x00840005, 0x001A002B, 0xFFFDFDFE, 0xFDC0007D, 0x0002001A, 0x002BFFFD,
    0xFECFFDB0, 0x004E0003, 0x001A002B, 0xFFFD0037, 0xFEA30069, 0x0003001A, 0x002BFFFD, 0x0138FEBE,
    0xFFF00002, 0x001A002B, 0xFFFD007C, 0xFEC60039, 0x0004001A, 0x002BFFFD, 0xFF64FED1, 0x00A90003,
    0x001A002B, 0xFFFDFE2B, 0xFE0E00A1, 0x0003001A, 0x002BFFFD, 0xFECFFDB0, 0x004E0003, 0x001A002B,
    0xFFFD0037, 0xFEA30069, 0x0003001A, 0x002BFFFD, 0x00E2FEB5, 0x00180002, 0x001A002B, 0xFFFD007C,
    0xFEC60039, 0x0004001A, 0x002BFFFD, 0xFF64FED1, 0x00A90003, 0x001A002B, 0xFFFDFE2B, 0xFE0E00A1,
    0x0004001A, 0x002BFFFD, 0xFFF9FE58, 0x00450005, 0x001A002B, 0xFFFD00DA, 0xFEC20014, 0x0005001A,
    0x002BFFFD, 0xFF6BFE69, 0x006B0004, 0x001A002B, 0xFFFDFDFE, 0xFDC0007D, 0x0005001A, 0x002BFFFD,
    0xFF47FE01, 0x00570002, 0x001A002B, 0xFFFD008D, 0xFEAC0040, 0x0004001A, 0x002BFFFD, 0x0138FEBE,
    0xFFF00003, 0x001A002B, 0xFFFD007C, 0xFEC60039, 0x0003001A, 0x002BFFFD, 0xFEE2FE3B, 0x00840003,
    0x001A002B, 0xFFFDFDFE, 0xFDC0007D, 0x0003001A, 0x002BFFFD, 0xFECFFDB0, 0x004E0003, 0x001A002B,
    0xFFFD008D, 0xFEAC0040, 0x0003001A, 0x002BFFFD, 0x0138FEBE, 0xFFF00003, 0x001A002B, 0xFFFD007C,
    0xFEC60039, 0x0003001A, 0x002BFFFD, 0xFEE2FE3B, 0x00840003, 0x001A002B, 0xFFFDFE67, 0xFDB80066,
    0x0004001A, 0x002BFFFD, 0x0037FEA3, 0x00690004, 0x001A002B, 0xFFFD0138, 0xFEBEFFF0, 0x0005001A,
    0x002BFFFD, 0xFF64FED1, 0x00A90006, 0x000CFFD9, 0xFFFBFABE, 0x00000000, 0x0001000C, 0xFFD9FFFB,
    0xFA330000, 0x00000003, 0x000CFFD9, 0xFFFBFB04, 0x00000000, 0x0002000C, 0xFFD9FFFB, 0xFB8F0000,
    0x00000002, 0x000CFFD9, 0xFFFBFC19, 0x00000000, 0x0002000C, 0xFFD9FFFB, 0xFC3B0000, 0x00000002,
    0x000CFFD9, 0xFFFBFBB7, 0x00000000, 0x0003000C, 0xFFD9FFFB, 0xFABE0000, 0x00000005, 0x000CFFD9,
    0xFFFBFA33, 0x00000000, 0x0002000C, 0xFFD9FFFB, 0xFB040000, 0x00000003, 0x000CFFD9, 0xFFFBFC08,
    0x00000000, 0x0003000C, 0xFFD9FFFB, 0xFC3B0000, 0x00000002, 0x000CFFD9, 0xFFFBFBB7, 0x00000000,
    0x0004000C, 0xFFD9FFFB, 0xFAF10000, 0x00000003, 0x000CFFD9, 0xFFFBF9E8, 0x00000000, 0x0003000C,
    0xFFD9FFFB, 0xFB040000, 0x00000003, 0x000CFFD9, 0xFFFBFC08, 0x00000000, 0x0003000C, 0xFFD9FFFB,
    0xFC2A0000, 0x00000002, 0x000CFFD9, 0xFFFBFBB7, 0x00000000, 0x0004000C, 0xFFD9FFFB, 0xFAF10000,
    0x00000003, 0x000CFFD9, 0xFFFBF9E8, 0x00000000, 0x0004000C, 0xFFD9FFFB, 0xFBBD0000, 0x00000005,
    0x000CFFD9, 0xFFFBFBF9, 0x00000000, 0x0005000C, 0xFFD9FFFB, 0xFB110000, 0x00000004, 0x000CFFD9,
    0xFFFBFA33, 0x00000000, 0x0005000C, 0xFFD9FFFB, 0xFB5B0000, 0x00000002, 0x000CFFD9, 0xFFFBFC19,
    0x00000000, 0x0004000C, 0xFFD9FFFB, 0xFC3B0000, 0x00000003, 0x000CFFD9, 0xFFFBFBB7, 0x00000000,
    0x0003000C, 0xFFD9FFFB, 0xFABE0000, 0x00000003, 0x000CFFD9, 0xFFFBFA33, 0x00000000, 0x0003000C,
    0xFFD9FFFB, 0xFB040000, 0x00000003, 0x000CFFD9, 0xFFFBFC19, 0x00000000, 0x0003000C, 0xFFD9FFFB,
    0xFC3B0000, 0x00000003, 0x000CFFD9, 0xFFFBFBB7, 0x00000000, 0x0003000C, 0xFFD9FFFB, 0xFABE0000,
    0x00000003, 0x000CFFD9, 0xFFFBFA9B, 0x00000000, 0x0004000C, 0xFFD9FFFB, 0xFC080000, 0x00000004,
    0x000CFFD9, 0xFFFBFC3B, 0x00000000, 0x0005000C, 0xFFD9FFFB, 0xFAF10000, 0x00000006, 0x0007FFDB,
    0x00150000, 0x00000000, 0x00010007, 0xFFDB0015, 0x00000000, 0x00000003, 0x0007FFDB, 0x00150000,
    0x00000000, 0x00020007, 0xFFDB0015, 0x00000000, 0x00000002, 0x0007FFDB, 0x00150000, 0x00000000,
    0x00020007, 0xFFDB0015, 0x00000000, 0x00000002, 0x0007FFDB, 0x00150000, 0x00000000, 0x00030007,
    0xFFDB0015, 0x00000000, 0x00000005, 0x0007FFDB, 0x00150000, 0x00000000, 0x00020007, 0xFFDB0015,
    0x00000000, 0x00000003, 0x0007FFDB, 0x00150000, 0x00000000, 0x00030007, 0xFFDB0015, 0x00000000,
    0x00000002, 0x0007FFDB, 0x00150000, 0x00000000, 0x00040007, 0xFFDB0015, 0x00000000, 0x00000003,
    0x0007FFDB, 0x00150000, 0x00000000, 0x00030007, 0xFFDB0015, 0x00000000, 0x00000003, 0x0007FFDB,
    0x00150000, 0x00000000, 0x00030007, 0xFFDB0015, 0x0021FF5E, 0x00160002, 0x0007FFDB, 0x00150000,
    0x00000000, 0x00040007, 0xFFDB0015, 0x00000000, 0x00000003, 0x0007FFDB, 0x00150000, 0x00000000,
    0x00040007, 0xFFDB0015, 0x00000000, 0x00000005, 0x0007FFDB, 0x00150000, 0x00000000, 0x00050007,
    0xFFDB0015, 0x00000000, 0x00000004, 0x0007FFDB, 0x00150000, 0x00000000, 0x00050007, 0xFFDB0015,
    0x00000000, 0x00000002, 0x0007FFDB, 0x00150000, 0x00000000, 0x00040007, 0xFFDB0015, 0x0043FEBC,
    0x002C0003, 0x0007FFDB, 0x00150000, 0x00000000, 0x00030007, 0xFFDB0015, 0x00000000, 0x00000003,
    0x0007FFDB, 0x00150000, 0x00000000, 0x00030007, 0xFFDB0015, 0x00000000, 0x00000003, 0x0007FFDB,
    0x00150000, 0x00000000, 0x00030007, 0xFFDB0015, 0x0043FEBC, 0x002C0003, 0x0007FFDB, 0x00150000,
    0x00000000, 0x00030007, 0xFFDB0015, 0x00000000, 0x00000003, 0x0007FFDB, 0x00150000, 0x00000000,
    0x00040007, 0xFFDB0015, 0x00000000, 0x00000004, 0x0007FFDB, 0x00150043, 0xFEBC002C, 0x00050007,
    0xFFDB0015, 0x00000000, 0x00000006, 0x00000000, 0x00000000, 0x000000C0, 0x0000000C, 0x000C000C,
    0x0018000C, 0x0024000C, 0x0030000C, 0x003C000C, 0x0048000C, 0x0054000C, 0x0060000C, 0x006C000C,
    0x0078000C, 0x0084000C, 0x0090000C, 0x009C000C, 0x00A8000C, 0x00B4000C, 0x00000000, 0x00000000,
    0x000001F7, 0x01800072, 0x00010000, 0x00000000, 0x01F70180, 0x00720005, 0xFFFAFFFE, 0x00600000,
    0x00000000, 0x000AFFFA, 0xFFFE0060, 0x0000072E, 0x0000000B, 0xFFFAFFFE, 0x00600000, 0x072E0000,
    0x000CFFFA, 0xFFFE0060, 0x0000072E, 0x0000000C, 0xFFFAFFFE, 0x00600000, 0x072E0000, 0x0004FFFA,
    0xFFFE0060, 0x0000072E, 0x00000007, 0xFFFAFFFE, 0x00600000, 0x072E0000, 0x0004FFFA, 0xFFFE0060,
    0x0000072E, 0x00000007, 0xFFFDFFFF, 0x009000FB, 0x04570039, 0x00060000, 0x000000C0, 0x01F70180,
    0x00720006, 0x00000012, 0x0004FFD6, 0x01580017, 0x00010000, 0x00120004, 0x00000000, 0x00000005,
    0x00000012, 0x00040000, 0x00000000, 0x000A0000, 0x00120004, 0x00000000, 0x0000000B, 0x00000012,
    0x00040000, 0x00000000, 0x000C0000, 0x00120004, 0x00000000, 0x0000000C, 0x00000012, 0x00040000,
    0x00000000, 0x00040000, 0x00120004, 0x00000000, 0x00000007, 0x00000012, 0x00040000, 0x00000000,
    0x00040000, 0x00120004, 0x00000000, 0x00000007, 0x00000012, 0x0004FFEB, 0x00AC000B, 0x00060000,
    0x00120004, 0xFFD60158, 0x00170006, 0x00000021, 0x001A0000, 0x00000000, 0x00010000, 0x0021001A,
    0x00000000, 0x00000005, 0x00000021, 0x001A0000, 0x00000000, 0x000A0000, 0x0021001A, 0x00000000,
    0x0000000B, 0x00000021, 0x001A0000, 0x00000000, 0x000C0000, 0x0021001A, 0x00000000, 0x0000000C,
    0x00000021, 0x001A0000, 0x00000000, 0x00040000, 0x0021001A, 0x00000000, 0x00000007, 0x00000021,
    0x001A0000, 0x00000000, 0x00040000, 0x0021001A, 0x00000000, 0x00000007, 0x00000021, 0x001A0000,
    0x00000000, 0x00060000, 0x0021001A, 0x00000000, 0x00000006, 0x00000021, 0xFFE80000, 0x00000000,
    0x00010000, 0x0021FFE8, 0x00000000, 0x00000005, 0x00000021, 0xFFE80000, 0x00000000, 0x000A0000,
    0x0021FFE8, 0x00000000, 0x0000000B, 0x00000021, 0xFFE80000, 0x00000000, 0x000C0000, 0x0021FFE8,
    0x00000000, 0x0000000C, 0x00000021, 0xFFE80000, 0x00000000, 0x00040000, 0x0021FFE8, 0x00000000,
    0x00000007, 0x00000021, 0xFFE80000, 0x00000000, 0x00040000, 0x0021FFE8, 0x00000000, 0x00000007,
    0x00000021, 0xFFE80000, 0x00000000, 0x00060000, 0x0021FFE8, 0x00000000, 0x00000006, 0x0000000F,
    0x00120000, 0x00000000, 0x00010000, 0x000F0012, 0x00000000, 0x00000005, 0x0000000F, 0x00120000,
    0x00000000, 0x000A0000, 0x000F0012, 0x00000000, 0x0000000B, 0x0000000F, 0x00120000, 0x00000000,
    0x000C0000, 0x000F0012, 0x00000000, 0x0000000C, 0x0000000F, 0x00120000, 0x00000000, 0x00040000,
    0x000F0012, 0x00000000, 0x00000007, 0x0000000F, 0x00120000, 0x00000000, 0x00040000, 0x000F0012,
    0x00000000, 0x00000007, 0x0000000F, 0x00120000, 0x00000000, 0x00060000, 0x000F0012, 0x00000000,
    0x00000006, 0x0000003E, 0xFFFE0000, 0x00000000, 0x00010000, 0x003EFFFE, 0x00000000, 0x00000005,
    0x0000003E, 0xFFFE0000, 0x00000000, 0x000A0000, 0x003EFFFE, 0x00000000, 0x0000000B, 0x0000003E,
    0xFFFE0000, 0x00000000, 0x000C0000, 0x003EFFFE, 0x00000000, 0x0000000C, 0x0000003E, 0xFFFE0000,
    0x00000000, 0x00040000, 0x003EFFFE, 0x00000000, 0x00000007, 0x0000003E, 0xFFFE0000, 0x00000000,
    0x00040000, 0x003EFFFE, 0x00000000, 0x00000007, 0x0000003E, 0xFFFE0000, 0x00000000, 0x00060000,
    0x003EFFFE, 0x00000000, 0x00000006, 0x00000013, 0x0006FD1C, 0xFEA9FFE3, 0x00010000, 0x00130006,
    0xFD1CFEA9, 0xFFE30005, 0x00000013, 0x00060000, 0x00000000, 0x000A0000, 0x00130006, 0xFE5604A7,
    0xFF9D000B, 0x00000013, 0x0006FE56, 0x04A7FF9D, 0x000C0000, 0x00130006, 0xFE5604A7, 0xFF9D000C,
    0x00000013, 0x0006FE56, 0x04A7FF9D, 0x00040000, 0x00130006, 0xFE5AFC19, 0x00300007, 0x00000013,
    0x0006FE5A, 0xFC190030, 0x00040000, 0x00130006, 0xFE5604A7, 0xFF9D0007, 0x00000013, 0x0006FFD7,
    0x0058004A, 0x00060000, 0x00130006, 0xFD1CFEA9, 0xFFE30006, 0x00000005, 0x00020000, 0x00000000,
    0x00010000, 0x00050002, 0x00000000, 0x00000005, 0x00000005, 0x00020000, 0x00000000, 0x000A0000,
    0x00050002, 0x00000000, 0x0000000B, 0x00000005, 0x00020000, 0x00000000, 0x000C0000, 0x00050002,
    0x00000000, 0x0000000C, 0x00000005, 0x00020000, 0x00000000, 0x00040000, 0x00050002, 0x00000000,
    0x00000007, 0x00000005, 0x00020000, 0x00000000, 0x00040000, 0x00050002, 0x00000000, 0x00000007,
    0x00000005, 0x00020000, 0x00000000, 0x00060000, 0x00050002, 0x00000000, 0x00000006, 0xFFDF002B,
    0xFFFCFDEB, 0x01520020, 0x0001FFDF, 0x002BFFFC, 0xFD0700CB, 0xFFDF0005, 0xFFDF002B, 0xFFFC0000,
    0x00000000, 0x000AFFDF, 0x002BFFFC, 0x00000000, 0x0000000B, 0xFFDF002B, 0xFFFC0000, 0x00000000,
    0x000CFFDF, 0x002BFFFC, 0xFDEC015A, 0xFFF3000C, 0xFFDF002B, 0xFFFCFDEC, 0x015AFFF3, 0x0004FFDF,
    0x002BFFFC, 0xFDEC015A, 0xFFF30007, 0xFFDF002B, 0xFFFCFDEC, 0x015AFFF3, 0x0004FFDF, 0x002BFFFC,
    0xFDEC015A, 0xFFF30007, 0xFFDF002B, 0xFFFCFDEB, 0x01560009, 0x0006FFDF, 0x002BFFFC, 0xFDEB0152,
    0x00200006, 0xFFF5FFDD, 0x0001FF42, 0x00650040, 0x0001FFF5, 0xFFDD0001, 0xFDF3006B, 0x00590005,
    0xFFF5FFDD, 0x00010000, 0x00000000, 0x000AFFF5, 0xFFDD0001, 0x00000000, 0x0000000B, 0xFFF5FFDD,
    0x00010000, 0x00000000, 0x000CFFF5, 0xFFDD0001, 0xFD470161, 0x0192000C, 0xFFF5FFDD, 0x0001FD47,
    0x01610192, 0x0004FFF5, 0xFFDD0001, 0xFD470161, 0x01920007, 0xFFF5FFDD, 0x0001FD47, 0x01610192,
    0x0004FFF5, 0xFFDD0001, 0xFD470161, 0x01920007, 0xFFF5FFDD, 0x0001FE44, 0x00E300E9, 0x0006FFF5,
    0xFFDD0001, 0xFF420065, 0x00400006, 0x0001FFF0, 0x00210000, 0x00000000, 0x00010001, 0xFFF00021,
    0x00000000, 0x00000005, 0x0001FFF0, 0x00210000, 0x00000000, 0x000A0001, 0xFFF00021, 0x00000000,
    0x0000000B, 0x0001FFF0, 0x00210000, 0x00000000, 0x000C0001, 0xFFF00021, 0x01A7012B, 0x0281000C,
    0x0001FFF0, 0x002101A7, 0x012B0281, 0x00040001, 0xFFF00021, 0x01A7012B, 0x02810007, 0x0001FFF0,
    0x002101A7, 0x012B0281, 0x00040001, 0xFFF00021, 0x01A7012B, 0x02810007, 0x0001FFF0, 0x002100D3,
    0x00950140, 0x00060001, 0xFFF00021, 0x00000000, 0x00000006, 0x0003FFF9, 0x0007FF71, 0x00E5FFFE,
    0x00010003, 0xFFF90007, 0xFF7100E5, 0xFFFE0005, 0x0003FFF9, 0x00070000, 0x00000000, 0x000A0003,
    0xFFF90007, 0x00000000, 0x0000000B, 0x0003FFF9, 0x00070000, 0x00000000, 0x000C0003, 0xFFF90007,
    0x00000000, 0x0000000C, 0x0003FFF9, 0x00070000, 0x00000000, 0x00040003, 0xFFF90007, 0x00000000,
    0x00000007, 0x0003FFF9, 0x00070000, 0x00000000, 0x00040003, 0xFFF90007, 0x00000000, 0x00000007,
    0x0003FFF9, 0x0007FFB9, 0x0072FFFF, 0x00060003, 0xFFF90007, 0xFF7100E5, 0xFFFE0006, 0x000BFFFB,
    0x00260000, 0x00000000, 0x0001000B, 0xFFFB0026, 0x00000000, 0x00000005, 0x000BFFFB, 0x00260000,
    0x00000000, 0x000A000B, 0xFFFB0026, 0x00000000, 0x0000000B, 0x000BFFFB, 0x00260000, 0x00000000,
    0x000C000B, 0xFFFB0026, 0x00000000, 0x0000000C, 0x000BFFFB, 0x00260000, 0x00000000, 0x0004000B,
    0xFFFB0026, 0x00000000, 0x00000007, 0x000BFFFB, 0x00260000, 0x00000000, 0x0004000B, 0xFFFB0026,
    0x00000000, 0x00000007, 0x000BFFFB, 0x00260000, 0x00000000, 0x0006000B, 0xFFFB0026, 0x00000000,
    0x00000006, 0x0023002B, 0xFFFC00C6, 0x00680187, 0x00010023, 0x002BFFFC, 0x04E90145, 0x02210005,
    0x0023002B, 0xFFFC0000, 0x00000000, 0x000A0023, 0x002BFFFC, 0xFFF1009E, 0x00BB000B, 0x0023002B,
    0xFFFCFFF1, 0x009E00BB, 0x000C0023, 0x002BFFFC, 0xFFF1009E, 0x00BB000C, 0x0023002B, 0xFFFCFFF1,
    0x009E00BB, 0x00040023, 0x002BFFFC, 0xFFF1009E, 0x00BB0007, 0x0023002B, 0xFFFCFFF1, 0x009E00BB,
    0x00040023, 0x002BFFFC, 0xFFF1009E, 0x00BB0007, 0x0023002B, 0xFFFC005B, 0x00830121, 0x00060023,
    0x002BFFFC, 0x00C60068, 0x01870006, 0x000BFFDD, 0x0003FDD7, 0x0003FF88, 0x0001000B, 0xFFDD0003,
    0xFD7B0031, 0xFF7B0005, 0x000BFFDD, 0x00030000, 0x00000000, 0x000A000B, 0xFFDD0003, 0xFDCDFFE9,
    0xFF7E000B, 0x000BFFDD, 0x0003FDCD, 0xFFE9FF7E, 0x000C000B, 0xFFDD0003, 0xFDCDFFE9, 0xFF7E000C,
    0x000BFFDD, 0x0003FDCD, 0xFFE9FF7E, 0x0004000B, 0xFFDD0003, 0xFDCDFFE9, 0xFF7E0007, 0x000BFFDD,
    0x0003FDCD, 0xFFE9FF7E, 0x0004000B, 0xFFDD0003, 0xFDCDFFE9, 0xFF7E0007, 0x000BFFDD, 0x0003FDD2,
    0xFFF7FF83, 0x0006000B, 0xFFDD0003, 0xFDD70003, 0xFF880006, 0xFFFBFFEF, 0x001F0000, 0x00000000,
    0x0001FFFB, 0xFFEF001F, 0x00000000, 0x00000005, 0xFFFBFFEF, 0x001F0000, 0x00000000, 0x000AFFFB,
    0xFFEF001F, 0x00000000, 0x0000000B, 0xFFFBFFEF, 0x001F0000, 0x00000000, 0x000CFFFB, 0xFFEF001F,
    0x00000000, 0x0000000C, 0xFFFBFFEF, 0x001F0000, 0x00000000, 0x0004FFFB, 0xFFEF001F, 0x00000000,
    0x00000007, 0xFFFBFFEF, 0x001F0000, 0x00000000, 0x0004FFFB, 0xFFEF001F, 0x00000000, 0x00000007,
    0xFFFBFFEF, 0x001F0000, 0x00000000, 0x0006FFFB, 0xFFEF001F, 0x00000000, 0x00000006, 0x00000000,
    0x00000000, 0x00000020, 0x00000002, 0x00020002, 0x00040002, 0x00060002, 0x00080002, 0x000A0002,
    0x000C0002, 0x000E0002, 0x00100002, 0x00120002, 0x00140002, 0x00160002, 0x00180002, 0x001A0002,
    0x001C0002, 0x001E0002, 0x00000000, 0x00000000, 0x00000000, 0x00000000, 0x00010000, 0x00000000,
    0x00000000, 0x00000001, 0x00000012, 0x00040000, 0x00000000, 0x00010000, 0x00120004, 0x00000000,
    0x00000001, 0x00000021, 0x001A0000, 0x00000000, 0x00010000, 0x0021001A, 0x00000000, 0x00000001,
    0x00000021, 0xFFE80000, 0x00000000, 0x00010000, 0x0021FFE8, 0x00000000, 0x00000001, 0x0000000F,
    0x00120000, 0x00000000, 0x00010000, 0x000F0012, 0x00000000, 0x00000001, 0x0000003E, 0xFFFE0097,
    0xFFFFFFF8, 0x00010000, 0x003EFFFE, 0x0097FFFF, 0xFFF80001, 0x00000013, 0x0006015A, 0xFFAE002B,
    0x00010000, 0x00130006, 0x015AFFAE, 0x002B0001, 0x00000005, 0x00020000, 0x00000000, 0x00010000,
    0x00050002, 0x00000000, 0x00000001, 0xFFDF002B, 0xFFFC0044, 0x00290096, 0x0001FFDF, 0x002BFFFC,
    0x00440029, 0x00960001, 0xFFF5FFDD, 0x00010352, 0xFEFDFF29, 0x0001FFF5, 0xFFDD0001, 0x0352FEFD,
    0xFF290001, 0x0001FFF0, 0x00210000, 0x00000000, 0x00010001, 0xFFF00021, 0x00000000, 0x00000001,
    0x0003FFF9, 0x0007FF71, 0x00E5FFFE, 0x00010003, 0xFFF90007, 0xFF7100E5, 0xFFFE0001, 0x000BFFFB,
    0x00260000, 0x00000000, 0x0001000B, 0xFFFB0026, 0x00000000, 0x00000001, 0x0023002B, 0xFFFC0006,
    0xFFC7FF74, 0x00010023, 0x002BFFFC, 0x0006FFC7, 0xFF740001, 0x000BFFDD, 0x000303D1, 0x00AB0105,
    0x0001000B, 0xFFDD0003, 0x03D100AB, 0x01050001, 0xFFFBFFEF, 0x001F0000, 0x00000000, 0x0001FFFB,
    0xFFEF001F, 0x00000000, 0x00000001, 0x00000000, 0x00000000, 0x00000000, 0xCD323200, 0x00000001,
    0x00000168, 0xCD323200, 0x0000001E, 0x800A4BB0, 0x00000002, 0x00000000, 0x00000000, 0x00000000,
    0x00000000, 0x00000000, 0x0000FD34, 0x00000000, 0x00000133, 0x00010000, 0x00000000, 0x41C80000,
    0x00000080, 0x0000F457, 0x00000133, 0x001E0000, 0x00000000, 0xC3D98000, 0x00000299, 0x0000D2EB,
    0x00000133, 0x003C0000, 0x00000000, 0x800A4BE0, 0x00000003, 0x00000069, 0x00000007, 0x00070007,
    0x000E0007, 0x00150007, 0x001C0007, 0x00230007, 0x002A0007, 0x00310007, 0x00380007, 0x003F0007,
    0x00460007, 0x004D0007, 0x00540007, 0x005B0007, 0x00620007, 0x00000000, 0x00000000, 0x00000000,
    0x00000000, 0x00000000, 0x00010000, 0x00000000, 0x00000000, 0x0000000E, 0x00000000, 0x00000000,
    0x00000000, 0x000F0000, 0x00000000, 0x00000000, 0x0000000F, 0x00000000, 0x00000000, 0x00000000,
    0x000F0000, 0x00000000, 0x00000000, 0x0000000A, 0x00000000, 0x00000000, 0x00000000, 0x000A0000,
    0x0079FFED, 0x00000000, 0x00000001, 0x00000079, 0xFFED0000, 0x00000000, 0x000E0000, 0x0079FFED,
    0x00000000, 0x0000000F, 0x00000079, 0xFFEDFCC9, 0x00000000, 0x000F0000, 0x0079FFED, 0x00000000,
    0x0000000F, 0x00000079, 0xFFED0000, 0x00000000, 0x000A0000, 0x0079FFED, 0x00000000, 0x0000000A,
    0x0000FFD1, 0x00380000, 0x00000000, 0x00010000, 0xFFD10038, 0x00000000, 0x0000000E, 0x0000FFD1,
    0x00380000, 0x00000000, 0x000F0000, 0xFFD10038, 0x03230000, 0x0000000F, 0x0000FFD1, 0x00380000,
    0x00000000, 0x000F0000, 0xFFD10038, 0x00000000, 0x0000000A, 0x0000FFD1, 0x00380000, 0x00000000,
    0x000A0024, 0x004DFFF0, 0x00000000, 0x00000001, 0x0024004D, 0xFFF00000, 0x00000000, 0x000E0024,
    0x004DFFF0, 0xFC7B0000, 0x0000000F, 0x0024004D, 0xFFF00000, 0x00000000, 0x000F0024, 0x004DFFF0,
    0x00000000, 0x0000000F, 0x0024004D, 0xFFF00000, 0x00000000, 0x000A0024, 0x004DFFF0, 0x00000000,
    0x0000000A, 0x00120034, 0xFFF70000, 0x00000000, 0x00010012, 0x0034FFF7, 0x00000000, 0x0000000E,
    0x00120034, 0xFFF70000, 0x00000000, 0x000F0012, 0x0034FFF7, 0x00000000, 0x0000000F, 0x00120034,
    0xFFF70000, 0x00000000, 0x000F0012, 0x0034FFF7, 0x00000000, 0x0000000A, 0x00120034, 0xFFF70000,
    0x00000000, 0x000AFFDE, 0x004AFFF0, 0x00000000, 0x00000001, 0xFFDE004A, 0xFFF00000, 0x00000000,
    0x000EFFDE, 0x004AFFF0, 0x00000000, 0x0000000F, 0xFFDE004A, 0xFFF00000, 0x00000000, 0x000FFFDE,
    0x004AFFF0, 0xFCC40000, 0x0000000F, 0xFFDE004A, 0xFFF0FE62, 0x00000000, 0x000AFFDE, 0x004AFFF0,
    0x00000000, 0x0000000A, 0xFFEF0037, 0xFFF70000, 0x00000000, 0x0001FFEF, 0x0037FFF7, 0x00000000,
    0x0000000E, 0xFFEF0037, 0xFFF70000, 0x00000000, 0x000FFFEF, 0x0037FFF7, 0x00000000, 0x0000000F,
    0xFFEF0037, 0xFFF70000, 0x00000000, 0x000FFFEF, 0x0037FFF7, 0x00000000, 0x0000000A, 0xFFEF0037,
    0xFFF70000, 0x00000000, 0x000A0000, 0xFFF50000, 0x00000000, 0x00000001, 0x0000FFF5, 0x0000FCC2,
    0x00000000, 0x000E0000, 0xFFF50000, 0xFCF90000, 0x0000000F, 0x0000FFF5, 0x00000000, 0x00000000,
    0x000F0000, 0xFFF50000, 0x00000000, 0x0000000F, 0x0000FFF5, 0x00000000, 0x00000000, 0x000A0000,
    0xFFF50000, 0x00000000, 0x0000000A, 0xFFD4000B, 0x00530000, 0x00000000, 0x0001FFD4, 0x000B0053,
    0x03970000, 0x0000000E, 0xFFD4000B, 0x0053035A, 0x00000000, 0x000FFFD4, 0x000B0053, 0x00000000,
    0x0000000F, 0xFFD4000B, 0x00530000, 0x00000000, 0x000FFFD4, 0x000B0053, 0x00000000, 0x0000000A,
    0xFFD4000B, 0x00530000, 0x00000000, 0x000A0000, 0xFFF50000, 0x00000000, 0x00000001, 0x0000FFF5,
    0x00000000, 0x00000000, 0x000E0000, 0xFFF50000, 0x00000000, 0x0000000F, 0x0000FFF5, 0x00000000,
    0x00000000, 0x000F0000, 0xFFF50000, 0x00000000, 0x0000000F, 0x0000FFF5, 0x00000000, 0x0000FDC3,
    0x000A0000, 0xFFF50000, 0x00000000, 0x0000000A, 0xFF9E000C, 0x00000000, 0x00000000, 0x0001FF9E,
    0x000C0000, 0x00000000, 0x0000000E, 0xFF9E000C, 0x00000000, 0x00000000, 0x000FFF9E, 0x000C0000,
    0x00000000, 0x0000000F, 0xFF9E000C, 0x00000000, 0x00000000, 0x000FFF9E, 0x000C0000, 0x00000000,
    0x0288000A, 0xFF9E000C, 0x00000000, 0x00000000, 0x000A0000, 0xFFF50000, 0x00000000, 0x00000001,
    0x0000FFF5, 0x00000000, 0x00000000, 0x000E0000, 0xFFF50000, 0xFAE40000, 0x0000000F, 0x0000FFF5,
    0x0000FAE4, 0x00000000, 0x000F0000, 0xFFF50000, 0x00000000, 0x0000000F, 0x0000FFF5, 0x00000000,
    0x00000000, 0x000A0000, 0xFFF50000, 0x00000000, 0x0000000A, 0x0025000B, 0x00580000, 0x00000000,
    0x00010025, 0x000B0058, 0x00000000, 0x0000000E, 0x0025000B, 0x005803FB, 0x00000000, 0x000F0025,
    0x000B0058, 0x03FB0000, 0x0000000F, 0x0025000B, 0x00580000, 0x00000000, 0x000F0025, 0x000B0058,
    0x00000000, 0x0000000A, 0x0025000B, 0x00580000, 0x00000000, 0x000A0000, 0xFFF50000, 0x00000000,
    0x00000001, 0x0000FFF5, 0x00000000, 0x00000000, 0x000E0000, 0xFFF50000, 0x00000000, 0x0040000F,
    0x0000FFF5, 0x0000FFFC, 0x000003C9, 0x000F0000, 0xFFF50000, 0x00000000, 0x0000000F, 0x0000FFF5,
    0x00000000, 0x00000000, 0x000A0000, 0xFFF50000, 0x00000000, 0x0000000A, 0x005E000B, 0x00000000,
    0x00000000, 0x0001005E, 0x000B0000, 0x00000000, 0x0000000E, 0x005E000B, 0x00000000, 0x0000FFA5,
    0x000F005E, 0x000B0000, 0x00000000, 0xFAA9000F, 0x005E000B, 0x00000000, 0x00000000, 0x000F005E,
    0x000B0000, 0x00000000, 0x0000000A, 0x005E000B, 0x00000000, 0x00000000, 0x000A0000, 0x00000000,
    0x00000000, 0x0000001B, 0x00000009, 0x00090009, 0x00120009, 0x00000000, 0x00000000, 0x00000000,
    0x00000000, 0x00000000, 0x00000000, 0x00000000, 0x00000000, 0x00000000, 0x00000000, 0x00000000,
    0x00000000, 0x00000000, 0x00000000, 0xFFFFFFF0, 0xFFFEF9B8, 0x00000000, 0x0001FFFF, 0xFFF30040,
    0xF9B80000, 0x0000000B, 0xFFFFFFF3, 0x0040019B, 0xFFEC0000, 0x000AFFFF, 0xFFF30040, 0x050EFFEC,
    0x00000005, 0xFFFFFFF3, 0x0040F754, 0xFFEC0000, 0x000DFFFF, 0xFFF30040, 0xF9B80000, 0x00000005,
    0xFFFFFFF3, 0x0040019B, 0xFFEC0000, 0x0005FFFF, 0xFFF30040, 0x01E3FFEC, 0x00000007, 0xFFFFFFF3,
    0x0040F754, 0xFFEC0000, 0x00080001, 0x00180056, 0x06BA0000, 0x00000001, 0x00010018, 0x0056FFDA,
    0x00000000, 0x000B0001, 0x00180056, 0xFFDA0000, 0x0000000A, 0x00010018, 0x0056040B, 0x00000000,
    0x00050001, 0x00180056, 0x040B0000, 0x0000000D, 0x00010018, 0x0056FFDA, 0x00000000, 0x00050001,
    0x00180056, 0xFFDA0000, 0x00000005, 0x00010018, 0x0056040B, 0x00000000, 0x00070001, 0x00180056,
    0x040B0000, 0x00000008, 0x0000FFE9, 0x005504CC, 0x00000000, 0x00010000, 0xFFE90055, 0xFF460000,
    0x0000000B, 0x0000FFE9, 0x0055FF46, 0x00000000, 0x000A0000, 0xFFE90055, 0x04810000, 0x00000005,
    0x0000FFE9, 0x00550705, 0x00000000, 0x000D0000, 0xFFE90055, 0xFF460000, 0x00000005, 0x0000FFE9,
    0x0055FF46, 0x00000000, 0x00050000, 0xFFE90055, 0x05160000, 0x00000007, 0x0000FFE9, 0x00550705,
    0x00000000, 0x00080000, 0x00000000, 0x00000000, 0x00000000, 0x00000069, 0x00000007, 0x00070007,
    0x000E0007, 0x00150007, 0x001C0007, 0x00230007, 0x002A0007, 0x00310007, 0x00380007, 0x003F0007,
    0x00460007, 0x004D0007, 0x00540007, 0x005B0007, 0x00620007, 0x00000000, 0x00000000, 0x00000000,
    0x00000000, 0x00000000, 0x00010000, 0x0000003C, 0x00000000, 0x0000000E, 0x00000000, 0x007C0000,
    0x00000000, 0x000F0000, 0x000000BC, 0x00000000, 0x0000000F, 0x00000000, 0x00FC0000, 0x00000000,
    0x000F0000, 0x00000127, 0x00000000, 0x0000000A, 0x00000000, 0x01520000, 0x00000000, 0x000A0000,
    0x0079FFED, 0x00000000, 0x00000001, 0x00000079, 0xFFED0000, 0x00000000, 0x000E0000, 0x0079FFED,
    0x00000000, 0x0000000F, 0x00000079, 0xFFEDFCC9, 0x00000000, 0x000F0000, 0x0079FFED, 0x00000000,
    0x0000000F, 0x00000079, 0xFFED0000, 0x00000000, 0x000A0000, 0x0079FFED, 0x00000000, 0x0000000A,
    0x0000FFD1, 0x00380000, 0x00000000, 0x00010000, 0xFFD10038, 0x00000000, 0x0000000E, 0x0000FFD1,
    0x00380000, 0x00000000, 0x000F0000, 0xFFD10038, 0x03230000, 0x0000000F, 0x0000FFD1, 0x00380000,
    0x00000000, 0x000F0000, 0xFFD10038, 0x00000000, 0x0000000A, 0x0000FFD1, 0x00380000, 0x00000000,
    0x000A0024, 0x004DFFF0, 0x00000000, 0x00000001, 0x0024004D, 0xFFF00000, 0x00000000, 0x000E0024,
    0x004DFFF0, 0xFC7B0000, 0x0000000F, 0x0024004D, 0xFFF00000, 0x00000000, 0x000F0024, 0x004DFFF0,
    0x00000000, 0x0000000F, 0x0024004D, 0xFFF00000, 0x00000000, 0x000A0024, 0x004DFFF0, 0xFC7B0000,
    0x0000000A, 0x00120034, 0xFFF70000, 0x00000000, 0x00010012, 0x0034FFF7, 0x00000000, 0x0000000E,
    0x00120034, 0xFFF70000, 0x00000000, 0x000F0012, 0x0034FFF7, 0x00000000, 0x0000000F, 0x00120034,
    0xFFF70000, 0x00000000, 0x000F0012, 0x0034FFF7, 0x00000000, 0x0000000A, 0x00120034, 0xFFF70000,
    0x00000000, 0x000AFFDE, 0x004AFFF0, 0x00000000, 0x00000001, 0xFFDE004A, 0xFFF00000, 0x00000000,
    0x000EFFDE, 0x004AFFF0, 0x00000000, 0x0000000F, 0xFFDE004A, 0xFFF00000, 0x00000000, 0x000FFFDE,
    0x004AFFF0, 0xFCC40000, 0x0000000F, 0xFFDE004A, 0xFFF0FE62, 0x00000000, 0x000AFFDE, 0x004AFFF0,
    0x00000000, 0x0000000A, 0xFFEF0037, 0xFFF70000, 0x00000000, 0x0001FFEF, 0x0037FFF7, 0x00000000,
    0x0000000E, 0xFFEF0037, 0xFFF70000, 0x00000000, 0x000FFFEF, 0x0037FFF7, 0x00000000, 0x0000000F,
    0xFFEF0037, 0xFFF70000, 0x00000000, 0x000FFFEF, 0x0037FFF7, 0x00000000, 0x0000000A, 0xFFEF0037,
    0xFFF70000, 0x00000000, 0x000A0000, 0xFFF50000, 0x00000000, 0x00000001, 0x0000FFF5, 0x0000FCC2,
    0x00000000, 0x000E0000, 0xFFF50000, 0xFCF90000, 0x0000000F, 0x0000FFF5, 0x00000000, 0x00000000,
    0x000F0000, 0xFFF50000, 0x00000000, 0x0000000F, 0x0000FFF5, 0x00000000, 0x00000000, 0x000A0000,
    0xFFF50000, 0xFCF90000, 0x0000000A, 0xFFD4000B, 0x00530000, 0x00000000, 0x0001FFD4, 0x000B0053,
    0x03970000, 0x0000000E, 0xFFD4000B, 0x0053035A, 0x00000000, 0x000FFFD4, 0x000B0053, 0x00000000,
    0x0000000F, 0xFFD4000B, 0x00530000, 0x00000000, 0x000FFFD4, 0x000B0053, 0x00000000, 0x0000000A,
    0xFFD4000B, 0x0053035A, 0x00000000, 0x000A0000, 0xFFF50000, 0x00000000, 0x00000001, 0x0000FFF5,
    0x00000000, 0x00000000, 0x000E0000, 0xFFF50000, 0x00000000, 0x0000000F, 0x0000FFF5, 0x00000000,
    0x00000000, 0x000F0000, 0xFFF50000, 0x00000000, 0x0000000F, 0x0000FFF5, 0x00000000, 0x0000FDC3,
    0x000A0000, 0xFFF50000, 0x00000000, 0x0000000A, 0xFF9E000C, 0x00000000, 0x00000000, 0x0001FF9E,
    0x000C0000, 0x00000000, 0x0000000E, 0xFF9E000C, 0x00000000, 0x00000000, 0x000FFF9E, 0x000C0000,
    0x00000000, 0x0000000F, 0xFF9E000C, 0x00000000, 0x00000000, 0x000FFF9E, 0x000C0000, 0x00000000,
    0x0288000A, 0xFF9E000C, 0x00000000, 0x00000000, 0x000A0000, 0xFFF50000, 0x00000000, 0x00000001,
    0x0000FFF5, 0x00000000, 0x00000000, 0x000E0000, 0xFFF50000, 0xFAE40000, 0x0000000F, 0x0000FFF5,
    0x0000FAE4, 0x00000000, 0x000F0000, 0xFFF50000, 0x00000000, 0x0000000F, 0x0000FFF5, 0x0000FBF7,
    0x00000000, 0x000A0000, 0xFFF50000, 0xFAE40000, 0x0000000A, 0x0025000B, 0x00580000, 0x00000000,
    0x00010025, 0x000B0058, 0x00000000, 0x0000000E, 0x0025000B, 0x005803FB, 0x00000000, 0x000F0025,
    0x000B0058, 0x03FB0000, 0x0000000F, 0x0025000B, 0x00580000, 0x00000000, 0x000F0025, 0x000B0058,
    0x046F0000, 0x0000000A, 0x0025000B, 0x005803FB, 0x00000000, 0x000A0000, 0xFFF50000, 0x00000000,
    0x00000001, 0x0000FFF5, 0x00000000, 0x00000000, 0x000E0000, 0xFFF50000, 0x00000000, 0x0040000F,
    0x0000FFF5, 0x0000FFFC, 0x000003C9, 0x000F0000, 0xFFF50000, 0x00000000, 0x0000000F, 0x0000FFF5,
    0x00000000, 0x00000000, 0x000A0000, 0xFFF50000, 0x00000000, 0x0040000A, 0x005E000B, 0x00000000,
    0x00000000, 0x0001005E, 0x000B0000, 0x00000000, 0x0000000E, 0x005E000B, 0x00000000, 0x0000FFA5,
    0x000F005E, 0x000B0000, 0x00000000, 0xFAA9000F, 0x005E000B, 0x00000000, 0x00000000, 0x000F005E,
    0x000B0000, 0x00000000, 0x0000000A, 0x005E000B, 0x00000000, 0x0000FFA5, 0x000A0000, 0x00000000,
    0x00000000, 0x00000009, 0x00000003, 0x00030003, 0x00060003, 0x00000000, 0x00000000, 0x00000000,
    0x00000000, 0x00000000, 0x00000000, 0x00000000, 0x00000000, 0x00000000, 0x00000000, 0x00000000,
    0x00000000, 0x00000000, 0x00000000, 0x0000FFF0, 0xFFFEFCF6, 0x00000000, 0x00010000, 0xFFF10028,
    0x009A0000, 0x001D000B, 0x0000FFF6, 0x004F0238, 0x00000000, 0x000AFFFF, 0x00180056, 0x03B90000,
    0x00000001, 0xFFFF0018, 0x00560009, 0x00000000, 0x000BFFFF, 0x00180056, 0x00090000, 0x0000000A,
    0x0000FFE9, 0x0055054E, 0x00000000, 0x00010000, 0xFFE90055, 0xFFBA0000, 0x0000000B, 0x0000FFE9,
    0x0055FF2D, 0x00000000, 0x000A0000, 0x00000000, 0x00000000, 0x00000006, 0x00000006, 0x00000000,
    0x00000000, 0x00000000, 0x00000000, 0x00000000, 0x00000000, 0x00000000, 0x00000000, 0x00000000,
    0x00000000, 0x00000000, 0x00000000, 0x00000000, 0x00000000, 0x00000000, 0x00000000, 0x000CFFF7,
    0x00000179, 0x00000000, 0x0001000C, 0xFFF70000, 0x0183FE01, 0x00D8001B, 0x000CFFF7, 0x00000183,
    0xFE0100D8, 0x0006000C, 0xFFF70000, 0x018302B0, 0x00000016, 0x000CFFF7, 0x0000022F, 0x000D0000,
    0x002C000C, 0xFFF70000, 0x0299000D, 0x00000032, 0x00000000, 0x00000009, 0x00000003, 0x00030003,
    0x00060003, 0x00000000, 0x00000000, 0x00000000, 0x00000000, 0x00000000, 0x00000000, 0x00000000,
    0x00000000, 0x00000000, 0x00000000, 0x00000000, 0x00000000, 0x00000000, 0x00000000, 0xFFFFFFF0,
    0xFFFEF9B8, 0x00000000, 0x0001FFFF, 0xFFF30040, 0xF9B80000, 0x0000000B, 0xFFFFFFF3, 0x0040019B,
    0xFFEC0000, 0x000A0001, 0x00180056, 0x06BA0000, 0x00000001, 0x00010018, 0x0056FFDA, 0x00000000,
    0x000B0001, 0x00180056, 0xFFDA0000, 0x0000000A, 0x0000FFE9, 0x005504CC, 0x00000000, 0x00010000,
    0xFFE90055, 0xFF460000, 0x0000000B, 0x0000FFE9, 0x0055FF46, 0x00000000, 0x000A0000, 0x00000000,
    0x00000000, 0x00000002, 0x00000002, 0x00000000, 0x00000000, 0x00000000, 0x00000000, 0x00000000,
    0x00000000, 0x00000000, 0x00000000, 0x00000000, 0x00000000, 0x00000000, 0x00000000, 0x00000000,
    0x00000000, 0x00000000, 0x00000000, 0x000CFFF7, 0x00000000, 0x00000000, 0x0001000C, 0xFFF70000,
    0x01740000, 0x00000027, 0x00000000, 0x00000000, 0x00000000, 0x00000006, 0x00000006, 0x00000000,
    0x00000000, 0x00000000, 0x00000000, 0x00000000, 0x00000000, 0x00000000, 0x00000000, 0x00000000,
    0x00000000, 0x00000000, 0x00000000, 0x00000000, 0x00000000, 0x00000000, 0x00000000, 0x00000000,
    0x00000000, 0x00000000, 0x00010000, 0x00000000, 0x00000000, 0x0000000E, 0x00000000, 0x0000FEA9,
    0x00000000, 0x00190000, 0x00000000, 0xFEA90000, 0x0000000A, 0x00000000, 0x0000FEA9, 0x00000000,
    0x000A0000, 0x00000000, 0x010D0000, 0x0000001E, 0x00000000, 0x00000009, 0x00000003, 0x00030003,
    0x00060003, 0x00000000, 0x00000000, 0x00000000, 0x00000000, 0x00000000, 0x00000000, 0x00000000,
    0x00000000, 0x00000000, 0x00000000, 0x00000000, 0x00000000, 0x00000000, 0x00000000, 0x005F004D,
    0x00550238, 0xF7D80000, 0x000100A8, 0x00910047, 0x0238F7D8, 0x00000027, 0x00DE00BB, 0x00340238,
    0xF7D80000, 0x003C0001, 0x00180056, 0x00000000, 0x00000001, 0x00010018, 0x00560000, 0x00000000,
    0x00270001, 0x00180056, 0x00000000, 0x0000003C, 0x0000FFE9, 0x0055FBB1, 0x00000000, 0x00010000,
    0xFFE90055, 0xFBB10000, 0x00000027, 0x0000FFE9, 0x0055FBB1, 0x00000000, 0x003C0000, 0x00000000,
    0x00000000, 0x00000003, 0x00000003, 0x00000000, 0x00000000, 0x00000000, 0x00000000, 0x00000000,
    0x00000000, 0x00000000, 0x00000000, 0x00000000, 0x00000000, 0x00000000, 0x00000000, 0x00000000,
    0x00000000, 0x00000000, 0x00000000, 0xFF65FFB6, 0x00510006, 0x0006FDAA, 0x0001FFAE, 0xFFF90042,
    0x00180006, 0xFDD00027, 0xFFE30023, 0x0030002B, 0x0006FD30, 0x003C0000, 0x00000000, 0x00000000,
    0x00000000, 0x00000015, 0x00000007, 0x00070007, 0x000E0007, 0x00000000, 0x00000000, 0x00000000,
    0x00000000, 0x00000000, 0x00000000, 0x00000000, 0x00000000, 0x00000000, 0x00000000, 0x00000000,
    0x00000000, 0x00000000, 0x00000000, 0xFFFFFFF0, 0xFFFEF9B8, 0x00000000, 0x0000FFFF, 0xFFF0FFFE,
    0xF9B80000, 0x00000002, 0xFFFFFFF3, 0x0040F9B8, 0x00000000, 0x0016FFFF, 0xFFF30040, 0x019BFFEC,
    0x00000014, 0xFFFFFFF3, 0x0040019B, 0xFFEC0000, 0x0014FFFF, 0xFFF30040, 0x019BFFEC, 0x00000010,
    0xFFFFFFF0, 0xFFFEF9B8, 0x00000000, 0x00280001, 0x00180056, 0x06BA0000, 0x00000000, 0x00010018,
    0x005606BA, 0x00000000, 0x00020001, 0x00180056, 0xFFDA0000, 0x00000016, 0x00010018, 0x0056FFDA,
    0x00000000, 0x00140001, 0x00180056, 0xFFDA0000, 0x00000014, 0x00010018, 0x0056FFDA, 0x00000000,
    0x00100001, 0x00180056, 0x06BA0000, 0x00000028, 0x0000FFE9, 0x005504CC, 0x00000000, 0x00000000,
    0xFFE90055, 0x04CC0000, 0x00000002, 0x0000FFE9, 0x0055FF46, 0x00000000, 0x00160000, 0xFFE90055,
    0xFF460000, 0x00000014, 0x0000FFE9, 0x0055FFAA, 0x00000000, 0x00140000, 0xFFE90055, 0xFF460000,
    0x00000010, 0x0000FFE9, 0x005504CC, 0x00000000, 0x00280000, 0x00000030, 0x00000003, 0x00030003,
    0x00060003, 0x00090003, 0x000C0003, 0x000F0003, 0x00120003, 0x00150003, 0x00180003, 0x001B0003,
    0x001E0003, 0x00210003, 0x00240003, 0x00270003, 0x002A0003, 0x002D0003, 0x00000000, 0x0000FFDC,
    0xFFFD0000, 0x00000000, 0x00010000, 0xFFDCFFFD, 0x00000000, 0x00000013, 0x0000FFDC, 0xFFFD0000,
    0x00000000, 0x000A0000, 0x00120004, 0x00000000, 0x00000001, 0x00000012, 0x00040000, 0x00000000,
    0x00130000, 0x00120004, 0x00000000, 0x0000000A, 0x00000021, 0x001A0000, 0x00000000, 0x00010000,
    0x0021001A, 0x00000000, 0x00000013, 0x00000021, 0x001A0000, 0x00000000, 0x000A0000, 0x0021FFE8,
    0x00000000, 0x00000001, 0x00000021, 0xFFE80000, 0x00000000, 0x00130000, 0x0021FFE8, 0x00000000,
    0x0000000A, 0xFFF9000E, 0x001A0000, 0x00000032, 0x00010000, 0x000D0017, 0x00000000, 0x00000013,
    0x0000000F, 0x00120000, 0x00000000, 0x000A0000, 0x003EFFFE, 0x00000000, 0x00000001, 0x0000003E,
    0xFFFE0000, 0x00000000, 0x00130000, 0x003EFFFE, 0x00000000, 0x0000000A, 0x00000013, 0x00060000,
    0x00000000, 0x00010000, 0x00130006, 0x00000000, 0x00000013, 0x00000013, 0x00060000, 0x00000000,
    0x000A0000, 0x00050002, 0x00000000, 0x00000001, 0x00000005, 0x00020000, 0x00000000, 0x00130000,
    0x00050002, 0x00000000, 0x0000000A, 0xFFDF002B, 0xFFFC0387, 0x054EFEC0, 0x0001FFDF, 0x002BFFFC,
    0x032C05C7, 0xFE050013, 0xFFDF002B, 0xFFFC03C2, 0x05C7FEC9, 0x000AFFF5, 0xFFDD0001, 0xFB3DFEC2,
    0x021B0001, 0xFFF5FFDD, 0x0001FB98, 0xFEDB00E3, 0x0013FFF5, 0xFFDD0001, 0xFABDFEDB, 0x005D000A,
    0x0001FFF0, 0x0021FF5F, 0x00000323, 0x00010001, 0xFFF00021, 0xFF5F0000, 0x03230013, 0x0001FFF0,
    0x0021FF5F, 0x00000323, 0x000A0003, 0xFFF90007, 0x00000000, 0x00000001, 0x0003FFF9, 0x00070000,
    0x00000000, 0x00130003, 0xFFF90007, 0x00000000, 0x0000000A, 0x000BFFFB, 0x00260000, 0x00000000,
    0x0001000B, 0xFFFB0026, 0x00000000, 0x00000013, 0x000BFFFB, 0x00260000, 0x00000000, 0x000A0023,
    0x002BFFFC, 0x013CFA97, 0x02BA0001, 0x0023002B, 0xFFFC02BF, 0xFA970327, 0x00130023, 0x002BFFFC,
    0x0320FA97, 0x02BA000A, 0x000BFFDD, 0x0003FCA7, 0x0096FEA2, 0x0001000B, 0xFFDD0003, 0xFBB50016,
    0xFE570013, 0x000BFFDD, 0x0003FB12, 0xFFACFEB0, 0x000AFFFB, 0xFFEF001F, 0xFFA80004, 0xFD4D0001,
    0xFFFBFFEF, 0x001FFFA8, 0x0004FD4D, 0x0013FFFB, 0xFFEF001F, 0xFFA80004, 0xFD4D000A, 0x00000000,
    0x00000000, 0x0000003C, 0x00000004, 0x00040004, 0x00080004, 0x000C0004, 0x00100004, 0x00140004,
    0x00180004, 0x001C0004, 0x00200004, 0x00240004, 0x00280004, 0x002C0004, 0x00300004, 0x00340004,
    0x00380004, 0x00000000, 0x00000000, 0x00000000, 0x00000000, 0x00000000, 0x00010000, 0xFFDA0000,
    0x021E0000, 0x00000009, 0x0000FFFA, 0xFFE5021E, 0x00000000, 0x000F0000, 0xFFD1FFD2, 0x021E0000,
    0x0000000A, 0x00000079, 0xFFED0000, 0x00000000, 0x0001FFFC, 0x0104002F, 0xFAB40000, 0x00000009,
    0xFFFC00F8, 0x00B7012C, 0x00000000, 0x000FFFFC, 0x00CB0164, 0x053A0000, 0x0000000A, 0x0000FFD1,
    0x00380000, 0x00000000, 0x00010000, 0xFF800069, 0x00000000, 0x00000009, 0x00000034, 0x012B00E8,
    0x00000000, 0x000F0000, 0x0106006B, 0x00E80000, 0x0000000A, 0x0024004D, 0xFFF00000, 0x00000000,
    0x0001003E, 0x008A0050, 0x00000000, 0x00000009, 0x003E00E3, 0x00C30000, 0x00000000, 0x000F003E,
    0x007C014D, 0x00000000, 0x0000000A, 0x00120034, 0xFFF70000, 0x00000000, 0x00010010, 0x00B20059,
    0x00000000, 0x00000009, 0xFFE90033, 0x00540533, 0x0000FF4F, 0x000FFFE9, 0x00D50078, 0x06B10000,
    0xFF4F000A, 0xFFDE004A, 0xFFF00000, 0x00000000, 0x0001FF7C, 0x00920014, 0x00000000, 0x00000009,
    0xFF7C0047, 0x00360000, 0x00240000, 0x000FFF7C, 0xFFF80043, 0x00000024, 0x0000000A, 0xFFEF0037,
    0xFFF70000, 0x00000000, 0x0001FF77, 0x0055FFEA, 0x00000000, 0x00000009, 0xFF750022, 0x00000000,
    0x00000000, 0x000FFF76, 0x007DFFE4, 0x00000000, 0x0000000A, 0x0000FFF5, 0x00000000, 0x00000000,
    0x0001FFB1, 0x0083004B, 0x00000000, 0x00000009, 0xFF1600C1, 0x00920000, 0x00000000, 0x000FFF16,
    0x007A00FC, 0x00000000, 0x0000000A, 0xFFD4000B, 0x00530000, 0x00000000, 0x0001FFAF, 0x004100A6,
    0x00000000, 0x00000009, 0xFFB10052, 0x00CB0360, 0x00000000, 0x000FFFB1, 0x009B00EA, 0x03600000,
    0x0000000A, 0x0000FFF5, 0x00000000, 0x00000000, 0x0001FF9B, 0x00000000, 0x0000FFFE, 0x01E20009,
    0xFF92FFEF, 0xFFD80000, 0xFFFE01E2, 0x000FFF7D, 0x0023FFC1, 0x0000FFFE, 0x01E2000A, 0xFF9E000C,
    0x00000000, 0x00000000, 0x0001FFA6, 0x00710000, 0xFFEA0000, 0xF9C80009, 0x00330073, 0xFFBBFDFE,
    0x0000FF41, 0x000FFFF9, 0x0004FFF3, 0xFDFE0000, 0xFF41000A, 0x0000FFF5, 0x00000000, 0x00000000,
    0x00010028, 0x004F0027, 0x00000000, 0x00000009, 0x00690093, 0x0009FFDC, 0x0000FFDA, 0x000F001C,
    0x007E0058, 0xFFDC0000, 0xFFDA000A, 0x0025000B, 0x00580000, 0x00000000, 0x0001001E, 0x00800076,
    0x0000FCBB, 0x00000009, 0xFF8FFFEB, 0x00B10000, 0xFCBB0000, 0x000FFFBE, 0x002E00C6, 0x0000FCBB,
    0x0000000A, 0x0000FFF5, 0x00000000, 0x00000000, 0x00010053, 0x00370000, 0x00000000, 0x00000009,
    0x00C20053, 0xFFB00000, 0x00000000, 0x000F0073, 0x0008FFD1, 0x00000000, 0x0000000A, 0x005E000B,
    0x00000000, 0x00000000, 0x0001005E, 0x00700000, 0x00000000, 0x00000009, 0xFFB4FF92, 0xFFC10000,
    0x00000000, 0x000FFFE3, 0xFFE7FF9B, 0x00000000, 0x0000000A, 0x00000004, 0x00000002, 0x00020002,
    0x00000000, 0x00000000, 0x00000000, 0x00000000, 0x00000000, 0x00000000, 0x00000000, 0x00000000,
    0x00000000, 0x00000000, 0x00000000, 0x00000000, 0x00000000, 0x00000000, 0x00000000, 0x00000000,
    0x00000000, 0x00000000, 0x00010000, 0x00000000, 0x00000000, 0x0000012B, 0x00000000, 0x00000000,
    0x00000000, 0x00010000, 0x00000000, 0x00000000, 0x2000012B, 0x0000000C, 0x00000004, 0x00040004,
    0x00080004, 0x00000000, 0x00000000, 0x00000000, 0x00000000, 0x00000000, 0x00000000, 0x00000000,
    0x00000000, 0x00000000, 0x00000000, 0x00000000, 0x00000000, 0x00000000, 0x00000000, 0x00000000,
    0x00000000, 0x00000000, 0x000314BF, 0x00000000, 0x00000000, 0x00000255, 0x1F2C0000, 0x00000000,
    0x00000000, 0x012C296D, 0x00000000, 0x00000000, 0x00000127, 0x00000000, 0x00000000, 0x00000000,
    0x00030000, 0x00000000, 0x00000000, 0x00000255, 0x00000000, 0x00000000, 0x00000000, 0x012C0000,
    0x00000000, 0x00000000, 0x00000127, 0x00000000, 0x00000000, 0x00000000, 0x00030000, 0x00000000,
    0x00000000, 0x00000255, 0x00000000, 0x00000000, 0x00000000, 0x012C0000, 0x00000000, 0x00000000,
    0x00000127, 0x00000018, 0x00000008, 0x00080008, 0x00100008, 0x00000000, 0x00000000, 0x00000000,
    0x00000000, 0x00000000, 0x00000000, 0x00000000, 0x00000000, 0x00000000, 0x00000000, 0x00000000,
    0x00000000, 0x00000000, 0x00000000, 0x00000000, 0xF8010000, 0x00000000, 0x00010000, 0x0000F801,
    0x00000000, 0x0000000C, 0x00000000, 0xF8010000, 0x00000000, 0x000E0000, 0x0000F801, 0x00000000,
    0x0000000F, 0x00000000, 0xF8010000, 0x00000000, 0x000C0000, 0x0000F801, 0x00000000, 0x0000000A,
    0x00000000, 0xF8010000, 0x00000000, 0x000A0000, 0x0000F801, 0x00000000, 0x00000006, 0x00010018,
    0x00560000, 0x00000000, 0x00010001, 0x00180056, 0x00000000, 0x0000000C, 0x00010018, 0x00560000,
    0x00000000, 0x000E0001, 0x00180056, 0x00000000, 0x0000000F, 0x00010018, 0x00560000, 0x00000000,
    0x000C0001, 0x00180056, 0x00000000, 0x0000000A, 0x00010018, 0x00560000, 0x00000000, 0x000A0001,
    0x00180056, 0x00000000, 0x00000006, 0x0000007A, 0x073C0149, 0x0000FB93, 0x00010004, 0x003307A7,
    0x01490000, 0xFB93000C, 0x00080040, 0x08520180, 0xFAADF4CB, 0x000E0008, 0x000108D6, 0x0180FAAD,
    0xF4CB000F, 0x00080018, 0x09030180, 0xFCB9F7B5, 0x000C0007, 0xFFF60941, 0x018BFCB9, 0xF70D000A,
    0x00070003, 0x0958018B, 0xFCB9F70D, 0x000A0007, 0xFFF6096E, 0x018BFCB9, 0xF70D0006, 0x00000000,
    0x00000000, 0x00000070, 0x00000007, 0x00070007, 0x000E0007, 0x00150007, 0x001C0007, 0x00230007,
    0x002A0007, 0x00310007, 0x00380007, 0x003F0007, 0x00460007, 0x004D0007, 0x00540007, 0x005B0007,
    0x00620007, 0x00690007, 0x00000000, 0x00000000, 0x00000000, 0x00000000, 0x00010000, 0x00000000,
    0x00000000, 0x00000009, 0x00000000, 0x00000000, 0x00000000, 0x000A0000, 0x00000000, 0x00000000,
    0x0000000A, 0x0000FFE1, 0xFFFD0000, 0x00000000, 0x000C0000, 0xFFE1FFFD, 0x00000000, 0x00000006,
    0xFFCD0010, 0x0002FFE1, 0x023D01B2, 0x000E0000, 0x00120004, 0x00000000, 0x00000001, 0x00000012,
    0x0004FFE7, 0x00CB000F, 0x00090000, 0x00120004, 0xFFE700CB, 0x000F000A, 0x00000012, 0x00040000,
    0x00000000, 0x000A0000, 0x00120004, 0x02E6FF31, 0x0006000C, 0x00000012, 0x00040360, 0xFE33FF9B,
    0x00060000, 0x00120004, 0xFFFEFFB5, 0xFF68000E, 0x00000021, 0x001A0000, 0x00000000, 0x00010000,
    0x0021001A, 0x00000000, 0x00000009, 0x00000021, 0x001A0000, 0x00000000, 0x000A0000, 0x0021001A,
    0x00000000, 0x0000000A, 0x00000021, 0x001A0000, 0x00000000, 0x000C0000, 0x0021001A, 0x00000000,
    0x00000006, 0x00000021, 0x001A0000, 0x00000000, 0x000E0000, 0x0021FFE8, 0x00000000, 0x00000001,
    0x00000021, 0xFFE80000, 0x00000000, 0x00090000, 0x0021FFE8, 0x00000000, 0x0000000A, 0x00000021,
    0xFFE80000, 0x00000000, 0x000A0000, 0x0021FFE8, 0x00000000, 0x0000000C, 0x00000021, 0xFFE80000,
    0x00000000, 0x00060000, 0x0021FFE8, 0x00000000, 0x0000000E, 0x0000000F, 0x00120000, 0x00000000,
    0x00010000, 0x000F0012, 0x00000000, 0x00000009, 0x0000000F, 0x00120000, 0x00000000, 0x000A0000,
    0x000F0012, 0x00000000, 0x0000000A, 0x0000000F, 0x00120000, 0x00000000, 0x000C0000, 0x000F0012,
    0x00000000, 0x00000006, 0x0000000F, 0x00120000, 0x00000000, 0x000E0000, 0x003EFFFE, 0x00000000,
    0x00000001, 0x0000003E, 0xFFFE0000, 0x00000000, 0x00090000, 0x003EFFFE, 0x00000000, 0x0000000A,
    0x0000003E, 0xFFFE0000, 0x00000000, 0x000A0000, 0x003EFFFE, 0x007EFFAC, 0x0005000C, 0x0000003E,
    0xFFFE007E, 0xFFAC0005, 0x00060000, 0x003EFFFE, 0x007EFFAC, 0x0005000E, 0x00000013, 0x0006FF22,
    0x05360131, 0x00010000, 0x00130006, 0xFEDBFAB6, 0xFF220009, 0x00000013, 0x0006FEDB, 0xFAB6FF22,
    0x000A0000, 0x00130006, 0xFF220536, 0x0131000A, 0x00000013, 0x0006FEBC, 0x03E500B8, 0x000C0000,
    0x00130006, 0xFEBC03E5, 0x00B80006, 0x00000013, 0x00060006, 0x04800082, 0x000E0000, 0x00050002,
    0x00000000, 0x00000001, 0x00000005, 0x00020000, 0x00000000, 0x00090000, 0x00050002, 0x00000000,
    0x0000000A, 0x00000005, 0x00020000, 0x00000000, 0x000A0000, 0x00050002, 0x00000000, 0x0000000C,
    0x00000005, 0x00020000, 0x00000000, 0x00060000, 0x00050002, 0x00000000, 0x0000000E, 0xFFDF002B,
    0xFFFCFECA, 0xFE8EFEDE, 0x0001FFDF, 0x002BFFFC, 0xFF10FEBA, 0xFF1B0009, 0xFFDF002B, 0xFFFCFF10,
    0xFEBAFF1B, 0x000AFFDF, 0x002BFFFC, 0xFECAFE8E, 0xFEDE000A, 0xFFDF002B, 0xFFFC009F, 0xFF95FFB0,
    0x000CFFDF, 0x002BFFFC, 0x009FFF95, 0xFFB00006, 0xFFDF002B, 0xFFFCFC41, 0xFF6CFF21, 0x000EFFF5,
    0xFFDD0001, 0xFD9A0039, 0x01880001, 0xFFF5FFDD, 0x0001FD55, 0x00C50188, 0x0009FFF5, 0xFFDD0001,
    0xFD5500C5, 0x0188000A, 0xFFF5FFDD, 0x0001FD9A, 0x00390188, 0x000AFFF5, 0xFFDD0001, 0xFDC70219,
    0x0149000C, 0xFFF5FFDD, 0x0001FDC7, 0x02190149, 0x0006FFF5, 0xFFDD0001, 0xFDB8FFFD, 0x017B000E,
    0x0001FFF0, 0x00210000, 0x00000000, 0x00010001, 0xFFF00021, 0x00000000, 0x00000009, 0x0001FFF0,
    0x00210000, 0x00000000, 0x000A0001, 0xFFF00021, 0x00000000, 0x0000000A, 0x0001FFF0, 0x00210000,
    0x00000000, 0x000C0001, 0xFFF00021, 0x00000000, 0x00000006, 0x0001FFF0, 0x00210000, 0x00000000,
    0x000E0003, 0xFFF90007, 0xFFFFFFE9, 0x00050001, 0x0003FFF9, 0x0007FFFF, 0xFFE90005, 0x00090003,
    0xFFF90007, 0xFFFFFFE9, 0x0005000A, 0x0003FFF9, 0x0007FFFF, 0xFFE90005, 0x000A0003, 0xFFF90007,
    0xFFFFFFE9, 0x0005000C, 0x0003FFF9, 0x0007FFFF, 0xFFE90005, 0x00060003, 0xFFF90007, 0xFFFFFFE9,
    0x0005000E, 0x000BFFFB, 0x00260000, 0x00000008, 0x0001000B, 0xFFFB0026, 0x00000000, 0x00080009,
    0x000BFFFB, 0x00260000, 0x00000008, 0x000A000B, 0xFFFB0026, 0x00000000, 0x0008000A, 0x000BFFFB,
    0x00260000, 0x00000008, 0x000C000B, 0xFFFB0026, 0x00000000, 0x00080006, 0x000BFFFB, 0x00260000,
    0x00000008, 0x000E0023, 0x002BFFFC, 0x00110196, 0x01490001, 0x0023002B, 0xFFFCFFFA, 0x01C20185,
    0x00090023, 0x002BFFFC, 0xFFFA01C2, 0x0185000A, 0x0023002B, 0xFFFC0011, 0x01960149, 0x000A0023,
    0x002BFFFC, 0x0232011B, 0x00B3000C, 0x0023002B, 0xFFFC0232, 0x011B00B3, 0x00060023, 0x002BFFFC,
    0xFC40018D, 0x02C4000E, 0x000BFFDD, 0x0003FE32, 0x0022FFE7, 0x0001000B, 0xFFDD0003, 0xFE2F0051,
    0xFFED0009, 0x000BFFDD, 0x0003FE2F, 0x0051FFED, 0x000A000B, 0xFFDD0003, 0xFE320022, 0xFFE7000A,
    0x000BFFDD, 0x0003FC12, 0xFE63FFB3, 0x000C000B, 0xFFDD0003, 0xFC12FE63, 0xFFB30006, 0x000BFFDD,
    0x0003FD9B, 0x00D2FF36, 0x000EFFFB, 0xFFEF001F, 0xFF7D0079, 0x00240001, 0xFFFBFFEF, 0x001FFF7D,
    0x00790024, 0x0009FFFB, 0xFFEF001F, 0xFF7D0079, 0x0024000A, 0xFFFBFFEF, 0x001FFF7D, 0x00790024,
    0x000AFFFB, 0xFFEF001F, 0xFF7D0079, 0x0024000C, 0xFFFBFFEF, 0x001FFF7D, 0x00790024, 0x0006FFFB,
    0xFFEF001F, 0xFF7D0079, 0x0024000E, 0x00000000, 0x00000000, 0x003CFFD3, 0x66ACFF00, 0x00000001,
    0x00000000, 0x66ACFF00, 0x0000001E, 0x800A7030, 0x00000002, 0x02000000, 0x003CFFD3, 0x66ACFF00,
    0x00000001, 0x003CFFD3, 0x66ACFF00, 0x00000001, 0x800A7054, 0x00000002, 0x02000000, 0x00000000,
    0x00000000, 0x00000030, 0x00000003, 0x00030003, 0x00060003, 0x00090003, 0x000C0003, 0x000F0003,
    0x00120003, 0x00150003, 0x00180003, 0x001B0003, 0x001E0003, 0x00210003, 0x00240003, 0x00270003,
    0x002A0003, 0x002D0003, 0x00000000, 0x00000091, 0x00000000, 0x00000000, 0x00010000, 0x00910000,
    0x00000000, 0x0000000D, 0x00000091, 0x00000000, 0x00000000, 0x000DFFF2, 0xFFF80000, 0x00000000,
    0x00000001, 0xFFF2FFF8, 0x00000000, 0x00000000, 0x000DFFF2, 0xFFF80000, 0x00000000, 0x0000000D,
    0xFFF8FFC0, 0x00080000, 0x00000000, 0x0001FFF8, 0xFFC00008, 0x00000000, 0x0000000D, 0xFFF8FFC0,
    0x00080000, 0x00000000, 0x000DFFFB, 0xFFBFFFF8, 0x00000000, 0x00000001, 0xFFFBFFBF, 0xFFF80000,
    0x00000000, 0x000DFFFB, 0xFFBFFFF8, 0x00000000, 0x0000000D, 0x0012FFF8, 0x00010000, 0x00000000,
    0x00010012, 0xFFF80001, 0x00000000, 0x0000000D, 0x0012FFF8, 0x00010000, 0x00000000, 0x000D0005,
    0xFFC10006, 0x00000000, 0x00000001, 0x0005FFC1, 0x00060000, 0x00000000, 0x000D0005, 0xFFC10006,
    0x00000000, 0x0000000D, 0x0003FFBE, 0xFFFA0000, 0x00000000, 0x00010003, 0xFFBEFFFA, 0x00000000,
    0x0000000D, 0x0003FFBE, 0xFFFA0000, 0x00000000, 0x000D0000, 0x000C0000, 0x004DFFFF, 0x00000001,
    0x0000000C, 0x0000004D, 0xFFFF0000, 0x000D0000, 0x000C0000, 0x00A7FFFE, 0x0000000D, 0x00000032,
    0x00040000, 0x00000000, 0x00010000, 0x00320004, 0x00000000, 0x0000000D, 0x00000032, 0x0004002F,
    0x01E6FFFF, 0x000D0000, 0x000F0002, 0x00000000, 0x00000001, 0x0000000F, 0x00020000, 0x00000000,
    0x000D0000, 0x000F0002, 0x012001CC, 0x002A000D, 0xFFE6002C, 0xFFFEF921, 0x026EFFB7, 0x0001FFE6,
    0x002CFFFE, 0xF921026E, 0xFFB7000D, 0xFFE6002C, 0xFFFEF921, 0x026EFFB7, 0x000DFFF1, 0xFFD8FFF9,
    0x03DE0497, 0x05A20001, 0xFFF1FFD8, 0xFFF903DE, 0x049705A2, 0x000DFFF1, 0xFFD8FFF9, 0x03DE0497,
    0x05A2000D, 0xFFFAFFDA, 0x0015FE8E, 0xFD650438, 0x0001FFFA, 0xFFDA0015, 0xFE8EFD65, 0x0438000D,
    0xFFFAFFDA, 0x0015FE8E, 0xFD650438, 0x000D001A, 0x002BFFFD, 0xFE0CFD51, 0x01000001, 0x001A002B,
    0xFFFDFE0C, 0xFD510100, 0x000D001A, 0x002BFFFD, 0xFE0CFD51, 0x0100000D, 0x000CFFD9, 0xFFFB0262,
    0x00000000, 0x0001000C, 0xFFD9FFFB, 0x02620000, 0x0000000D, 0x000CFFD9, 0xFFFB0262, 0x00000000,
    0x000D0007, 0xFFDB0015, 0x00CFFD13, 0xFE2E0001, 0x0007FFDB, 0x001500CF, 0xFD13FE2E, 0x000D0007,
    0xFFDB0015, 0x00CFFD13, 0xFE2E000D, 0x00000000, 0x00000000, 0x00000006, 0x00000002, 0x00020002,
    0x00040002, 0x00000000, 0x00000000, 0x00000000, 0x00000000, 0x00000000, 0x00000000, 0x00000000,
    0x00000000, 0x00000000, 0x00000000, 0x00000000, 0x00000000, 0x00000000, 0x00000000, 0x00000000,
    0x00000000, 0x00000000, 0x00010000, 0x00000000, 0x00000000, 0x0000001D, 0x00000078, 0x00000000,
    0x00000000, 0x00010000, 0x00000000, 0x00000000, 0x0000001D, 0x00000078, 0x00000000, 0x00000000,
    0x00010000, 0x00000000, 0x00000000, 0x0000001D, 0x00000000, 0x00000019, 0x00000005, 0x00050005,
    0x000A0005, 0x000F0005, 0x00140005, 0x00000000, 0x00000000, 0x00000000, 0x00000000, 0x00000000,
    0x00000000, 0x00000000, 0x00000000, 0x00000000, 0x00000000, 0x00000000, 0x00000000, 0x00000000,
    0x00000000, 0x00000000, 0x0001FFD6, 0xFF9100A8, 0x00000000, 0x00000005, 0xFFA7FFFF, 0x017F0001,
    0x00000000, 0x0006FF4A, 0xFF7802BB, 0x00020000, 0x0000000C, 0xFF4AFF78, 0x02BB0002, 0x00000000,
    0x00060000, 0x008EFFE5, 0x00000000, 0x00000001, 0x00260091, 0xFFF50762, 0x00000000, 0x00050051,
    0x0095FFDB, 0x0F960000, 0x00000006, 0x00A8009C, 0xFFA72000, 0x00000000, 0x000C00A8, 0x009CFFA7,
    0x20000000, 0x00000006, 0x00830072, 0x007B0000, 0x00000000, 0x000100B8, 0x007A0039, 0x03B10000,
    0x00000005, 0x00FC0083, 0x011707CB, 0x00000000, 0x00060168, 0x00950164, 0x10000000, 0x0000000C,
    0x01630096, 0x01DE1000, 0x00000000, 0x00060082, 0x007C002B, 0x00000000, 0x00000001, 0x00C20078,
    0xFFFF03B1, 0x00000000, 0x00050145, 0x00830043, 0x07CB0000, 0x00000006, 0x01960097, 0x005C1000,
    0x00000000, 0x000C0196, 0x009800E8, 0x10000000, 0x00000006, 0xFFE40078, 0x00740000, 0x00000000,
    0x0001FFCE, 0x007C007E, 0x03B10000, 0x00000005, 0xFFAB0086, 0x010907CB, 0x00000000, 0x0006FF82,
    0x00990159, 0x10000000, 0x0000000C, 0xFF820099, 0x01C11000, 0x00000000, 0x00060000, 0x00000000,
    0x00000000, 0x3FAAAAAB, 0x000E0008, 0x00220000, 0x00000000, 0x00C80000, 0x00000001, 0x3FAAAAAB,
    0x000E0008, 0x00220000, 0x00000000, 0x00A00000, 0x0000001E, 0x800A75C0, 0x00000002, 0x00000000,
    0x00000000, 0x00000002, 0x00000002, 0x00000000, 0x00000000, 0x00000000, 0x00000000, 0x00000000,
    0x00000000, 0x00000000, 0x00000000, 0x00000000, 0x00000000, 0x00000000, 0x00000000, 0x00000000,
    0x00000000, 0x00000000, 0x00000000, 0x00000000, 0x00000000, 0x00000000, 0x00010F4E, 0x00000000,
    0x00000000, 0x000004AF, 0x00000000, 0x00000000, 0x00000000, 0x00000014, 0x00000014, 0x00000000,
    0x00000000, 0x00000000, 0x00000000, 0x00000000, 0x00000000, 0x00000000, 0x00000000, 0x00000000,
    0x00000000, 0x00000000, 0x00000000, 0x00000000, 0x00000000, 0x00000000, 0x00000000, 0x00000000,
    0x00000000, 0x00000000, 0x0001FF1B, 0x0000FFFE, 0x00000022, 0xFFFC000A, 0xFE270000, 0x0002FF37,
    0x007DFFDA, 0x000AFD38, 0x00070020, 0xFDA0019F, 0xFFA2000B, 0xFC4B0018, 0x0084FD51, 0x0374FF3A,
    0x000AFB95, 0x00430135, 0xFCE40576, 0xFED1000B, 0xFB2E007F, 0x022FFD57, 0x0737FEC2, 0x000AFB1E,
    0x00B70329, 0xFDD008B1, 0xFEE4000B, 0xFB5700E9, 0x0425FE1E, 0x0A03FEFD, 0x000AFBD5, 0x011D051F,
    0xFEA10B02, 0xFF0C000B, 0xFC640145, 0x05D9FEB5, 0x0BF7FF09, 0x000AFD28, 0x01750690, 0x003A0C79,
    0xFF2E000B, 0xFDD20195, 0x0726005F, 0x0C80FF31, 0x000AFE8D, 0x01C207CD, 0x01B00C09, 0xFEF2000B,
    0xFF2D01F9, 0x088E01B6, 0x0B21FEFA, 0x000AFF9E, 0x0225094C, 0x01BE0A6A, 0xFEFB000B, 0xFFFD0257,
    0x0A230255, 0x0952FED8, 0x000A002E, 0x02990B37, 0x005508C8, 0xFEE7000B, 0x005702D1, 0x0C480033,
    0x0900FEFE, 0x000A0086, 0x03080D55, 0x00340902, 0xFEF2000B, 0x00000002, 0x00000002, 0x00000000,
    0x00000000, 0x00000000, 0x00000000, 0x00000000, 0x00000000, 0x00000000, 0x00000000, 0x00000000,
    0x00000000, 0x00000000, 0x00000000, 0x00000000, 0x00000000, 0x00000000, 0x00000000, 0x00000000,
    0x00000000, 0x00000000, 0x0001F922, 0x00000000, 0x00000000, 0x000000C7, 0x00000000, 0x00000000,
    0x00000000, 0x00000002, 0x00000002, 0x00000000, 0x00000000, 0x00000000, 0x00000000, 0x00000000,
    0x00000000, 0x00000000, 0x00000000, 0x00000000, 0x00000000, 0x00000000, 0x00000000, 0x00000000,
    0x00000000, 0x00000000, 0x00000000, 0x00000000, 0x00000000, 0x00000000, 0x0001FECF, 0x00000000,
    0x00000000, 0x000000C7, 0x00000000, 0x00000000, 0x00000000, 0x00000002, 0x00000002, 0x00000000,
    0x00000000, 0x00000000, 0x00000000, 0x00000000, 0x00000000, 0x00000000, 0x00000000, 0x00000000,
    0x00000000, 0x00000000, 0x00000000, 0x00000000, 0x00000000, 0x00000000, 0x00000000, 0x00000000,
    0x00000000, 0x00000000, 0x00010000, 0x00000000, 0x00002000, 0x00000410, 0x00000000, 0x00000000,
    0x00000000, 0x0000000C, 0x00000002, 0x00020002, 0x00040002, 0x00060002, 0x00080002, 0x000A0002,
    0x00000000, 0x00000000, 0x00000000, 0x00000000, 0x00000000, 0x00000000, 0x00000000, 0x00000000,
    0x00000000, 0x00000000, 0x00000000, 0x00000000, 0x00000000, 0x00000000, 0x00010000, 0xFA200000,
    0x00002000, 0x000000C7, 0x00000000, 0x00000000, 0x00000000, 0x00010000, 0x00000000, 0x00000000,
    0x000000C7, 0x00000000, 0x00000000, 0x00000000, 0x00010000, 0x00000000, 0x00000000, 0x000000C7,
    0x00000000, 0x00000000, 0x00000000, 0x00010000, 0x00000000, 0x00000000, 0x000000C7, 0x00000000,
    0x00000000, 0x00000000, 0x00010000, 0x00000000, 0x00000000, 0x000000C7, 0x00000000, 0x00000000,
    0x00000000, 0x00010000, 0x00000000, 0x00000000, 0x000000C7, 0x3FAAAAAB, 0x0000FF5C, 0x00001C6E,
    0x69410260, 0x025F0000, 0x00000001, 0x3FAAAAAB, 0x0000FF5C, 0x00001C6E, 0x69410260, 0x025F0000,
    0x0000001E, 0x3FAAAAAB, 0x0000FC10, 0x00001C6E, 0x69410260, 0x025F0000, 0x00000064, 0x800A7A10,
    0x00000003, 0x00000009, 0x00000009, 0x00000000, 0x00000000, 0x00000000, 0x00000000, 0x00000000,
    0x00000000, 0x00000000, 0x00000000, 0x00000000, 0x00000000, 0x00000000, 0x00000000, 0x00000000,
    0x00000000, 0x00000000, 0x00000000, 0xFFFF0000, 0x00000000, 0x00000000, 0x00010000, 0x0000FF3C,
    0xFD12000A, 0xFFF80032, 0x0000FFF2, 0xFE7CFA7E, 0x00270007, 0x00350000, 0xFFD2FE00, 0xFA58001E,
    0x006B001C, 0x0000FF9F, 0xFD9BFA39, 0x001700BE, 0x00170000, 0xFF57FD4B, 0xFA39FFFA, 0x00DD0017,
    0x0000FF04, 0xFD08FA39, 0xFFDA00FE, 0x00180000, 0xFEB4FCD3, 0xFA39FFF4, 0x00B30013, 0x0000FE58,
    0xFCADFA39, 0x000D0067, 0x00130000, 0x00000000, 0x00000000, 0x00000013, 0x00000003, 0x00030003,
    0x00060003, 0x00090003, 0x000C0003, 0x000F0004, 0x00000000, 0x00000000, 0x00000000, 0x00000000,
    0x00000000, 0x00000000, 0x00000000, 0x00000000, 0x00000000, 0x00000000, 0x00000000, 0x00000000,
    0x00000000, 0x00000000, 0x00010000, 0x0000069A, 0x00000000, 0x000000C7, 0x00000000, 0x0E980000,
    0x00000000, 0x00C80000, 0x00000000, 0x00000000, 0x00000001, 0x00000000, 0x00000000, 0x00000000,
    0x00C70000, 0x00000000, 0x00000000, 0x000000C8, 0x00000000, 0x00000000, 0x00000000, 0x00010000,
    0x00000000, 0x00000000, 0x000000C7, 0x00000000, 0x00000000, 0x00000000, 0x00C80000, 0x00000000,
    0x00000000, 0x00000001, 0x00000000, 0x00000000, 0x00000000, 0x00C70000, 0x00000000, 0x00000000,
    0x000000C8, 0x00000000, 0x00000000, 0x00000000, 0x00010000, 0x00000000, 0x00000000, 0x000000C7,
    0x00000000, 0x00000000, 0x00000000, 0x00C80000, 0x00000000, 0x00000000, 0x00000001, 0x00000000,
    0x00000000, 0x00000000, 0x00010000, 0x00000000, 0x00000000, 0x000000C6, 0x00000000, 0x00000000,
    0x00000000, 0x00C80000, 0x00000000, 0x00000000, 0x00000000, 0x00000078, 0x00000014, 0x00140014,
    0x00280014, 0x003C0014, 0x00500014, 0x00640014, 0x00000000, 0x00000000, 0x00000000, 0x00000000,
    0x00000000, 0x00000000, 0x00000000, 0x00000000, 0x00000000, 0x00000000, 0x00000000, 0x00270000,
    0xFFFC0177, 0x00000000, 0x00010027, 0xFFBE0089, 0x024D0000, 0x00000009, 0x0027FF83, 0x01280238,
    0x00000000, 0x000A0027, 0xFF4701C6, 0x02380000, 0x0000000A, 0x0027FF00, 0x02640238, 0x00000000,
    0x000A0027, 0xFED00302, 0x02380000, 0x0000000A, 0x0027FEA9, 0x03A00238, 0x00000000, 0x000A0027,
    0xFE89043F, 0x01C70000, 0x0000000A, 0x0027FE74, 0x04DD0155, 0x00000000, 0x000A0027, 0xFE67058B,
    0x00000000, 0x0000000A, 0x0027FE60, 0x06190000, 0x00000000, 0x000A0027, 0xFE5B06F4, 0x00000000,
    0x0000000A, 0x0027FE60, 0x07CF0000, 0x00000000, 0x000A0027, 0xFE6408AA, 0xFF1D0000, 0x0000000A,
    0x0027FE74, 0x0985FEAB, 0x00000000, 0x000A0027, 0xFE8B0A60, 0xFE390000, 0x0000000A, 0x0027FEA7,
    0x0B3BFE39, 0x00000000, 0x000A0027, 0xFEC90C16, 0xFE390000, 0x0000000A, 0x0027FEE7, 0x0CF1FE39,
    0x00000000, 0x000A0027, 0xFF0E0DCC, 0xFE390000, 0x0000000A, 0x00000000, 0x00000000, 0x00000000,
    0x00010000, 0x00000000, 0x00000000, 0x00000009, 0x00000000, 0x00000000, 0x00000000, 0x000A0000,
    0x00000000, 0x00000000, 0x0000000A, 0x00000000, 0x00000000, 0x00000000, 0x000A0000, 0x00000000,
    0x00000000, 0x0000000A, 0x00000000, 0x00000000, 0x00000000, 0x000A0000, 0x00000000, 0x00000000,
    0x0000000A, 0x00000000, 0x00000000, 0x00000000, 0x000A0000, 0x00000000, 0x00000000, 0x0000000A,
    0x00000000, 0x00000000, 0x00000000, 0x000A0000, 0x00000000, 0x00000000, 0x0000000A, 0x00000000,
    0x00000000, 0x00000000, 0x000A0000, 0x00000000, 0x00000000, 0x0000000A, 0x00000000, 0x00000000,
    0x00000000, 0x000A0000, 0x00000000, 0x00000000, 0x0000000A, 0x00000000, 0x00000000, 0x00000000,
    0x000A0000, 0x00000000, 0x00000000, 0x0000000A, 0x00000000, 0x00000000, 0x00000000, 0x000A0000,
    0x00000000, 0x00000000, 0x0000000A, 0x00000000, 0x00000000, 0x00000000, 0x00010000, 0x00000000,
    0x00000000, 0x00000009, 0x00000000, 0x00000000, 0x00000000, 0x000A0000, 0x00000000, 0x00000000,
    0x0000000A, 0x00000000, 0x00000000, 0x00000000, 0x000A0000, 0x00000000, 0x00000000, 0x0000000A,
    0x00000000, 0x00000000, 0x00000000, 0x000A0000, 0x00000000, 0x00000000, 0x0000000A, 0x00000000,
    0x00000000, 0x00000000, 0x000A0000, 0x00000000, 0x00000000, 0x0000000A, 0x00000000, 0x00000000,
    0x00000000, 0x000A0000, 0x00000000, 0x00000000, 0x0000000A, 0x00000000, 0x00000000, 0x00000000,
    0x000A0000, 0x00000000, 0x00000000, 0x0000000A, 0x00000000, 0x00000000, 0x00000000, 0x000A0000,
    0x00000000, 0x00000000, 0x0000000A, 0x00000000, 0x00000000, 0x00000000, 0x000A0000, 0x00000000,
    0x00000000, 0x0000000A, 0x00000000, 0x00000000, 0x00000000, 0x000A0000, 0x00000000, 0x00000000,
    0x0000000A, 0x00000000, 0x00000000, 0x00000000, 0x00010000, 0x00000000, 0x00000000, 0x00000009,
    0x00000000, 0x00000000, 0x00000000, 0x000A0000, 0x00000000, 0x00000000, 0x0000000A, 0x00000000,
    0x00000000, 0x00000000, 0x000A0000, 0x00000000, 0x00000000, 0x0000000A, 0x00000000, 0x00000000,
    0x00000000, 0x000A0000, 0x00000000, 0x00000000, 0x0000000A, 0x00000000, 0x00000000, 0x00000000,
    0x000A0000, 0x00000000, 0x00000000, 0x0000000A, 0x00000000, 0x00000000, 0x00000000, 0x000A0000,
    0x00000000, 0x00000000, 0x0000000A, 0x00000000, 0x00000000, 0x00000000, 0x000A0000, 0x00000000,
    0x00000000, 0x0000000A, 0x00000000, 0x00000000, 0x00000000, 0x000A0000, 0x00000000, 0x00000000,
    0x0000000A, 0x00000000, 0x00000000, 0x00000000, 0x000A0000, 0x00000000, 0x00000000, 0x0000000A,
    0x00000000, 0x00000000, 0x00000000, 0x000A0000, 0x00000000, 0x00000000, 0x0000000A, 0x00000000,
    0x00000000, 0x00000000, 0x00010000, 0x00000000, 0x00000000, 0x00000009, 0x00000000, 0x00000000,
    0x00000000, 0x000A0000, 0x00000000, 0x00000000, 0x0000000A, 0x00000000, 0x00000000, 0x00000000,
    0x000A0000, 0x00000000, 0x00000000, 0x0000000A, 0x00000000, 0x00000000, 0x00000000, 0x000A0000,
    0x00000000, 0x00000000, 0x0000000A, 0x00000000, 0x00000000, 0x00000000, 0x000A0000, 0x00000000,
    0x00000000, 0x0000000A, 0x00000000, 0x00000000, 0x00000000, 0x000A0000, 0x00000000, 0x00000000,
    0x0000000A, 0x00000000, 0x00000000, 0x00000000, 0x000A0000, 0x00000000, 0x00000000, 0x0000000A,
    0x00000000, 0x00000000, 0x00000000, 0x000A0000, 0x00000000, 0x00000000, 0x0000000A, 0x00000000,
    0x00000000, 0x00000000, 0x000A0000, 0x00000000, 0x00000000, 0x0000000A, 0x00000000, 0x00000000,
    0x00000000, 0x000A0000, 0x00000000, 0x00000000, 0x0000000A, 0x00000000, 0x00000000, 0x00000000,
    0x00010000, 0x00000000, 0x00000000, 0x00000009, 0x00000000, 0x00000000, 0x00000000, 0x000A0000,
    0x00000000, 0x00000000, 0x0000000A, 0x00000000, 0x00000000, 0x00000000, 0x000A0000, 0x00000000,
    0x00000000, 0x0000000A, 0x00000000, 0x00000000, 0x00000000, 0x000A0000, 0x00000000, 0x00000000,
    0x0000000A, 0x00000000, 0x00000000, 0x00000000, 0x000A0000, 0x00000000, 0x00000000, 0x0000000A,
    0x00000000, 0x00000000, 0x00000000, 0x000A0000, 0x00000000, 0x00000000, 0x0000000A, 0x00000000,
    0x00000000, 0x00000000, 0x000A0000, 0x00000000, 0x00000000, 0x0000000A, 0x00000000, 0x00000000,
    0x00000000, 0x000A0000, 0x00000000, 0x00000000, 0x0000000A, 0x00000000, 0x00000000, 0x00000000,
    0x000A0000, 0x00000000, 0x00000000, 0x0000000A, 0x00000000, 0x00000000, 0x00000000, 0x000A0000,
    0x00000000, 0x00000000, 0x0000000A, 0x00000000, 0x00000000, 0x00000024, 0x00000024, 0x00000000,
    0x00000000, 0x00000000, 0x00000000, 0x00000000, 0x00000000, 0x00000000, 0x00000000, 0x00000000,
    0x00000000, 0x00000000, 0x00000000, 0x00000000, 0x00000000, 0x00000000, 0x00000000, 0x00000000,
    0x00000000, 0x00000000, 0x0001FF97, 0x00000000, 0x0000FFFE, 0x00030005, 0xFF300000, 0x00000015,
    0x000CFFF1, 0x0005FEC4, 0x00020001, 0xFFFC001C, 0xFFDC0005, 0xFE590004, 0x0003FFED, 0x0006FFF9,
    0x0005FDEF, 0x00040003, 0x0015000D, 0xFFEF0005, 0xFD850007, 0x0005FFF0, 0x0014FFE6, 0x0005FD1B,
    0x00080006, 0x0007000A, 0xFFF30005, 0xFCAE000A, 0x00070006, 0x0018FFE0, 0x0005FC47, 0x000C0009,
    0xFFF80019, 0xFFDF0006, 0xFBDD000F, 0x000BFFEA, 0x0009FFF5, 0x0005FB73, 0x0010000C, 0xFFFDFFF8,
    0x000B0005, 0xFB09000F, 0x000B0017, 0x000AFFF3, 0x0005FA9F, 0x0010000C, 0xFFF40013, 0xFFE70005,
    0xFA320012, 0x000EFFFC, 0x0003FFFD, 0x0005F9CB, 0x0012000E, 0x00110012, 0xFFE90005, 0xF9610014,
    0x000FFFF1, 0x0014FFE6, 0x0005F8F7, 0x00170011, 0x0006000B, 0xFFF20005, 0xF88D0017, 0x00120014,
    0x0018FFE1, 0x0006F823, 0x001A0014, 0x003F0044, 0xFFA80005, 0xF7B9001F, 0x0018003D, 0x0088FF51,
    0x0005F74C, 0x002C0022, 0x003F00C4, 0xFF060005, 0xF6E5003E, 0x00300057, 0x010AFEB1, 0x0005F678,
    0x00580044, 0x0071017D, 0xFE2F0005, 0xF6080080, 0x006300B6, 0x020BFD9F, 0x0005F5A4, 0x00B4008B,
    0x011102B0, 0xFD100005, 0xF54A00F6, 0x00BE0177, 0x03C3FC5B, 0x0005F50C, 0x013F00F7, 0x01D40511,
    0xFBC00006, 0xF4E50191, 0x01360238, 0x067CFB78, 0x0005F4D0, 0x01E9017B, 0x027507E9, 0xFB5C0005,
    0xF4CD0248, 0x01C3024F, 0x0949FB70, 0x0005F4E4, 0x02A6020C, 0x01F40A93, 0xFBA90005, 0xF50C02FF,
    0x02510185, 0x0BD2FC01, 0x0005F544, 0x034B028C, 0x00FA0CFA, 0xFCBE0005, 0xF597038A, 0x02BD00C8,
    0x0DF9FDA4, 0x0005F604, 0x03BE02E5, 0x00F70E62, 0xFE7E0006, 0x00000024, 0x00000024, 0x00000000,
    0x00000000, 0x00000000, 0x00000000, 0x00000000, 0x00000000, 0x00000000, 0x00000000, 0x00000000,
    0x00000000, 0x00000000, 0x00000000, 0x00000000, 0x00000000, 0x00000000, 0x00000000, 0x00000000,
    0x00000000, 0x00000000, 0x0001FF97, 0x00000000, 0x00000002, 0x00030005, 0xFF300000, 0x0000FFEB,
    0xFFF4FFF1, 0x0005FEC4, 0x0002FFFF, 0x0004FFE4, 0xFFDC0005, 0xFE590004, 0xFFFD0013, 0xFFFAFFF9,
    0x0005FDEF, 0x0004FFFD, 0xFFEBFFF3, 0xFFEF0005, 0xFD850007, 0xFFFB0010, 0xFFECFFE6, 0x0005FD1B,
    0x0008FFFA, 0xFFF9FFF6, 0xFFF30005, 0xFCAE000A, 0xFFF9FFFA, 0xFFE8FFE0, 0x0005FC47, 0x000CFFF7,
    0x0008FFE7, 0xFFDF0006, 0xFBDD000F, 0xFFF50016, 0xFFF7FFF5, 0x0005FB73, 0x0010FFF4, 0x00030008,
    0x000B0005, 0xFB09000F, 0xFFF5FFE9, 0xFFF6FFF3, 0x0005FA9F, 0x0010FFF4, 0x000CFFED, 0xFFE70005,
    0xFA320012, 0xFFF20004, 0xFFFDFFFD, 0x0005F9CB, 0x0012FFF2, 0xFFEFFFEE, 0xFFE90005, 0xF9610014,
    0xFFF1000F, 0xFFECFFE6, 0x0005F8F7, 0x0017FFEF, 0xFFFAFFF5, 0xFFF20005, 0xF88D0017, 0xFFEEFFEC,
    0xFFE8FFE1, 0x0006F823, 0x001AFFEC, 0xFFC10044, 0xFFA80005, 0xF7B9001F, 0xFFE8FFC3, 0xFF78FF51,
    0x0005F74C, 0x002CFFDE, 0xFFC1FF3C, 0xFF060005, 0xF6E5003E, 0xFFD0FFA9, 0xFEF6FEB1, 0x0005F678,
    0x0058FFBB, 0xFF76FE83, 0xFE2F0005, 0xF6080080, 0xFF9DFF6B, 0xFDF5FD9F, 0x0005F5A4, 0x00B4FF74,
    0xFF21FD50, 0xFD100005, 0xF54A00F5, 0xFF41FE89, 0xFC3DFC5B, 0x0005F50C, 0x013FFF08, 0xFE2CFAD9,
    0xFBC00006, 0xF4E50190, 0xFEC9FDB1, 0xF984FB78, 0x0005F4D0, 0x01E9FE84, 0xFD8BF82E, 0xFB5C0005,
    0xF4CD0246, 0xFE3BFDC5, 0xF6D9FB70, 0x0005F4E4, 0x02A4FDF2, 0xFDF5F589, 0xFBA90005, 0xF50C02FD,
    0xFDADFE7B, 0xF445FC01, 0x0005F544, 0x0349FD72, 0xFEEFF322, 0xFCBE0005, 0xF5970388, 0xFD41FF38,
    0xF207FDA4, 0x0005F604, 0x03BCFD18, 0xFF09F19E, 0xFE0D0006, 0x00000004, 0x00000004, 0x00000000,
    0x00000000, 0x00000000, 0x00000000, 0x00000000, 0x00000000, 0x00000000, 0x00000000, 0x00000000,
    0x00000000, 0x00000000, 0x00000000, 0x00000000, 0x00000000, 0x00000000, 0x00000000, 0x00000000,
    0x00000000, 0x00000000, 0x000114BF, 0x00000000, 0x00000000, 0x00000097, 0x1F2C0000, 0x00000000,
    0x00000000, 0x004A296D, 0x00000000, 0x00000000, 0x0000004A, 0x00000040, 0x00000004, 0x00040004,
    0x00080004, 0x000C0004, 0x00100004, 0x00140004, 0x00180004, 0x001C0004, 0x00200004, 0x00240004,
    0x00280004, 0x002C0004, 0x00300004, 0x00340004, 0x00380004, 0x003C0004, 0x00000000, 0xFFFF0085,
    0x004D0000, 0xF0000000, 0x0001FFFF, 0x0087003D, 0x0000F000, 0x00000013, 0xFFFF0087, 0x003D0000,
    0xF0000000, 0x000FFFFF, 0x0087003D, 0x0000F000, 0x0000000F, 0xFFF30082, 0x00000000, 0x00000000,
    0x0001FFF3, 0x00820000, 0x00000000, 0x00000013, 0xFFF30082, 0x00000000, 0x00000000, 0x000FFFF3,
    0x00820000, 0xFFA9FC7B, 0xFFF5000F, 0xFFFDFFCC, 0xFFFF0000, 0x00000000, 0x0001FFFD, 0xFFCCFFFF,
    0x0113FFCE, 0xFFFD0013, 0xFFFDFFCC, 0xFFFF0113, 0xFFCEFFFD, 0x000FFFFD, 0xFFCCFFFF, 0x077401F1,
    0x0017000F, 0xFFFBFFBE, 0xFFFE0000, 0x00000000, 0x0001FFFB, 0xFFBEFFFE, 0xFFEA0025, 0x00090013,
    0xFFFBFFBE, 0xFFFEFFEA, 0x00250009, 0x000FFFFB, 0xFFBEFFFE, 0x03240152, 0x0042000F, 0x000B0086,
    0x00000000, 0x00000000, 0x0001000B, 0x00860000, 0x007BFFDE, 0x00030013, 0x000B0086, 0x0000007B,
    0xFFDE0003, 0x000F000B, 0x00860000, 0x007BFFDE, 0x0003000F, 0x0005FFC9, 0x00000000, 0x00000000,
    0x00010005, 0xFFC90000, 0x00410027, 0xFFF20013, 0x0005FFC9, 0x00000041, 0x0027FFF2, 0x000F0005,
    0xFFC90000, 0x00410027, 0xFFF2000F, 0x0005FFBC, 0xFFFE0000, 0x00000000, 0x00010005, 0xFFBCFFFE,
    0x00D70014, 0xFFE80013, 0x0005FFBC, 0xFFFE00D7, 0x0014FFE8, 0x000F0005, 0xFFBCFFFE, 0x00D70014,
    0xFFE8000F, 0x00000096, 0x00040000, 0x00000000, 0x00010000, 0x00960004, 0xFFB8FF3C, 0xFF080013,
    0x00000096, 0x0004FFB8, 0xFF3CFF08, 0x000F0000, 0x00960004, 0xFFB8FF3C, 0xFF08000F, 0x0000002E,
    0xFFFC0000, 0x00000000, 0x00010000, 0x002EFFFC, 0x028FFFD4, 0x000B0013, 0x0000002E, 0xFFFC028F,
    0xFFD4000B, 0x000F0000, 0x002EFFFC, 0x028FFFD4, 0x000B000F, 0x00010017, 0x00010000, 0x00000000,
    0x00010001, 0x00170001, 0xFC23FDE4, 0xFCC20013, 0x00010017, 0x0001FC23, 0xFDE4FCC2, 0x000F0001,
    0x00170001, 0xFC23FDE4, 0xFCC2000F, 0x00000000, 0xFFF20000, 0x00000000, 0x00010000, 0x0000FFF2,
    0xFF9AFFE0, 0xFFDB0013, 0x00000000, 0xFFF2FF9A, 0xFFE0FFDB, 0x000F0000, 0x0000FFF2, 0xFF9AFFE0,
    0xFFDB000F, 0x00110027, 0xFFF90000, 0x00000000, 0x00010011, 0x0027FFF9, 0x002D01ED, 0x006E0013,
    0x00110027, 0xFFF9002D, 0x01ED006E, 0x000F0011, 0x0027FFF9, 0x002D01ED, 0x006E000F, 0x0006FFE4,
    0x00030000, 0x00000000, 0x00010006, 0xFFE40003, 0xF7DB0047, 0x015B0013, 0x0006FFE4, 0x0003F7DB,
    0x0047015B, 0x000F0006, 0xFFE40003, 0xF7DB0047, 0x015B000F, 0x0007FFE4, 0x00150000, 0x00000000,
    0x00010007, 0xFFE40015, 0x00000000, 0x00000013, 0x0007FFE4, 0x00150000, 0x00000000, 0x000F0007,
    0xFFE40015, 0x00000000, 0x0000000F, 0xFFEF0029, 0xFFFB0000, 0x00000000, 0x0001FFEF, 0x0029FFFB,
    0xFD1BFE24, 0xFFFE0013, 0xFFEF0029, 0xFFFBFD1B, 0xFE24FFFE, 0x000FFFEF, 0x0029FFFB, 0xFD1BFE24,
    0xFFFE000F, 0xFFFBFFE1, 0x00000000, 0x00000000, 0x0001FFFB, 0xFFE10000, 0xFC6B0034, 0xFF9B0013,
    0xFFFBFFE1, 0x0000FC6B, 0x0034FF9B, 0x000FFFFB, 0xFFE10000, 0xFC6B0034, 0xFF9B000F, 0x00000000,
    0x00000000, 0x00000040, 0x00000004, 0x00040004, 0x00080004, 0x000C0004, 0x00100004, 0x00140004,
    0x00180004, 0x001C0004, 0x00200004, 0x00240004, 0x00280004, 0x002C0004, 0x00300004, 0x00340004,
    0x00380004, 0x003C0004, 0x00000000, 0x00000092, 0x00040000, 0x00000000, 0x00010000, 0x00920004,
    0x00000000, 0x00000013, 0x00000092, 0x00040000, 0x00000000, 0x000F0000, 0x00920004, 0x00000000,
    0x0000000F, 0xFFF2FFF8, 0x00000000, 0x00000000, 0x0001FFF2, 0xFFF80000, 0x002DFFFA, 0x00050013,
    0xFFF2FFF8, 0x0000002D, 0xFFFA0005, 0x000FFFF2, 0xFFF80000, 0x002FFFFA, 0x0005000F, 0xFFF8FFC0,
    0x00080000, 0x00000000, 0x0001FFF8, 0xFFC00008, 0x00010000, 0x00000013, 0xFFF8FFC0, 0x00080001,
    0x00000000, 0x000FFFF8, 0xFFC00008, 0x00000000, 0x0000000F, 0xFFFBFFBF, 0xFFF80000, 0x00000000,
    0x0001FFFB, 0xFFBFFFF8, 0xFFB80006, 0xFFF10013, 0xFFFBFFBF, 0xFFF8FFB8, 0x0006FFF1, 0x000FFFFB,
    0xFFBFFFF8, 0xFFAD0008, 0xFFF1000F, 0x0012FFF8, 0x00010000, 0x00000000, 0x00010012, 0xFFF80001,
    0x002E0006, 0x00020013, 0x0012FFF8, 0x0001002E, 0x00060002, 0x000F0012, 0xFFF80001, 0x00300006,
    0x0003000F, 0x0005FFC1, 0x00060000, 0x00000000, 0x00010005, 0xFFC10006, 0x00010000, 0x00000013,
    0x0005FFC1, 0x00060001, 0x00000000, 0x000F0005, 0xFFC10006, 0x00000000, 0x0000000F, 0x0003FFBE,
    0xFFFA0000, 0x00000000, 0x00010003, 0xFFBEFFFA, 0xFFB3FFF9, 0x00060013, 0x0003FFBE, 0xFFFAFFB3,
    0xFFF90006, 0x000F0003, 0xFFBEFFFA, 0xFFA6FFF8, 0x0004000F, 0x0000000C, 0x00000000, 0x00000000,
    0x00010000, 0x000C0000, 0x0160FD74, 0xFF460013, 0x0000000C, 0x00000160, 0xFD74FF46, 0x000F0000,
    0x000C0000, 0x0160FD74, 0xFF46000F, 0x00000032, 0x00040000, 0x00000000, 0x00010000, 0x00320004,
    0xFDCAFF8E, 0xFDC90013, 0x00000032, 0x0004FDCA, 0xFF8EFDC9, 0x000F0000, 0x00320004, 0xFDCAFF8E,
    0xFDC9000F, 0x0000000F, 0x00020000, 0x00000000, 0x00010000, 0x000F0002, 0x017F018C, 0x00390013,
    0x0000000F, 0x0002017F, 0x018C0039, 0x000F0000, 0x000F0002, 0x017F018C, 0x0039000F, 0xFFE6002C,
    0xFFFE0000, 0x00000000, 0x0001FFE6, 0x002CFFFE, 0x0083FFE4, 0xFFC30013, 0xFFE6002C, 0xFFFE0083,
    0xFFE4FFC3, 0x000FFFE6, 0x002CFFFE, 0x0083FFE4, 0xFFC3000F, 0xFFF1FFD8, 0xFFF90000, 0x00000000,
    0x0001FFF1, 0xFFD8FFF9, 0xFF2F0059, 0x003B0013, 0xFFF1FFD8, 0xFFF9FF2F, 0x0059003B, 0x000FFFF1,
    0xFFD8FFF9, 0xFF2F0059, 0x003B000F, 0xFFFAFFDA, 0x00150000, 0x00000000, 0x0001FFFA, 0xFFDA0015,
    0x00000000, 0x00000013, 0xFFFAFFDA, 0x00150000, 0x00000000, 0x000FFFFA, 0xFFDA0015, 0x00000000,
    0x0000000F, 0x001A002B, 0xFFFD0000, 0x00000000, 0x0001001A, 0x002BFFFD, 0xFEBB000C, 0x009C0013,
    0x001A002B, 0xFFFDFEBB, 0x000C009C, 0x000F001A, 0x002BFFFD, 0xFEBB000C, 0x009C000F, 0x000CFFD9,
    0xFFFB0000, 0x00000000, 0x0001000C, 0xFFD9FFFB, 0xFBD10000, 0x00000013, 0x000CFFD9, 0xFFFBFBD1,
    0x00000000, 0x000F000C, 0xFFD9FFFB, 0xFBD10000, 0x0000000F, 0x0007FFDB, 0x00150000, 0x00000000,
    0x00010007, 0xFFDB0015, 0x00000000, 0x00000013, 0x0007FFDB, 0x00150000, 0x00000000, 0x000F0007,
    0xFFDB0015, 0x00000000, 0x0000000F, 0x00000000, 0x00000000, 0x00000002, 0x00000002, 0x00000000,
    0x00000000, 0x00000000, 0x00000000, 0x00000000, 0x00000000, 0x00000000, 0x00000000, 0x00000000,
    0x00000000, 0x00000000, 0x00000000, 0x00000000, 0x00000000, 0x00000000, 0x00000000, 0x00000000,
    0x00000000, 0x00000000, 0x0001080F, 0x00000000, 0x00000000, 0xC0000063, 0x00000000, 0x00000000,
    0x00000000, 0x00000002, 0x00000002, 0x00000000, 0x00000000, 0x00000000, 0x00000000, 0x00000000,
    0x00000000, 0x00000000, 0x00000000, 0x00000000, 0x00000000, 0x00000000, 0x00000000, 0x00000000,
    0x00000000, 0x00000000, 0x00000000, 0x00000000, 0x00000000, 0x00000000, 0x0001080F, 0x00000000,
    0x00000000, 0xC0000063, 0x00000000, 0x00000000, 0x00000000, 0x3FAAAAAB, 0x007EFE6F, 0xF635F356,
    0xFFA50000, 0x02A90000, 0x00000001, 0x3FAAAAAB, 0x006BFE56, 0xF41BF34D, 0xFF900000, 0x02A90000,
    0x00000258, 0x800A90F0, 0x00000002, 0x00000000, 0x00000000, 0x0000000E, 0x00000007, 0x00070007,
    0x00000000, 0x00000000, 0x00000000, 0x00000000, 0x00000000, 0x00000000, 0x00000000, 0x00000000,
    0x00000000, 0x00000000, 0x00000000, 0x00000000, 0x00000000, 0x00000000, 0x00000000, 0x00000000,
    0x00000000, 0x00000000, 0x00010000, 0x00000000, 0x00000000, 0x00000031, 0x00000000, 0x00000000,
    0x00000000, 0x00320000, 0x00000000, 0x00000000, 0x0000004B, 0x00000000, 0x00000000, 0x00000000,
    0x008C0000, 0x00000000, 0x00000000, 0x0000008C, 0x00000000, 0x00000000, 0x00000000, 0x00C30000,
    0x00000000, 0x00000000, 0x00000001, 0x00000000, 0x00000000, 0x0000053E, 0x00310000, 0x00000000,
    0x00000000, 0x0A980032, 0x00000000, 0x00000000, 0x00000FF2, 0x004B0000, 0x00000000, 0x00000000,
    0x154C008C, 0x00000000, 0x00000000, 0x00001AA6, 0x008C0000, 0x00000000, 0x00000000, 0x200000C3,
    0x00000000, 0x00000000, 0x00000000, 0x00000000, 0x00000000, 0x00000000, 0x00000000, 0x00000000,
    0x00000000, 0x00000000, 0x00000000, 0x00000000, 0x00000000, 0x00000000, 0x00000000, 0x00000000,
    0x00000000, 0x00000000, 0x00000000, 0x00000000, 0x00000000, 0x00000000, 0x00000000, 0x00020002,
    0x00020002, 0x00020002, 0x00020002, 0x00000000, 0x00000000, 0x00000000, 0x00000000, 0x00000000,
    0x00000000, 0x00000000, 0x00000000, 0x00000000, 0x00000000, 0x00000002, 0x00020002, 0x08020804,
    0x08040804, 0x08040804, 0x08040802, 0x00020002, 0x00020000, 0x00000000, 0x00000000, 0x00000000,
    0x00000000, 0x00000000, 0x00000000, 0x00000000, 0x00000002, 0x00020804, 0x08040804, 0x08060806,
    0x10061008, 0x10081008, 0x08060806, 0x08060804, 0x08040002, 0x00020002, 0x00000000, 0x00000000,
    0x00000000, 0x00000000, 0x00000000, 0x00000000, 0x00020802, 0x08040806, 0x10061008, 0x100A180A,
    0x180A184A, 0x184A184A, 0x180A100A, 0x10081008, 0x08060806, 0x08040002, 0x00020000, 0x00000000,
    0x00000000, 0x00000000, 0x00000000, 0x00000002, 0x08020804, 0x08061008, 0x184A184A, 0x200C200C,
    0x200C204E, 0x204E204E, 0x204E200C, 0x180C184A, 0x184A1048, 0x10060804, 0x00020002, 0x00000000,
    0x00000000, 0x00000000, 0x00000000, 0x00020802, 0x08041006, 0x1808184C, 0x204C284E, 0x284E304E,
    0x30503050, 0x30503050, 0x30502850, 0x284E204E, 0x184C184C, 0x104A1008, 0x08040002, 0x00020000,
    0x00000000, 0x00000000, 0x00000002, 0x00020804, 0x0806180A, 0x200C284E, 0x304E3050, 0x38503852,
    0x40924094, 0x40944094, 0x40923852, 0x38523050, 0x2850184E, 0x184C104A, 0x10080804, 0x00020002,
    0x00000000, 0x00000000, 0x00000002, 0x08040806, 0x1048200C, 0x284E304E, 0x38504092, 0x48D45116,
    0x5958615A, 0x619A5958, 0x511648D4, 0x40943892, 0x30522850, 0x204E184C, 0x100A0806, 0x08040002,
    0x00000000, 0x00000000, 0x00020802, 0x08041008, 0x184A284C, 0x304E3890, 0x48D45958, 0x721C8AE2,
    0x93659BE7, 0x9BA79365, 0x82E2721C, 0x595848D4, 0x40923852, 0x3050204E, 0x180A1008, 0x08060804,
    0x00020000, 0x00000000, 0x00020804, 0x1006180A, 0x200C284E, 0x38905116, 0x69DC9324, 0xB4ADCDB3,
    0xDE77E6B9, 0xE6B9DE37, 0xCDB3B4AD, 0x9364619A, 0x48D43892, 0x30503050, 0x284E180A, 0x10080804,
    0x00020000, 0x00000002, 0x08041006, 0x1808200C, 0x280E3050, 0x48D4721C, 0x9BA7CDB3, 0xEEFBFFBF,
    0xFFFFFFFF, 0xFFFFFFFF, 0xF77DE6F9, 0xCDB3A429, 0x69DC48D4, 0x3850304E, 0x284E204C, 0x10081006,
    0x08040002, 0x00000802, 0x08041808, 0x200A284C, 0x304E4092, 0x69DA9BA7, 0xD5F5F77D, 0xFFFFFFFF,
    0xFFFFFFFF, 0xFFFFFFFF, 0xFFFFFFBF, 0xF73BDE77, 0xB4AD7A5E, 0x51163890, 0x284C204A, 0x180A1008,
    0x08040802, 0x00020802, 0x10061808, 0x200A304E, 0x40905958, 0x9324CD73, 0xF77DFFFF, 0xFFFFFFFF,
    0xFFFFFFFF, 0xFFFFFFFF, 0xFFFFFFFF, 0xFFFFF77D, 0xE6B9BCED, 0x82E05156, 0x388E204C, 0x180A1008,
    0x10060804, 0x08020804, 0x1006280A, 0x304E4892, 0x61588AE2, 0xC4EFEEF9, 0xFFFFFFFF, 0xFFFFFFFF,
    0xFFFFFFFF, 0xFFFFFFFF, 0xFFFFFFFF, 0xFFFFFFBF, 0xF77BE677, 0xBD2F9365, 0x6A1A4112, 0x288C204A,
    0x10460804, 0x08021004, 0x284A4090, 0x511469DA, 0x9B67C531, 0xDE77F77D, 0xFFFFFFFF, 0xFFFFFFFF,
    0xFFFFFFFF, 0xFFFFFFFF, 0xFFFFFFFF, 0xFFFFFFFF, 0xFFBFF77D, 0xE6B9C5B1, 0xA4297AE0, 0x621A51D6,
    0x30CC0804, 0x08021848, 0x5112725C, 0x9365ACAB, 0xCDB3DE77, 0xEF3BFFBF, 0xFFFFFFFF, 0xFFFFFFFF,
    0xFFFFFFFF, 0xFFFFFFFF, 0xFFFFFFFF, 0xFFFFFFFF, 0xFFBFF77D, 0xEEFBD635, 0xACAB8B62, 0x6A5A4994,
    0x208A0804, 0x080230CC, 0x6A5C93A5, 0xA469B4ED, 0xC571D635, 0xEEFBFFBD, 0xFFFFFFFF, 0xFFFFFFFF,
    0xFFFFFFFF, 0xFFFFFFFF, 0xFFFFFFFF, 0xFFFFFFBF, 0xF77DEEFB, 0xDE77BD2F, 0x8B644954, 0x208A1006,
    0x08040804, 0x08021848, 0x38D04954, 0x59D86A5C, 0x8B62B4ED, 0xCDF5E6FB, 0xFFBFFFFF, 0xFFFFFFFF,
    0xFFFFFFFF, 0xFFFFFFFF, 0xFFFFFFFF, 0xFFFFF7BD, 0xEF3BDE37, 0xB4AD9322, 0x6198284C, 0x10061006,
    0x08040802, 0x00020804, 0x1006200A, 0x284C308E, 0x51967AE0, 0xA46BD5F5, 0xEF3BFFBF, 0xFFFFFFFF,
    0xFFFFFFFF, 0xFFFFFFFF, 0xFFFFFFFF, 0xF7BDEF3B, 0xDE37AC29, 0x721C5114, 0x304E180A, 0x10081006,
    0x08040002, 0x00020802, 0x08041008, 0x180A204C, 0x288E4112, 0x6A1CA42B, 0xD635EF3B, 0xFFBFFFFF,
    0xFFFFFFFF, 0xFFFFFFFF, 0xFFFFF77D, 0xEF3BDE35, 0xABE971DC, 0x5094280C, 0x200A1808, 0x10060804,
    0x08020002, 0x00000002, 0x08040806, 0x1008180A, 0x204C204C, 0x38D26A1C, 0xA42BD635, 0xEF3BF77D,
    0xFFBFFFBF, 0xFFBFFFBD, 0xF77DE6B9, 0xCDB3ABE9, 0x79DC58D6, 0x384E280A, 0x200A1808, 0x10060804,
    0x00020000, 0x00000002, 0x08020804, 0x1008180A, 0x180C204C, 0x284E40D2, 0x69DA9367, 0xBCEFD5F5,
    0xE6B9E6B9, 0xE6B9DE77, 0xD5F5BCEF, 0x932571DC, 0x58D64050, 0x280C200A, 0x18081006, 0x08040002,
    0x00000000, 0x00000002, 0x00020804, 0x08061008, 0x180A204C, 0x204C284E, 0x40925958, 0x721C8AE2,
    0xA3E9AC6B, 0xB46DA429, 0x93677A60, 0x615A50D6, 0x4090284C, 0x200A1808, 0x10060804, 0x08020002,
    0x00000000, 0x00000000, 0x00020002, 0x08040806, 0x1008180A, 0x200C284C, 0x304E3890, 0x40D25116,
    0x619A69DC, 0x721C69DC, 0x615A5116, 0x4092304E, 0x284C200A, 0x18081806, 0x10040804, 0x00020000,
    0x00000000, 0x00000000, 0x00000002, 0x00020804, 0x10061008, 0x180A200C, 0x284C284E, 0x304E3890,
    0x40924092, 0x40D24092, 0x38923850, 0x304E280C, 0x200A180A, 0x10081006, 0x08040002, 0x00020000,
    0x00000000, 0x00000000, 0x00000002, 0x00020004, 0x08041006, 0x1008180A, 0x200A204C, 0x284C284E,
    0x304E304E, 0x304E304E, 0x284E284C, 0x204C200A, 0x18081008, 0x10060804, 0x00020002, 0x00000000,
    0x00000000, 0x00000000, 0x00000000, 0x00020002, 0x00040804, 0x08061008, 0x1808180A, 0x200A200A,
    0x200A200A, 0x200A200C, 0x200A200A, 0x180A1808, 0x10060804, 0x08040002, 0x00020000, 0x00000000,
    0x00000000, 0x00000000, 0x00000000, 0x00000002, 0x00020002, 0x08040804, 0x10061006, 0x10081008,
    0x18081808, 0x18081808, 0x18081008, 0x10061006, 0x08040802, 0x00020002, 0x00000000, 0x00000000,
    0x00000000, 0x00000000, 0x00000000, 0x00000000, 0x00020002, 0x00020002, 0x08040804, 0x08040806,
    0x10061006, 0x10061006, 0x08060804, 0x08040804, 0x08020002, 0x00000000, 0x00000000, 0x00000000,
    0x00000000, 0x00000000, 0x00000000, 0x00000000, 0x00000000, 0x00020002, 0x00020002, 0x08020804,
    0x08040804, 0x08040804, 0x08020802, 0x00020002, 0x00020000, 0x00000000, 0x00000000, 0x00000000,
    0x00000000, 0x00000000, 0x00000000, 0x00000000, 0x00000000, 0x00000000, 0x00000002, 0x00020002,
    0x00020002, 0x00020002, 0x00020002, 0x00000000, 0x00000000, 0x00000000, 0x00000000, 0x00000000,
    0x00000000, 0x00010001, 0x00010001, 0x00010001, 0x00010001, 0x00010001, 0x00010001, 0x00010001,
    0x00010001, 0x00010001, 0x00010001, 0x00010001, 0x00010001, 0x00010001, 0x00010001, 0x00010001,
    0x00010001, 0x00010001, 0x00010001, 0x00010001, 0x00010001, 0x00010001, 0x00030009, 0x104F2095,
    0x315B49E1, 0x49E12955, 0x08470001, 0x00010001, 0x00010001, 0x00010001, 0x00010001, 0x00010001,
    0x00010001, 0x00010001, 0x00010001, 0x00010001, 0x00010001, 0x00032917, 0x52676AEF, 0x6AF16AF1,
    0x72F37B35, 0x93BBA47F, 0x8BF75265, 0x18CF0805, 0x10450003, 0x00010001, 0x00010001, 0x00010001,
    0x00010001, 0x00010001, 0x00010001, 0x00070849, 0x188B2911, 0x52218BF3, 0xA43BA437, 0xA3F5A3B1,
    0x9B2F9B2F, 0x9B73AC3B, 0xBCFFBCFF, 0xA47F7B6D, 0x625F4995, 0x10470003, 0x00010001, 0x00010001,
    0x00010001, 0x00010001, 0x00010001, 0x000318CF, 0x62A5ACBB, 0xBCBFB439, 0xAB6FAB25, 0xB2DFB29F,
    0xAAA1AAE5, 0xAB2BB3AF, 0xBBF3BC35, 0xBC79BCB9, 0xAC7393A9, 0x5219188B, 0x00010001, 0x00010001,
    0x00010001, 0x00010001, 0x00010001, 0x08473157, 0x9433C57F, 0xBCBFABB5, 0xAAE7B29B, 0xB213AA17,
    0xA21BA2A1, 0xAAE5B2E7, 0xB32BB32D, 0xB36FB3F1, 0xBC73AC2F, 0x8B2751DB, 0x00010001, 0x00010001,
    0x00010001, 0x00010001, 0x000120CF, 0x732FACBF, 0xC53FBC7F, 0xB3B5AAE7, 0xB259BA0F, 0x99919A59,
    0xB321C3A5, 0xC3A5C365, 0xBB25B2E5, 0xB2E7AAEB, 0xA32D9B2D, 0x932B7AA5, 0x31110001, 0x00010001,
    0x00010001, 0x00010001, 0x084B49E5, 0x9C7FBCBF, 0xB3FFAB31, 0xAAA5B257, 0xB1CB91CF, 0xAB1BD423,
    0xC39DA295, 0x81CF710F, 0x69117953, 0x89979A1B, 0xA2619AA7, 0x92A982E9, 0x6A631889, 0x00010005,
    0x00010001, 0x00010003, 0x080B31A3, 0x9C7FAC7F, 0xA337AA63, 0xB259B20D, 0x91CDBB9D, 0xD45D8A4F,
    0x6147718D, 0x8A93A319, 0x9B1B8A9B, 0x79DB691B, 0x795D99DF, 0xAAA59AEB, 0x8AEB499B, 0x0005104F,
    0x00030001, 0x00010001, 0x00056337, 0xA4BFA3FF, 0x9A2BAA19, 0xB25199CB, 0xC3DBCC19, 0x71C7820B,
    0xC45BDD61, 0xD51FD51F, 0xD521DD67, 0xDD69C465, 0x92E371A5, 0x81A5A267, 0x9AEB7AA9, 0x3117291B,
    0x108F0001, 0x00010001, 0x21198C3F, 0xA47F92FB, 0x999FB255, 0xAA4DAB55, 0xD45B7185, 0x9ACDD51F,
    0xBC159B4F, 0xA393ABD5, 0xB3D7B3D5, 0xB419C4E5, 0xD52BB3E7, 0x7A2979EB, 0x926B82AD, 0x62695269,
    0x29570001, 0x00010001, 0x5A6FA43F, 0xA43F8A73, 0x9155BA91, 0xA28FCC9D, 0x928B8249, 0xCC9B92CB,
    0x7A8B8B99, 0x941D9C5D, 0xB4A1CD21, 0xCCDDB395, 0xABDFC4ED, 0xBBE982AD, 0x7A718271, 0x72B37B33,
    0x399D0001, 0x0001188F, 0x937BABFF, 0x9BFF79ED, 0x9153BAD1, 0xAB95C459, 0x79C5BBD3, 0x92CB6A0B,
    0x73594A11, 0x18C718C7, 0x314B6B15, 0xBCE1E5A3, 0xBC179B5D, 0xB471AB69, 0x82B182F7, 0x833783F7,
    0x399B0001, 0x0001415B, 0xB3FBBBFF, 0x9BBF71A9, 0x914FBB11, 0xBC19AB93, 0x8A47AB91, 0x71C562D5,
    0x294B0801, 0x20012001, 0x00010043, 0x41CFB49D, 0xE5A3BC17, 0x9365ABF1, 0x92E98335, 0x8BB98BF5,
    0x29510001, 0x00014999, 0xCC33D3B9, 0xA37F71A9, 0x890DBB51, 0xBC199B0F, 0x92899ACB, 0x61C74A11,
    0x10412801, 0x404168C1, 0x71011801, 0x00015251, 0xD51FE563, 0xA3598B71, 0xAB6F82EB, 0x83B583F1,
    0x10870001, 0x00015197, 0xE471E3EF, 0xB37B7A2D, 0x70CDB30F, 0xB4199B11, 0x92879289, 0x598741CF,
    0x10010801, 0x00011001, 0x71417901, 0x08011087, 0x9BD9EDA3, 0xCC9F8B29, 0xA3B592E9, 0x72ED7369,
    0x08430001, 0x000151D5, 0xF531F425, 0xCB7392F3, 0x6091AA8D, 0xABD59B95, 0x8A479289, 0x5943418B,
    0x10850001, 0x00010001, 0x2841A1C1, 0x30410001, 0x6AD5DD21, 0xE5659B63, 0x8B75A36D, 0x72E962E3,
    0x08450001, 0x00016217, 0xFDF7FCE5, 0xE365AB75, 0x591991C9, 0xB3919B97, 0x82899289, 0x71C54103,
    0x20C30801, 0x08010001, 0x10019A01, 0x58C10001, 0x5A93D4DD, 0xEDA7B3E5, 0x7B35A373, 0x8B2D62E3,
    0x08450001, 0x00018ADF, 0xFE7FFDAF, 0xF3DDD369, 0x826760C9, 0xB2CB9B51, 0x7B137A49, 0x8A8969C5,
    0x490338C3, 0x28810001, 0x2041A201, 0x60C10001, 0x6293D49D, 0xEDA7BC69, 0x7B77A3B7, 0xA3B16AE3,
    0x00030001, 0x080182DF, 0xF5BBFDF7, 0xF4A5EB59, 0xCB696999, 0x7945AACB, 0x8ACF620D, 0x59C769C7,
    0x61C73903, 0x08410001, 0x5901AA83, 0x50810001, 0x8359DCDD, 0xEDA9BC6D, 0x8BB99BFB, 0xAC3562A1,
    0x00070001, 0x100359D5, 0xB3EDFD75, 0xF52FEC1D, 0xEB59BB23, 0x69937945, 0x9A457A47, 0x514530C1,
    0x20411001, 0x10014081, 0x9A45A203, 0x30012909, 0xB4A1ECDD, 0xE5AFBC71, 0x8BFDA47F, 0xAC39521F,
    0x08490001, 0x08032089, 0x6A1BE4B3, 0xECAFE4A7, 0xE3D9EB55, 0xD35D8217, 0x69497983, 0x79816101,
    0x50815081, 0x61039207, 0xB2857101, 0x28018359, 0xE521F521, 0xE573B435, 0x943FACFF, 0xA47D4A63,
    0x08450001, 0x00010003, 0x208BBBED, 0xD42FD3A7, 0xD3E3DB99, 0xEB91EB95, 0xBB179293, 0x79CB79C9,
    0x81C79A49, 0xB2C9C2C7, 0x91834041, 0x6211DD25, 0xF51FF527, 0xD4F5A3F9, 0x9CBFAD3F, 0x8C7B2955,
    0x00010001, 0x00010001, 0x00017AA1, 0xC3EFC36B, 0xB2E3BB1B, 0xCB59DB95, 0xEB91EB91, 0xDB91D34F,
    0xD34DCB0B, 0xC2899185, 0x59057253, 0xD4E5FD21, 0xFD21E531, 0xBC3793FD, 0x9CBF8C39, 0x399B0001,
    0x00010001, 0x00010001, 0x00014153, 0x9AE7C3F1, 0xC42FB365, 0xA299AA93, 0xB293C2D1, 0xC30FC2CF,
    0xB28D9A09, 0x798771CB, 0x9B9DED27, 0xFD23FD1F, 0xF52BC4B9, 0xA3B983BB, 0x6B332113, 0x00010001,
    0x00010001, 0x00010001, 0x00011007, 0x4113AB6D, 0xE473ECB1, 0xD42DC3A3, 0xAB1BA295, 0xA2939A51,
    0x9A51A319, 0xB3E1DCA7, 0xFD27FD21, 0xFCE1F4E9, 0xCCB7ABB7, 0x8B396AB5, 0x28DB0001, 0x00010001,
    0x00010001, 0x00010001, 0x00010001, 0x00014953, 0xC3ADECB1, 0xF4B3F4F3, 0xF4F1F4AF, 0xECADE4AD,
    0xECEDF4ED, 0xFCEBFCE5, 0xFCE1FCE1, 0xEC69C433, 0xA3B98AF7, 0x62313921, 0x10510003, 0x00010001,
    0x00010001, 0x00010001, 0x00010001, 0x00010001, 0x4953AB67, 0xD431CC37, 0xD437DC35, 0xDC35E473,
    0xE42DEC27, 0xF463F461, 0xF465D42B, 0xB3B39337, 0x7AF749A3, 0x104B0001, 0x00030001, 0x00010001,
    0x00010001, 0x00010001, 0x00010001, 0x00010001, 0x00012087, 0x61D982AB, 0x7AF58AF7, 0x93359B33,
    0xB36FC369, 0xCBA5CBA7, 0xC3ABAB6F, 0x9AF382B1, 0x51A5100D, 0x00030001, 0x00010001, 0x00010001,
    0x00010001, 0x00010001, 0x00010001, 0x00010001, 0x00010001, 0x0001208B, 0x289528DB, 0x30DB411D,
    0x595F71A1, 0x82238223, 0x7A237A23, 0x7A2569E3, 0x515D3093, 0x08070001, 0x00010001, 0x00010001,
    0x00010001, 0x00010001, 0x00010001, 0x00010001, 0x00010001, 0x00010001, 0x00010003, 0x00010001,
    0x00010003, 0x08070805, 0x00030003, 0x00030005, 0x08030001, 0x00010001, 0x00010001, 0x00010001,
    0x00010001, 0x00010001, 0x00010001, 0x00010001, 0x00010001, 0x00010001, 0x00010001, 0x00010001,
    0x00010001, 0x00010001, 0x00010001, 0x00010001, 0x00010001, 0x00010001, 0x00010001, 0x00010001,
    0x00010001, 0x00000000, 0x00000000, 0x00000000, 0x00000000, 0x00000000, 0x00000000, 0x00000000,
    0x00000000, 0x00010000, 0x00000000, 0x00000000, 0x00000100, 0x00012100, 0x00000000, 0x00000000,
    0x00013210, 0x00001210, 0x00000000, 0x00000000, 0x01244200, 0x00001221, 0x00001111, 0x11100000,
    0x14664100, 0x00000233, 0x21111122, 0x11111012, 0x57741000, 0x00000124, 0x43222233, 0x32221247,
    0x98510000, 0x00000014, 0x66543444, 0x4433479A, 0xA7200000, 0x00000013, 0x68987666, 0x6668ABCB,
    0x84100000, 0x00000012, 0x48BBBAAA, 0xAABCDDC9, 0x51000000, 0x00000012, 0x37BDEEEF, 0xFEEEEDA6,
    0x21000000, 0x00000112, 0x36ADFFFF, 0xFFFFEC73, 0x11000000, 0x00000112, 0x359DFFFF, 0xFFFFD952,
    0x11000000, 0x00000112, 0x359DFFFF, 0xFFFFD842, 0x11000000, 0x00000112, 0x469DFFFF, 0xFFFFC842,
    0x11000000, 0x00000112, 0x459DFFFF, 0xFFFFC742, 0x11000000, 0x00000112, 0x359DFFFF, 0xFFFEA642,
    0x11000000, 0x00000012, 0x36BEFFFF, 0xFFFD9532, 0x11000000, 0x00000011, 0x38DFFFFF, 0xFFEC9531,
    0x10000000, 0x00000012, 0x6BEFFEDC, 0xCCDCA631, 0x10000000, 0x00000014, 0xADEEC977, 0x79AAA842,
    0x00000000, 0x00000038, 0xCDC96444, 0x45578862, 0x00000000, 0x0000016A, 0xCA742222, 0x22235663,
    0x10000000, 0x0000148A, 0x95211111, 0x11112344, 0x21000000, 0x00014787, 0x52000111, 0x11000122,
    0x21000000, 0x00036653, 0x10000000, 0x00000001, 0x11100000, 0x00245420, 0x00000000, 0x00000000,
    0x01100000, 0x00243100, 0x00000000, 0x00000000, 0x00100000, 0x00110000, 0x00000000, 0x00000000,
    0x00000000, 0x00000000, 0x00000000, 0x00000000, 0x00000000, 0x00000000, 0x00000000, 0x00000000,
    0x00000000, 0x00000000, 0x00000000, 0x00000000, 0x00000000, 0x00000000, 0x00000000, 0x00000000,
    0x00000000, 0x00000000, 0x01111110, 0x00000000, 0x00000000, 0x00000000, 0x12333222, 0x21111000,
    0x00000000, 0x00000002, 0x45677665, 0x55444321, 0x10000000, 0x00000137, 0xACDEEEEE, 0xEEEEDCB9,
    0x62100000, 0x001369CE, 0xFFFFFFFF, 0xFFFFFFFF, 0xEC951000, 0x0159DEFF, 0xFFFFFFFF, 0xFFFFFFFF,
    0xFFEC8400, 0x06BEFFFF, 0xFFFFFFFF, 0xFFFFFFFF, 0xFFFECA30, 0x08EFFFFF, 0xFFFFFFFF, 0xFFFFFFFF,
    0xFFFFED50, 0x07FFFFFF, 0xFFFFFFFF, 0xFFFFFFFF, 0xFFFFFD60, 0x04BEFFFF, 0xFFFFFFFF, 0xFFFFFFFF,
    0xFFFFEB20, 0x005ADEFF, 0xFFFFFFFF, 0xFFFFFFFF, 0xFFEDA500, 0x00026ACE, 0xFFFFFFFF, 0xFFFFFFFF,
    0xECA62000, 0x00000136, 0x9CEEFFFF, 0xFFFFFDC9, 0x62100000, 0x00000002, 0x358ADEFF, 0xFFEDA742,
    0x10000000, 0x00000001, 0x2468ACDE, 0xEEDB8521, 0x00000000, 0x00000011, 0x23568ABC, 0xCCA86321,
    0x00000000, 0x00000011, 0x23456889, 0x99864311, 0x00000000, 0x00000011, 0x23455677, 0x76653211,
    0x00000000, 0x00000011, 0x23345566, 0x65443211, 0x00000000, 0x00000011, 0x22344555, 0x54432211,
    0x00000000, 0x00000001, 0x12334444, 0x44332110, 0x00000000, 0x00000001, 0x11233334, 0x33322110,
    0x00000000, 0x00000000, 0x11222333, 0x32221100, 0x00000000, 0x00000000, 0x01111222, 0x22111100,
    0x00000000, 0x00000000, 0x00011111, 0x11110000, 0x00000000, 0x00000000, 0x00000111, 0x10000000,
    0x00000000, 0x00000000, 0x00000000, 0x00000000, 0x00000000, 0x00000000, 0x00000000, 0x00000000,
    0x00000000, 0x00000000, 0x00000000, 0x00000000, 0x00000000, 0x00000000, 0x00000000, 0x00000000,
    0x00000000, 0x629BDEBC, 0x63290000, 0x00010000, 0x00000000, 0x00000001, 0x00000000, 0x00000000,
    0x00010000, 0x00000000, 0x00000001, 0x00000000, 0x00000000, 0x00000000, 0x00000000, 0x00000000,
    0x00000000, 0x00000000, 0x00000000, 0xFFFFFAFF, 0xFA28F0DC, 0x3CC8AA00, 0x0105003C, 0x00002020,
    0x0103020A, 0x00002020, 0x0103020A, 0x00002020, 0x01060002, 0x02002020, 0x01040003, 0x02002020,
    0x010A0003, 0x02002020, 0x01000063, 0x00002020, 0x08000000, 0x00002020, 0x08000005, 0x00002020,
    0x010E0C06, 0x00002020, 0x010000D8, 0x00002020, 0x01000028, 0x00002020, 0x010C0203, 0x00002020,
    0x08000001, 0x00001010, 0x01000000, 0x00002020, 0x01030019, 0x00002020, 0x01000000, 0x03022020,
    0x01000000, 0x00002020, 0xFFFFFFFF, 0xC89664FF, 0xC8C8C8FF, 0xC8C8F0FF, 0xF0F0F0FF, 0xFFFFFF87,
    0xFFFFFF96, 0xFFFFFFFF, 0xFFFFFFFF, 0xFFFFFFB4, 0xFFFFFF00, 0xFFFFFFA0, 0x1E1E1E96, 0xFFFFFFFF,
    0xFF2F00FF, 0xFFFFFFFF, 0xFFFFFFFF, 0xFFFFFFDC, 0x0100D800, 0x0100E080, 0x0100E080, 0x0100E280,
    0x0100E080, 0x0100E280, 0x0100D800, 0x0100C700, 0x0100C700, 0x0100E080, 0x800AA240, 0x800AA240,
    0x0100E080, 0x0100E880, 0x800AA440, 0x0100DA00, 0x800A9A40, 0x0100D800, 0x0050FFCE, 0x000AFF74,
    0x07D0FCE0, 0x00000001, 0x00030007, 0x000D0017, 0x00210027, 0x002B002D, 0x002E0000, 0xFFE6FF3C,
    0xFFE6FF3C, 0xFFE6FF00, 0xFFE6FF00, 0xFFE6FF3C, 0xFFE6FF3C, 0xFFE6FF00, 0xFFE6FF00, 0xFF2F0050,
    0xFF2F0050, 0xFF2F000A, 0xFF2F000A, 0xFF2F003C, 0xFF2F003C, 0xFF2F000A, 0xFF2F000A, 0xFF2F003C,
    0xFF2F003C, 0xFF2F000A, 0xFF2F000A, 0xFF2F003C, 0xFF2F003C, 0xFF2F000A, 0xFF2F000A, 0xFF2F003C,
    0xFF2F003C, 0xFF2F000A, 0xFF2F000A, 0xC3480000, 0x44ADC000, 0x44BF4000, 0xC3910000, 0x43660000,
    0x44BF4000, 0xC2DC0000, 0x433E0000, 0xC4048000, 0xC3480000, 0x44ADC000, 0xC4048000, 0xC3480000,
    0x44ADC000, 0x44BF4000, 0xC3910000, 0x43660000, 0x44BF4000, 0xC2DC0000, 0x433E0000, 0x44FDC000,
    0xC3480000, 0x4494C000, 0x44FDC000, 0xC3340000, 0x43BE0000, 0x43160000, 0xC3700000, 0x43BE0000,
    0x43160000, 0xC3960000, 0xC33E0000, 0x43160000, 0xC2A00000, 0xC3480000, 0x43160000, 0xC3CA8000,
    0x43CD0000, 0xC33E0000, 0xC3A50000, 0x43CD0000, 0xC33E0000, 0xC3820000, 0xC3F00000, 0xC33E0000,
    0xC4318000, 0xC3F00000, 0xC33E0000, 0x43700000, 0x43C80000, 0xC33E0000, 0x43960000, 0x43C80000,
    0xC33E0000, 0x44098000, 0xC3F00000, 0xC33E0000, 0x430C0000, 0xC3F00000, 0xC33E0000, 0x43870000,
    0x442C8000, 0x42DC0000, 0x43A50000, 0x442C8000, 0x42DC0000, 0x43C30000, 0x42700000, 0x42DC0000,
    0x43200000, 0x42700000, 0x42DC0000, 0xC3700000, 0x44228000, 0x42DC0000, 0xC3340000, 0x44228000,
    0x42DC0000, 0xC2B40000, 0x42700000, 0x42DC0000, 0xC39B0000, 0x42700000, 0x42DC0000, 0x0000012C,
    0x00C8FDA8, 0xFFFAFFF8, 0x00000000, 0x01000000, 0x00000000, 0x00000001, 0x00000000, 0x0000FEE8,
    0x0136FEA2, 0x0009FFFC, 0x00000000, 0x01000000, 0x00000000, 0x00020001, 0x00000000, 0x0000017C,
    0x00820276, 0xFFEFFFF5, 0x00000001, 0x01000000, 0x00000000, 0x00040000, 0x00000000, 0x0000019A,
    0xFFF60276, 0xFFEFFFF5, 0x00000001, 0x01000000, 0x00000000, 0x00060000, 0x00000000, 0x000004BA,
    0x015EF40C, 0xFFF70002, 0x00000001, 0x01000000, 0x00000000, 0x00080000, 0x00000000, 0x0200FFBA,
    0xFF88FFD8, 0x00000001, 0x0000000A, 0x02000046, 0xFF88FFD8, 0x00000001, 0x0000000A, 0x0400023A,
    0xFF60FC18, 0x0000000F, 0xFFC4000D, 0x0400023A, 0xFF60FC18, 0x00000000, 0x00280004, 0x0400023A,
    0xFF60FC18, 0x00000019, 0x00460005, 0x0400023A, 0xFF60FC18, 0x00000046, 0x00050005, 0x05000384,
    0x00FAF894, 0x0001FFBA, 0x00010005, 0x05000384, 0x01C2F95C, 0x0001FFBA, 0x00010005, 0x05000384,
    0x01C2FA24, 0x0001FFBA, 0x00010005, 0x05000384, 0x01C2FAEC, 0x0001FFBA, 0x00010005, 0x05000384,
    0x01C2FBB4, 0x0001FFBA, 0x00010005, 0x05000384, 0x01C2FC7C, 0x0001FFBA, 0x00010005, 0x05000384,
    0x01C2FD44, 0x0001FFBA, 0x00010005, 0x05000384, 0x01C2FE0C, 0x0001FFBA, 0x00010005, 0x05000384,
    0x01C2FED4, 0x0001FFBA, 0x00010005, 0x05000384, 0x01C2FF9C, 0x0001FFBA, 0x00010005, 0x05000384,
    0x01C20064, 0x0001FFBA, 0x00010005, 0x05000384, 0x01C2012C, 0x0001FFBA, 0x00010005, 0x05000384,
    0x01C201F4, 0x0001FFBA, 0x00010005, 0x05000384, 0x01C202BC, 0x0001FFBA, 0x00010005, 0x05000384,
    0x01C20384, 0x0001FFBA, 0x00010005, 0x06000000, 0x00000000, 0x00000000, 0x00000000, 0x0700008C,
    0xFFD8FE98, 0x00000000, 0x00200007, 0x0200FFE2, 0xFF88FFD8, 0x0000FFFF, 0x0000001E, 0x0200001E,
    0xFF88FFD8, 0x0000FFFF, 0x0000001E, 0x0700008C, 0xFFF6FE98, 0xFFE30003, 0x00280008, 0x0800FF9C,
    0x001EFE34, 0x00500000, 0x00000000, 0x090000BE, 0x0064F844, 0x025800FF, 0x00E6001E, 0x090000BE,
    0x0064F844, 0x012C00FF, 0x00FF00FF, 0x0A000096, 0x035202EE, 0xFFC40226, 0xFE700032, 0x09000096,
    0x035202EE, 0x03E800FF, 0x00E6001E, 0x09000096, 0x035202EE, 0x01F400FF, 0x00FF00FF, 0x0200FFCC,
    0xFFA6FFD8, 0x0000FFFF, 0x0000001E, 0x02000031, 0xFFA6FFD8, 0x0000FFFF, 0x0000001E, 0x0200FFFD,
    0xFFA6FFD8, 0x0000FFFF, 0x0000001E, 0x0200FFE2, 0xFFA6FFD8, 0x0000FFFF, 0x0000001E, 0x0200001E,
    0xFFA6FFD8, 0x0000FFFF, 0x0000001E, 0x0700FF9C, 0x00DEFE84, 0xFFF1000A, 0x007A0006, 0x0800FD80,
    0x046A051E, 0x008C0000, 0x00000000, 0x07000014, 0x0096FECA, 0x0007FFFD, 0x00750006, 0x08000122,
    0x021C05DC, 0x00780000, 0x00000000, 0x0700FFEC, 0x00B4FEAC, 0xFFF4FFFD, 0x00760006, 0x0800FED4,
    0x02DA05C8, 0x00820000, 0x00000000, 0x0700FFD8, 0x00C8FE98, 0xFFD5FFEE, 0x00750006, 0x0800FC2C,
    0x01A40532, 0x008C0000, 0x00000000, 0x07000014, 0x00B4FEB6, 0x0003000F, 0x00730006, 0x080000A0,
    0x03B605DC, 0x006E0000, 0x00000000, 0x0800003C, 0x033E0578, 0x02260001, 0x00000000, 0x0200FFBF,
    0x00BE0136, 0x00000000, 0xFFFF0050, 0x0200FFBA, 0x00C80136, 0x00000000, 0xFFFF0050, 0x0200FFC4,
    0x00B40136, 0x00000000, 0xFFFF0050, 0x0200FFCE, 0x00BE0136, 0x00000000, 0xFFFF0050, 0x0200FFD3,
    0x00BE0136, 0x00000000, 0xFFFF0050, 0x0200FFD8, 0x00C80136, 0x00000000, 0xFFFF0050, 0x0200FFBA,
    0x00B40136, 0x00000000, 0xFFFF0050, 0x0200FFB5, 0x00BE0136, 0x00000000, 0xFFFF0050, 0x0800FED4,
    0x033E026C, 0x01F40001, 0x00000000, 0x0800FF38, 0x02DA029E, 0x02260001, 0x00000000, 0x0800FE0C,
    0x038E0280, 0x01C20001, 0x00000000, 0x03000000, 0x00000000, 0x00000001, 0x00000000, 0x0B000000,
    0x00000000, 0x00000000, 0x00000000, 0x0700005A, 0x006E0136, 0xFFFDFFFB, 0xFF400006, 0x0800015E,
    0x0104EF5C, 0x008C0000, 0x00000000, 0x0700005A, 0x006E0136, 0x0005FFE7, 0xFF450006, 0x080001B8,
    0xFF06F024, 0x00780000, 0x00000000, 0x07000060, 0x006E0136, 0xFFDBFFEB, 0xFF380007, 0x0800FD08,
    0xFEE8E9D0, 0x00820000, 0x00000000, 0x0800FEDE, 0xFFE2F164, 0x01900000, 0x00000000, 0x0800FEFC,
    0xFFB0F0D8, 0x01180000, 0x00000000, 0x0800FED4, 0xFFF6F128, 0x01400000, 0x00000000, 0x0800FECA,
    0xFFD8F10A, 0x01040000, 0x00000000, 0x0800FF06, 0xFFECF0E2, 0x00F00000, 0x00000000, 0x0200FFCE,
    0x00DC0172, 0x0000FFFF, 0x0000005A, 0x0200FFCE, 0x00DC0172, 0x0000FFFF, 0x0000005A, 0x0C00003C,
    0xFFEAFFBA, 0x00010000, 0x00000000, 0x0F00FF92, 0x000A0000, 0xFFFF0000, 0x0000008C, 0x0D00FDA8,
    0xFE84EF3E, 0x005A0000, 0x00000000, 0x0D00FD62, 0xFE70EE94, 0x005A0000, 0x00000000, 0x0D00FCAE,
    0xFE48ED5E, 0x005A0000, 0x00000000, 0x0D00FC4A, 0xFDDAECE6, 0x005A0000, 0x00000000, 0x0D00FC18,
    0xFDD0EC82, 0x005A0000, 0x00000000, 0x0D00FBA0, 0xFDD0EB7E, 0x005A0000, 0x00000000, 0x0E00FF88,
    0xFF92FBE6, 0x00000001, 0x0000001A, 0x0E00FF42, 0xFF92FB8C, 0x00000001, 0x0000001A, 0x0E00FF06,
    0xFF92FB32, 0x00000001, 0x0000001A, 0x0E00FECA, 0xFF92FACE, 0x00000001, 0x0000001A, 0x10000000,
    0x00000000, 0x00000000, 0x00000000, 0x03000000, 0x00000000, 0x000200FF, 0x00000000, 0x0B000000,
    0x00000000, 0x00000000, 0x00000000, 0x03000000, 0x00000000, 0x00030004, 0x00000000, 0x1100FE8E,
    0x0190FF42, 0x00000000, 0x00000000, 0x1100010E, 0x017CFF42, 0x00000000, 0x00000000, 0x03000000,
    0x00000000, 0x00050006, 0x00000000, 0x1100012C, 0x029E006E, 0x00000000, 0x00000000, 0x1100FF2E,
    0x0276006E, 0x00000000, 0x00000000, 0x12000000, 0x01400000, 0xFC0400F0, 0xFF9C00C7, 0x1200000A,
    0x00F0FF2E, 0xFB6E0096, 0xFEA200C7, 0x1200FF6A, 0xFF60FF56, 0xFBFAFF7E, 0xFF5600C7, 0x13000000,
    0x00000000, 0xFFA60001, 0x00010019, 0x07000014, 0xFFD8FFBA, 0x0000FFFE, 0xFFFC0014, 0x07000014,
    0xFFD8FFBA, 0x0000FFFE, 0xFFFC0014, 0x07000014, 0xFFD8FFBA, 0x0000FFFE, 0xFFFC0014, 0x1400005A,
    0xFF6AFEF2, 0x000A0000, 0x00000000, 0x15000000, 0x00000000, 0x02BC0000, 0x00000000, 0x16000000,
    0x00000000, 0x00000000, 0x00000000, 0x17000000, 0x00000000, 0x00000000, 0x00000000, 0x08000000,
    0xFCEA0000, 0x01220000, 0x00000000, 0x07000078, 0xFFF6FFF6, 0x00230000, 0x0000000C, 0x0700006E,
    0xFFF6FFC4, 0x00230000, 0x0000000C, 0x0700001E, 0x000AFF7E, 0x00230000, 0x0000000C, 0x0700001E,
    0x000AFF42, 0x00230000, 0x0000000C, 0x07000078, 0xFFF6FFF6, 0x00230000, 0x0000000C, 0x0700006E,
    0xFFF6FFC4, 0x00230000, 0x0000000C, 0x090001E0, 0xFFECFFEC, 0x009600FF, 0x00E6001E, 0x090001E0,
    0xFFECFF2E, 0x009600FF, 0x00E6001E, 0x090000A0, 0x0032FE02, 0x009600FF, 0x00E6001E, 0x090000A0,
    0x0032FD44, 0x009600FF, 0x00E6001E, 0x090001E0, 0xFFECFFEC, 0x009600FF, 0x00E6001E, 0x090001E0,
    0xFFECFF2E, 0x009600FF, 0x00E6001E, 0x18000050, 0x000A07D0, 0x00C80000, 0x00000000, 0x19000000,
    0x00000000, 0x00000000, 0x00000000, 0x1A000050, 0x000A0BB8, 0x00000000, 0x0000007E, 0x1B000000,
    0x00000000, 0x00000000, 0x00000000, 0x0700FF7E, 0xFE8E0032, 0x000FFFFF, 0xFFA60019, 0x0700FEFC,
    0xFE8E0032, 0x0014FFFF, 0xFFA60019, 0x0700FEB6, 0xFEF20032, 0xFFFC0007, 0xFFA60019, 0x0700FEB6,
    0xFF100032, 0xFFFC0006, 0xFFA60019, 0x0700FF7E, 0xFE8E0032, 0x000FFFFF, 0xFFA60019, 0x0700FEFC,
    0xFE8E0032, 0x0014FFFF, 0xFFA60019, 0x1C00FFBA, 0xFDE4FF56, 0xFFBAFDE4, 0xFF560066, 0x080001F4,
    0xF736CFB8, 0x001E0000, 0x00000000, 0x0800026C, 0xF6FACFB8, 0x00190000, 0x00000000, 0x080001E0,
    0xF7FECFB8, 0x00280000, 0x00000000, 0x08000258, 0xF830CFB8, 0x00190000, 0x00000000, 0x08000208,
    0xF772CFB8, 0x00220000, 0x00000000, 0x08000244, 0xF74ACFB8, 0x00320000, 0x00000000, 0x0800028A,
    0xF6FACFB8, 0x00280000, 0x00000000, 0x080001EA, 0xF79ACFB8, 0x00370000, 0x00000000, 0x0800026C,
    0xF6E6CFB8, 0x00190000, 0x00000000, 0x08000208, 0xF768CFB8, 0x00230000, 0x00000000, 0x0800023A,
    0xF6AACFB8, 0x00280000, 0x00000000, 0x0800023A, 0xF768CFB8, 0x01900003, 0x00000000, 0x0800023A,
    0xF768CFB8, 0x02260003, 0x00000000, 0x0800023A, 0xF6AACFB8, 0x00BE0003, 0x00000000, 0x1D000078,
    0xFD94F204, 0x00000000, 0xFFFF000C, 0x1D00006E, 0xFD8AF204, 0x00000000, 0xFFFF000C, 0x1D000078,
    0xFD91F204, 0x00000000, 0xFFFF000C, 0x1D000082, 0xFD94F204, 0x00000000, 0xFFFF000C, 0x1D00007D,
    0xFDA8F204, 0x00000000, 0xFFFF000C, 0x1D000073, 0xFDA3F204, 0x00000000, 0xFFFF000C, 0x1D000084,
    0xFD9EF204, 0x00000000, 0xFFFF000C, 0x1D00007B, 0xFD99F204, 0x00000000, 0xFFFF000C, 0x080001E0,
    0xF6F0CFB8, 0x021C0003, 0x00000000, 0x0800023A, 0xF722CFB8, 0x01E00003, 0x00000000, 0x08000316,
    0xF678CFB8, 0x01FE0003, 0x00000000, 0x0800026C, 0xF704CFB8, 0x01EA0003, 0x00000000, 0x08000208,
    0xF77CCFB8, 0x02080003, 0x00000000, 0x080002C6, 0xF70ECFB8, 0x01F40003, 0x00000000, 0x0800024E,
    0xF6FACFB8, 0x01E00003, 0x00000000, 0x080001D6, 0xF72CCFB8, 0x02260003, 0x00000000, 0x08000262,
    0xF79ACFB8, 0x02260003, 0x00000000, 0xFFFFFFDC, 0xFAFFB4F0, 0xFF64B4C8, 0xFFFFFFFF, 0xFFFFC8E1,
    0xFF001437, 0x40400000, 0xC1700000, 0x40800000, 0x40E00000, 0xC1200000, 0x40C00000, 0xBF800000,
    0xC1200000, 0x41300000, 0x40A00000, 0xC1700000, 0x00000000, 0x41100000, 0xC1200000, 0x00000000,
    0xBF800000, 0xC1800000, 0x00000000, 0xC1100000, 0xC1200000, 0x40C00000, 0xC1300000, 0xC0400000,
    0x40E00000, 0xC1500000, 0xC0400000, 0x00000000, 0xC1100000, 0x40000000, 0x40C00000, 0xC0A00000,
    0x40E00000, 0x40A00000, 0xC0C00000, 0x40E00000, 0x00000000, 0xC0C00000, 0xC1700000, 0x40800000,
    0xC1300000, 0xC1200000, 0x00000000, 0xBF800000, 0xC1600000, 0x40C00000, 0xBF800000, 0x40C00000,
    0x40E00000, 0xBF800000, 0x40000000, 0x41300000, 0x40E00000, 0x40000000, 0x40C00000, 0x40800000,
    0x40E00000, 0x40A00000, 0x41100000, 0x40000000, 0x00000000, 0xBF800000, 0xC0400000, 0x41400000,
    0x41000000, 0xC0400000, 0x40E00000, 0xC1300000, 0x40000000, 0x00000000, 0x41300000, 0xC0800000,
    0x00000000, 0xC0E00000, 0xC1700000, 0x00000000, 0x40A00000, 0x40E00000, 0x00000000, 0xC0A00000,
    0x41800000, 0x00000000, 0xC0A00000, 0x41A80000, 0x40400000, 0xC1000000, 0x41900000, 0x00000000,
    0xC0A00000, 0x41300000, 0x40000000, 0xC0A00000, 0x41300000, 0x00000000, 0x00000000, 0x41700000,
    0x40800000, 0x00000000, 0x41A80000, 0x40C00000, 0xC0A00000, 0x41A80000, 0x40400000, 0xC0A00000,
    0x41300000, 0x00000000, 0xC0C00000, 0x40E00000, 0x00000000, 0xC0A00000, 0x40E00000, 0x40A00000,
    0xC0A00000, 0x41300000, 0x40000000, 0xBF800000, 0x40C00000, 0x40E00000, 0x00000000, 0x41400000,
    0x40800000, 0x40800000, 0x40E00000, 0x40A00000, 0x40800000, 0x41300000, 0x40000000, 0x40A00000,
    0x40E00000, 0x00000000, 0xC0A00000, 0x41800000, 0x00000000, 0xC0C00000, 0x41600000, 0x00000000,
    0x40400000, 0x41700000, 0x3F800000, 0x40800000, 0x41300000, 0x00000000, 0x40A00000, 0x41700000,
    0x00000000, 0xC1000000, 0x41900000, 0x00000000, 0x40A00000, 0x41A00000, 0x40800000, 0x41000000,
    0x41A80000, 0x00000000, 0xC0400000, 0x42040000, 0x41200000, 0x00000000, 0x42380000, 0x41100000,
    0xC1100000, 0x42280000, 0x40C00000, 0x41200000, 0x41D80000, 0x00000000, 0x41500000, 0x42080000,
    0x00000000, 0x40800000, 0x42080000, 0x40800000, 0x41100000, 0x42380000, 0x00000000, 0x40E00000,
    0x42600000, 0x00000000, 0x40800000, 0x42680000, 0x40400000, 0x40E00000, 0x42380000, 0x40C00000,
    0x3F800000, 0x42480000, 0x40C00000, 0xC0800000, 0x42380000, 0x40800000, 0xC1100000, 0x42280000,
    0x40C00000, 0xC0800000, 0x42380000, 0x40800000, 0xC1300000, 0x42340000, 0x00000000, 0xC1200000,
    0x42040000, 0x40A00000, 0xC1700000, 0x42180000, 0x00000000, 0x40A00000, 0x41D80000, 0x40800000,
    0x40800000, 0x42080000, 0x40800000, 0xC0400000, 0x42040000, 0x41200000, 0x00000000, 0x41D80000,
    0x41100000, 0x41000000, 0x41A80000, 0x00000000, 0x41200000, 0x41D80000, 0x00000000, 0x40A00000,
    0x41A00000, 0x40800000, 0x00000000, 0x41A80000, 0x40C00000, 0xC1100000, 0x41D80000, 0x40800000,
    0xC1000000, 0x41900000, 0x00000000, 0x41500000, 0x42080000, 0x00000000, 0x41100000, 0x42380000,
    0x00000000, 0x40E00000, 0x42380000, 0x40C00000, 0x00000000, 0x42380000, 0x41100000, 0xC1600000,
    0x41F80000, 0x00000000, 0x40800000, 0x42680000, 0x40400000, 0x3F800000, 0x42480000, 0x40C00000,
    0xC0A00000, 0x41A80000, 0x40400000, 0xC1400000, 0x41D00000, 0x00000000, 0x3F800000, 0xC2340000,
    0x40800000, 0x40A00000, 0xC2200000, 0x40E00000, 0xC0400000, 0xC2200000, 0x41300000, 0x40000000,
    0xC2340000, 0x00000000, 0x40E00000, 0xC2200000, 0x00000000, 0xC0400000, 0xC23C0000, 0x00000000,
    0xC1400000, 0xC2200000, 0x40E00000, 0xC1500000, 0xC2080000, 0x41000000, 0xC1700000, 0xC2080000,
    0x00000000, 0xC1400000, 0xC1D80000, 0x40C00000, 0xC1000000, 0xC1B80000, 0x40A00000, 0xC1000000,
    0xC1B00000, 0x00000000, 0xC1000000, 0xC2340000, 0x40800000, 0xC1600000, 0xC2200000, 0x00000000,
    0xC0400000, 0xC2340000, 0x40C00000, 0xC0400000, 0xC1B80000, 0x40E00000, 0xC0400000, 0xC1D80000,
    0x41300000, 0x40A00000, 0xC1E00000, 0x40C00000, 0x40000000, 0xC1B80000, 0x40A00000, 0x40E00000,
    0xC1E00000, 0x00000000, 0xC0400000, 0xC2080000, 0x41400000, 0x40C00000, 0xC2080000, 0x41000000,
    0xC1600000, 0xC1E00000, 0x00000000, 0x41000000, 0xC2080000, 0x00000000, 0xC1100000, 0xC2340000,
    0x00000000, 0x40000000, 0xC1B00000, 0x00000000, 0xC0A00000, 0x41800000, 0x00000000, 0xC0A00000,
    0x41A80000, 0x40400000, 0xC1000000, 0x41900000, 0x00000000, 0xC0A00000, 0x41300000, 0x40000000,
    0xC0A00000, 0x41300000, 0x00000000, 0x00000000, 0x41700000, 0x40800000, 0x00000000, 0x41A80000,
    0x40C00000, 0xC0A00000, 0x41A80000, 0x40400000, 0xC0A00000, 0x41300000, 0x00000000, 0xC1000000,
    0xC1B00000, 0x00000000, 0xC1000000, 0xC1B80000, 0x40A00000, 0xC0A00000, 0x41300000, 0x40000000,
    0xC0400000, 0xC1B80000, 0x40E00000, 0x00000000, 0x41400000, 0x40800000, 0x40000000, 0xC1B80000,
    0x40A00000, 0x40800000, 0x41300000, 0x40000000, 0x40000000, 0xC1B00000, 0x00000000, 0xC0A00000,
    0x41800000, 0x00000000, 0xC0C00000, 0x41600000, 0x00000000, 0x40400000, 0x41700000, 0x3F800000,
    0x40800000, 0x41300000, 0x00000000, 0x40A00000, 0x41700000, 0x00000000, 0xC1000000, 0x41900000,
    0x00000000, 0x40A00000, 0x41A00000, 0x40800000, 0x41000000, 0x41A80000, 0x00000000, 0xC0400000,
    0x42040000, 0x41200000, 0x00000000, 0x42380000, 0x41100000, 0xC1100000, 0x42280000, 0x40C00000,
    0x41200000, 0x41D80000, 0x00000000, 0x41500000, 0x42080000, 0x00000000, 0x40800000, 0x42080000,
    0x40800000, 0x41100000, 0x42380000, 0x00000000, 0x40E00000, 0x42600000, 0x00000000, 0x40800000,
    0x42680000, 0x40400000, 0x40E00000, 0x42380000, 0x40C00000, 0x3F800000, 0x42480000, 0x40C00000,
    0xC0800000, 0x42380000, 0x40800000, 0xC1100000, 0x42280000, 0x40C00000, 0xC0800000, 0x42380000,
    0x40800000, 0xC1300000, 0x42340000, 0x00000000, 0xC1200000, 0x42040000, 0x40A00000, 0xC1700000,
    0x42180000, 0x00000000, 0x40A00000, 0x41D80000, 0x40800000, 0x40800000, 0x42080000, 0x40800000,
    0xC0400000, 0x42040000, 0x41200000, 0x00000000, 0x41D80000, 0x41100000, 0x41000000, 0x41A80000,
    0x00000000, 0x41200000, 0x41D80000, 0x00000000, 0x40A00000, 0x41A00000, 0x40800000, 0x00000000,
    0x41A80000, 0x40C00000, 0xC1100000, 0x41D80000, 0x40800000, 0xC1000000, 0x41900000, 0x00000000,
    0x41500000, 0x42080000, 0x00000000, 0x41100000, 0x42380000, 0x00000000, 0x40E00000, 0x42380000,
    0x40C00000, 0x00000000, 0x42380000, 0x41100000, 0xC1600000, 0x41F80000, 0x00000000, 0x40800000,
    0x42680000, 0x40400000, 0x3F800000, 0x42480000, 0x40C00000, 0xC0A00000, 0x41A80000, 0x40400000,
    0xC1400000, 0x41D00000, 0x00000000, 0x05B9068F, 0x3896D600, 0x06E30577, 0x54C1B900, 0x04250573,
    0x6BBD1000, 0x061D0692, 0x1F9DB800, 0x0791057B, 0x32D19600, 0x042306F6, 0x1383FF00, 0x01670573,
    0x37BC5C00, 0x00FC03F4, 0x43FB6C00, 0x003403F8, 0x11F07D00, 0x016B0276, 0x3C376100, 0x02AC0158,
    0x33346800, 0x02890148, 0x013C7000, 0x028F068D, 0x1B923A00, 0x00BA0577, 0x0DB66600, 0x0424068D,
    0x40940F00, 0x042A0172, 0x70361700, 0x04290276, 0x72351000, 0x06E7027A, 0x5C33B900, 0x06120163,
    0x5939BA00, 0x0794027E, 0x2E3E9C00, 0x042703F4, 0x7DFD1300, 0x075203F8, 0x6101AE00, 0x00BD027A,
    0x11307400, 0x081A03FD, 0x380D8F00, 0x022A068F, 0x07913D00, 0x062A0131, 0x1C298B00, 0x02BBFF4A,
    0x5AF55900, 0x02B9FE1C, 0x58CB4B00, 0x01DAFEC7, 0x55CE4F00, 0x02AC0040, 0x3D136D00, 0x02AC003F,
    0xF0F17D00, 0x0465FF6A, 0x7BEB1700, 0x047AFDF3, 0x6EC51800, 0x02B9FE1C, 0x58CB4B00, 0x02AC003F,
    0xF0F17D00, 0x02890148, 0x013C7000, 0x02AC0158, 0x33346800, 0x02AC0040, 0x3D136D00, 0x042A0172,
    0x70361700, 0x044C000A, 0x781C1D00, 0x06120163, 0x5939BA00, 0x05E10040, 0x4F17A000, 0x062A0131,
    0x1C298B00, 0x02BBFF4A, 0x5AF55900, 0x0263FFAB, 0x36ED7100, 0x05BCFF5C, 0x65E1BB00, 0x05E1003F,
    0x33038C00, 0x064BFF7B, 0x58CBB600, 0x01DAFEC7, 0x55CE4F00, 0x0665FE3C, 0x67D4C600, 0x0747FE14,
    0x55EAA500, 0x0218FFE0, 0x7FFC0A00, 0x064605E0, 0x77251800, 0x03E0FBE0, 0x50285A00, 0x07B9FC92,
    0x6CF7BE00, 0x08B2FAFB, 0x6BF8BD00, 0x05F1FB0A, 0x73F5CB00, 0x079DF817, 0x45239C00, 0x06C8F5C4,
    0x521DA400, 0x05F3F573, 0x6125B800, 0x06E2F825, 0x6F14C500, 0x02FCF7E0, 0x6E3A1700, 0x02F0F841,
    0x3C4E5000, 0x03E0FBE0, 0x50285A00, 0x02F0F841, 0x3C4E5000, 0x00D2F870, 0x3C425A00, 0x0136FB21,
    0x54EA5C00, 0xFF77FA2E, 0x42096C00, 0x0666FC9B, 0x6906B900, 0x05F1FB0A, 0x73F5CB00, 0x0218FFE0,
    0x7FFC0A00, 0x044EFCAB, 0x79DE1000, 0x0747FE14, 0x55EAA500, 0x07B9FC92, 0x6CF7BE00, 0x0665FE3C,
    0x67D4C600, 0x047AFDF3, 0x6EC51800, 0x018EFCB4, 0x4ECB5500, 0x01DAFEC7, 0x55CE4F00, 0x08B2FAFB,
    0x6BF8BD00, 0x079DF817, 0x45239C00, 0x06E2F825, 0x6F14C500, 0x064605E0, 0x77251800, 0xFFD2FBAC,
    0x3BDB6A00, 0x05F3F573, 0x6125B800, 0x02FCF7E0, 0x6E3A1700, 0x02B9FE1C, 0x58CB4B00, 0x00ABFCF3,
    0x31CB6800, 0x00010200, 0x03040100, 0x05030000, 0x06070800, 0x090A0B00, 0x0C060D00, 0x0E020600,
    0x0F101100, 0x12111300, 0x100F0A00, 0x14100900, 0x15111000, 0x0B160900, 0x0A091000, 0x10141500,
    0x11151700, 0x050C1800, 0x04171500, 0x050E0C00, 0x16080700, 0x09071400, 0x14020100, 0x15010400,
    0x11120F00, 0x13191200, 0x17131100, 0x080D0600, 0x07060200, 0x020E0000, 0x01000300, 0x01151400,
    0x02140700, 0x07091600, 0x0D180C00, 0x060C0E00, 0x05000E00, 0x1A1B1C00, 0x0A1D1E00, 0x00010200,
    0x03040500, 0x06050700, 0x08070900, 0x0A090B00, 0x060C0D00, 0x08000C00, 0x0D030600, 0x0C060800,
    0x00080A00, 0x0E0A0F00, 0x0A0E0000, 0x0F100E00, 0x110D0C00, 0x020C0000, 0x01000E00, 0x120E1000,
    0x0E120100, 0x090A0800, 0x0B0F0A00, 0x10131200, 0x07080600, 0x14151600, 0x17181900, 0x1A1B1C00,
    0x1D1C1E00, 0x151E1F00, 0x00010200, 0x03000400, 0x05060700, 0x08070300, 0x090A0500, 0x0B050800,
    0x0C080D00, 0x0E0E0D00, 0x0F101100, 0x06111200, 0x0D031300, 0x00030700, 0x06050A00, 0x14111000,
    0x15121100, 0x01001200, 0x02040000, 0x04130300, 0x07080500, 0x030D0800, 0x050B0900, 0x080C0B00,
    0x0D0E1600, 0x0D170E00, 0x11060F00, 0x12070600, 0x13170D00, 0x0D160C00, 0x800ABF40, 0x1F002600,
    0x800ABFD8, 0x201F1B00, 0x800AC044, 0x183F1C00, 0x800AB460, 0x800AB874, 0x800ABC88, 0x800AC0B4,
    0x00000057, 0x00000003, 0x00000000, 0xD001D001, 0xD001D001, 0xD001D001, 0xD001D001, 0xD001D001,
    0xD001D001, 0xD001D001, 0xD001D001, 0xD001D001, 0xD001D001, 0xD001D001, 0xD001D001, 0xD001D001,
    0xD001D001, 0xD001D001, 0xD001D001, 0xD001D001, 0xD001D001, 0xD001D001, 0xD001D001, 0xD001D001,
    0xD001D001, 0xD001D001, 0xD001D001, 0xD001D001, 0xD001D001, 0xD001D001, 0xD001D001, 0xD001D001,
    0xD001D001, 0xD001D001, 0xD001D001, 0xD001D001, 0xD001D001, 0xD001D001, 0xD001D001, 0xD001D001,
    0xD001D001, 0xD001D001, 0xD001D001, 0xD001D001, 0xD001D001, 0xD001D001, 0xD001D001, 0xD001D001,
    0xD001D001, 0xD001D001, 0xD001D001, 0xD001D001, 0xD001D001, 0xD001D001, 0xD001D001, 0xD001D001,
    0xD001D001, 0xD001D001, 0xD001D001, 0xD001D001, 0xD001D001, 0xD001D001, 0xD001D001, 0xD001D001,
    0xD001D001, 0xD001D001, 0xD001D001, 0xD001D001, 0xD001D001, 0xD001D001, 0xD001D001, 0xD001D001,
    0xD001D001, 0xD001D001, 0xD001D001, 0xD001D001, 0xD001D001, 0xD001D001, 0xD001D001, 0xD001D001,
    0xD001D001, 0xD001D001, 0xD001D001, 0xD001D001, 0xD001D001, 0xD001D001, 0xD001D001, 0xD001D001,
    0xD001D001, 0xD001D001, 0xD001D001, 0xD001D001, 0xD001D001, 0xD001D001, 0xD001D001, 0xD001D001,
    0xD001D001, 0xD001D001, 0xD001D001, 0xD001D001, 0xD001D001, 0xD001D001, 0xD001D001, 0xD001D001,
    0xD001D001, 0xD001D001, 0xD001D001, 0xD001D001, 0xD001D001, 0xD001D001, 0xD001D001, 0xD001D001,
    0xD001D001, 0xD001D001, 0xD001D001, 0xD001D001, 0xD001D001, 0xD001D001, 0xD001D001, 0xD001D043,
    0xD085D109, 0xD0C7D085, 0xD001D001, 0xD001D001, 0xD001D001, 0xD001D001, 0xD001D001, 0xD001D001,
    0xD001D001, 0xD001D001, 0xD001D001, 0xD001D001, 0xD001D001, 0xD001D001, 0xD001D001, 0xD043D18D,
    0xE35BECA5, 0xEBDFDA53, 0xD0C7D001, 0xD001D001, 0xD001D001, 0xD001D001, 0xD001D001, 0xD001D001,
    0xD001D001, 0xD001D001, 0xD001D001, 0xD001D001, 0xD001D001, 0xD001D001, 0xD001D001, 0xD0C7EC21,
    0xFF39FFBD, 0xFF7BF56B, 0xDA53D001, 0xD001D001, 0xD001D001, 0xD001D001, 0xD001D001, 0xD001D001,
    0xD001D001, 0xD001D001, 0xD001D001, 0xD001D001, 0xD001D001, 0xD001D001, 0xD001D043, 0xDA11FE73,
    0xFFFFFFFF, 0xFFFFFF7B, 0xEB9DD0C7, 0xD001D001, 0xD001D001, 0xD001D001, 0xD001D001, 0xD001D001,
    0xD001D001, 0xD001D001, 0xD001D001, 0xD001D001, 0xD001D001, 0xD001D001, 0xD001D001, 0xDA53FEF7,
    0xFFFFFFFF, 0xFFFFFFBD, 0xEBDFD0C7, 0xD001D001, 0xD001D001, 0xD001D001, 0xD001D001, 0xD001D001,
    0xD001D001, 0xD001D001, 0xD001D001, 0xD001D001, 0xD001D001, 0xD001D001, 0xD001D001, 0xD94BF56B,
    0xFFFFFFFF, 0xFFFFFEF7, 0xE2D7D8C7, 0xD043D043, 0xD001D001, 0xD001D001, 0xD001D001, 0xD001D001,
    0xD001D001, 0xD001D001, 0xD001D001, 0xD001D001, 0xD001D001, 0xD001D001, 0xD001D001, 0xD085E2D7,
    0xF56BFEB5, 0xFE31EBDF, 0xD9CFD9CF, 0xD94BD0C7, 0xD043D001, 0xD001D001, 0xD001D001, 0xD001D001,
    0xD001D001, 0xD001D001, 0xD001D001, 0xD001D001, 0xD001D001, 0xD001D001, 0xD001D001, 0xD001D085,
    0xD9CFDA11, 0xD9CFD98D, 0xE253E35B, 0xE2D7D98D, 0xD085D001, 0xD001D001, 0xD001D001, 0xD001D001,
    0xD001D001, 0xD001D001, 0xD001D001, 0xD001D001, 0xD001D001, 0xD001D001, 0xD001D001, 0xD001D001,
    0xD001D043, 0xD085D909, 0xE2D7EC21, 0xEB9DE1CF, 0xD885D001, 0xD001D001, 0xD001D001, 0xD001D001,
    0xD001D001, 0xD001D001, 0xD001D001, 0xD001D001, 0xD001D001, 0xD001D001, 0xD001D001, 0xD001D001,
    0xD001D001, 0xD043D8C7, 0xE211E319, 0xE295D94B, 0xD085D001, 0xD001D001, 0xD001D001, 0xD001D001,
    0xD001D001, 0xD001D001, 0xD001D001, 0xD001D001, 0xD001D001, 0xD001D001, 0xD001D001, 0xD001D001,
    0xD001D001, 0xD001D043, 0xD8C7D909, 0xD909D885, 0xD043D001, 0xD001D001, 0xD001D001, 0xD001D001,
    0xD001D001, 0xD001D001, 0xD001D001, 0xD001D001, 0xD001D001, 0xD001D001, 0xD001D001, 0xD001D001,
    0xD001D001, 0xD001D001, 0xD043D043, 0xD043D001, 0xD001D001, 0xD001D001, 0xD001D001, 0xD001D001,
    0xD001D001, 0xD001D001, 0xD001D001, 0xD001D001, 0xD001D001, 0xD001D001, 0xD001D001, 0xD001D001,
    0xD001D001, 0xD001D001, 0xD001D001, 0xD001D001, 0xD001D001, 0xD001D001, 0xD001D001, 0xD001D001,
    0xD001D001, 0xD001D001, 0xD001D001, 0xD001D001, 0xD001D001, 0xD001D001, 0xD001D001, 0xD001D001,
    0xD001D001, 0xD001D001, 0xD001D001, 0xD001D001, 0xD001D001, 0xD001D001, 0xD001D001, 0xD001D001,
    0xD001D001, 0xD001D001, 0xD001D001, 0xD001D001, 0xD001D001, 0xD001D001, 0xD001D001, 0xD001D001,
    0xD001D001, 0xD001D001, 0xD001D001, 0xD001D001, 0xD001D001, 0xD001D001, 0xD001D001, 0xD001D001,
    0xD001D001, 0xD001D001, 0xD001D001, 0xD001D001, 0xD001D001, 0xD001D001, 0xD001D001, 0xD001D001,
    0xD001D001, 0xD001D001, 0xD001D001, 0xD001D001, 0xD001D001, 0xD001D001, 0xD001D001, 0xD001D001,
    0xD001D001, 0xD001D001, 0xD001D001, 0xD001D001, 0xD001D001, 0xD001D001, 0xD001D001, 0xD001D001,
    0xD001D001, 0xD001D001, 0xD001D001, 0xD001D001, 0xD001D001, 0xD001D001, 0xD001D001, 0xD001D001,
    0xD001D001, 0xD001D001, 0xD001D001, 0xD001D001, 0xD001D001, 0xD001D001, 0xD001D001, 0xD001D001,
    0xD001D001, 0xD001D001, 0xD001D001, 0xD001D001, 0xD001D001, 0xD001D001, 0xD001D001, 0xD001D001,
    0xD001D001, 0xD001D001, 0xD001D001, 0xD001D001, 0xD001D001, 0xD001D001, 0xD001D001, 0xD001D001,
    0xD001D001, 0xD001D001, 0xD001D001, 0xD001D001, 0xD001D001, 0xD001D001, 0xD001D001, 0xD001D001,
    0xD001D001, 0xD001D001, 0xD001D001, 0xD001D001, 0xD001D001, 0xD001D001, 0xD001D001, 0xD001D001,
    0xD001D001, 0xD001D001, 0xD001D001, 0xD001D001, 0xD001D001, 0xD001D001, 0xD001D001, 0xD001D001,
    0xD001D001, 0xD001D001, 0xD001D001, 0xD001D001, 0xD001D001, 0xD001D001, 0xD001D001, 0xD001D001,
    0xD001D001, 0xD001D001, 0xD001D001, 0xD001D001, 0xD001D001, 0xD001D001, 0xD001D001, 0xD001D001,
    0xD001D001, 0xD001D001, 0xD001D001, 0xD001D001, 0xD001D001, 0xD001D001, 0xD001D001, 0xD001D001,
    0xD001D001, 0xD001D001, 0xD001D001, 0xD001D001, 0xD001D001, 0xD001D001, 0xD001D001, 0xD001D001,
    0xD001D001, 0xD001D001, 0xD001D001, 0xD001D001, 0xD001D001, 0xD001D001, 0xD001D001, 0xD001D001,
    0xD001D001, 0xD001D001, 0xD001D001, 0xD001D001, 0xD001D001, 0xD001D001, 0xD001D001, 0xD001D001,
    0xD001D001, 0xD001D001, 0xD001D001, 0xD001D001, 0xD001D001, 0xD001D001, 0xD001D001, 0xD001D001,
    0xD001D001, 0xD001D001, 0xD001D001, 0xD001D001, 0xD001D001, 0xD001D001, 0xD001D001, 0xD001D001,
    0xD001D001, 0xD001D001, 0xD001D001, 0xD001D001, 0xD001D001, 0xD001D001, 0xD001D001, 0xD001D001,
    0xD001D001, 0xD001D001, 0xD001D001, 0xD001D001, 0xD001D001, 0xD001D001, 0xD001D001, 0xD001D001,
    0xD001D001, 0xD001D001, 0xD001D001, 0x00000000, 0x00000000, 0x00430043, 0x00030001, 0x00030043,
    0x00430043, 0x00430043, 0x00450045, 0x00450085, 0x00850085, 0x00850085, 0x00850085, 0x00850045,
    0x00430043, 0x00430043, 0x00030043, 0x00030003, 0x00030003, 0x00430043, 0x00030003, 0x00030043,
    0x00430043, 0x00430043, 0x00430045, 0x00450085, 0x00850085, 0x00850085, 0x00850085, 0x00450043,
    0x00430043, 0x00430043, 0x00030001, 0x00010001, 0x00030003, 0x00430043, 0x00430003, 0x00030003,
    0x00430043, 0x00430045, 0x00450045, 0x00450085, 0x00850085, 0x00850085, 0x00450045, 0x00430043,
    0x00430043, 0x00430003, 0x00430041, 0x00010003, 0x00030003, 0x00430043, 0x00430043, 0x00430043,
    0x00430043, 0x00430045, 0x00450045, 0x00850085, 0x00850085, 0x00850085, 0x00450045, 0x00430043,
    0x00430043, 0x00430043, 0x00430043, 0x00430043, 0x00030043, 0x00450043, 0x00430043, 0x00430043,
    0x00430045, 0x00450085, 0x00850085, 0x00850085, 0x00870085, 0x00850085, 0x00850045, 0x00450045,
    0x00450043, 0x00450043, 0x00430043, 0x00450043, 0x00430085, 0x00450045, 0x00430043, 0x00430043,
    0x00430043, 0x00450085, 0x00850085, 0x00850087, 0x00870085, 0x00870087, 0x00850085, 0x00850085,
    0x00450045, 0x00450045, 0x00430045, 0x00450045, 0x00850085, 0x00850085, 0x00450045, 0x00430043,
    0x00430043, 0x00450085, 0x00850085, 0x00870087, 0x00870087, 0x00870087, 0x00870085, 0x00850085,
    0x00850085, 0x00850085, 0x00850085, 0x00850085, 0x00850085, 0x00850085, 0x00450045, 0x00430043,
    0x00430045, 0x00450085, 0x00850087, 0x00870087, 0x00870087, 0x00870087, 0x00870087, 0x00870087,
    0x00870085, 0x00850085, 0x00850087, 0x00870087, 0x00870087, 0x00870087, 0x00850085, 0x00450043,
    0x00430045, 0x00450045, 0x00850087, 0x00870087, 0x00870087, 0x00870087, 0x00870087, 0x00870087,
    0x00870087, 0x00870087, 0x00870087, 0x00870087, 0x00870087, 0x00C70087, 0x00870087, 0x00850045,
    0x00430045, 0x00850085, 0x00850087, 0x00870087, 0x00870087, 0x00C700C7, 0x00C700C7, 0x008700C7,
    0x00C70087, 0x00C700C7, 0x00C700C7, 0x00C700C7, 0x00C900C9, 0x00C90087, 0x00870087, 0x00850045,
    0x00450045, 0x00850085, 0x00870087, 0x00870087, 0x00C700C7, 0x00C700C7, 0x00C700C7, 0x00C700C7,
    0x00C700C7, 0x00C700C9, 0x00C700C7, 0x00C900C9, 0x00C900C9, 0x00C900C7, 0x00C70087, 0x00850085,
    0x00450085, 0x00850085, 0x00870087, 0x00870087, 0x00C700C7, 0x00C900C9, 0x00C700C9, 0x00C700C9,
    0x00C900C9, 0x00C900C9, 0x00C900C9, 0x00C900C9, 0x00C900C9, 0x00C900C9, 0x00C900C9, 0x00870087,
    0x00850085, 0x00850087, 0x00870087, 0x008700C7, 0x00C700C7, 0x00C700C9, 0x00C900C9, 0x00C900C9,
    0x00C900C9, 0x00C900C9, 0x00C900C9, 0x00C900C9, 0x00C900C9, 0x00C900C9, 0x00C900C9, 0x00C70087,
    0x00850085, 0x00870087, 0x008700C7, 0x008700C7, 0x00C700C7, 0x00C700C9, 0x00C900C9, 0x00C900C9,
    0x00C900C9, 0x00C900C9, 0x00C900C9, 0x00C900C9, 0x00C900C9, 0x00C900C9, 0x00C900C9, 0x00C90087,
    0x00870087, 0x00870087, 0x00870087, 0x00C700C7, 0x00C700C7, 0x00C700C9, 0x00C900C9, 0x00C900C9,
    0x00C900C9, 0x00C90109, 0x010900C9, 0x01090109, 0x010900C9, 0x00C900C9, 0x00C900C9, 0x00C900C9,
    0x00C700C7, 0x00870087, 0x008700C7, 0x00C700C7, 0x00C700C7, 0x00C900C9, 0x00C900C9, 0x00C900C9,
    0x00C900C9, 0x00C90109, 0x0109010B, 0x010B0109, 0x010900C9, 0x00C900C9, 0x00C900C9, 0x00C900C9,
    0x00C700C7, 0x00C700C7, 0x00C700C7, 0x008700C7, 0x00C700C7, 0x00C700C7, 0x00C900C9, 0x00C900C9,
    0x00C900C9, 0x00C90109, 0x010B010B, 0x010B0109, 0x010900C9, 0x01090109, 0x010900C9, 0x00C900C9,
    0x00C900C7, 0x00C700C7, 0x00C700C7, 0x00C70087, 0x00C700C7, 0x00C700C7, 0x00C700C9, 0x00C900C9,
    0x00C900C9, 0x00C90109, 0x010900C9, 0x010900C9, 0x00C900C9, 0x00C900C9, 0x00C900C9, 0x00C900C9,
    0x00C900C9, 0x00C700C7, 0x00C700C7, 0x008700C7, 0x00870087, 0x008700C7, 0x00C700C9, 0x00C900C9,
    0x00C900C9, 0x00C90109, 0x00C900C9, 0x00C900C9, 0x00C900C9, 0x00C900C9, 0x00C900C9, 0x00C900C9,
    0x00C900C7, 0x00C900C7, 0x00C70087, 0x00870087, 0x00870087, 0x008700C7, 0x00C700C9, 0x00C900C9,
    0x00C900C9, 0x00C900C9, 0x00C900C9, 0x00C900C9, 0x00C900C9, 0x00C900C9, 0x00C900C9, 0x00C900C9,
    0x00C900C7, 0x00C700C7, 0x00870087, 0x00870087, 0x00870087, 0x00870087, 0x00C700C7, 0x00C900C9,
    0x00C900C9, 0x00C900C9, 0x00C900C9, 0x00C900C9, 0x00C900C9, 0x00C900C9, 0x00C900C9, 0x00C900C9,
    0x00C900C7, 0x00C70087, 0x00870087, 0x00870087, 0x00870087, 0x00870087, 0x00C700C7, 0x00C900C9,
    0x00C900C9, 0x00C900C9, 0x00C900C9, 0x00C900C7, 0x008700C7, 0x00C700C7, 0x00C700C9, 0x00C900C9,
    0x00C700C7, 0x00870087, 0x00870087, 0x00850085, 0x00850085, 0x00870087, 0x008700C7, 0x00C700C7,
    0x00C900C9, 0x00C900C9, 0x00C900C7, 0x00C70087, 0x00870087, 0x00870087, 0x00C700C9, 0x00C900C9,
    0x00870087, 0x00870087, 0x00850085, 0x00850085, 0x00850085, 0x00850087, 0x00870087, 0x008700C7,
    0x00C700C7, 0x00C900C7, 0x00C700C7, 0x00870087, 0x00850085, 0x00870087, 0x008700C7, 0x00C700C7,
    0x00870087, 0x00850085, 0x00850085, 0x00850085, 0x00850085, 0x00850085, 0x00850087, 0x00870087,
    0x008700C7, 0x00C700C7, 0x00870087, 0x00850085, 0x00850085, 0x00450085, 0x00850087, 0x00870087,
    0x00850085, 0x00850085, 0x00450043, 0x00450045, 0x00450045, 0x00850085, 0x00850087, 0x00870087,
    0x00870087, 0x00870087, 0x00850085, 0x00850045, 0x00450045, 0x00450045, 0x00850085, 0x00850085,
    0x00450085, 0x00850045, 0x00430043, 0x00450045, 0x00450085, 0x00850085, 0x00850087, 0x00850087,
    0x00870087, 0x00870085, 0x00850045, 0x00450043, 0x00430043, 0x00430043, 0x00430045, 0x00450043,
    0x00430045, 0x00430043, 0x00430043, 0x00430045, 0x00450045, 0x00850085, 0x00850085, 0x00850087,
    0x00850085, 0x00850045, 0x00450043, 0x00430043, 0x00430043, 0x00430043, 0x00430043, 0x00430043,
    0x00430003, 0x00430043, 0x00430043, 0x00430043, 0x00450045, 0x00450085, 0x00850085, 0x00850085,
    0x00850085, 0x00450045, 0x00430043, 0x00430043, 0x00430043, 0x00430003, 0x00030003, 0x00010001,
    0x00030003, 0x00430043, 0x00430043, 0x00450045, 0x00450045, 0x00850085, 0x00850085, 0x00850085,
    0x00850085, 0x00430043, 0x00430043, 0x00430043, 0x00430043, 0x00430043, 0x00030001, 0x00030001,
    0x00030043, 0x00430043, 0x00430043, 0x00450045, 0x00850085, 0x00850085, 0x00850085, 0x00850085,
    0x00450043, 0x00430043, 0x00430043, 0x00430043, 0x00430043, 0x00430003, 0x00030003, 0x00030003,
    0x00430043, 0x00430043, 0x00430045, 0x00450085, 0x00850085, 0x00850087, 0x00870085, 0x00850085,
    0x00850045, 0x00430043, 0x00430043, 0x00430043, 0x00030003,
};
